"paramHeader","param","est","posterior_sd","pval","lower_2.5ci","upper_2.5ci","sig","BetweenWithin","mplus_time","rhatMean","rhatLast"
"Intercepts","X",3.045,0.145,0,2.757,3.327,TRUE,"Between",2,1.00016401299146,1.00016401299146
"Intercepts","Y",1.122,0.074,0,0.979,1.27,TRUE,"Between",2,1.00016401299146,1.00016401299146
"Intercepts","PHI_X",0.229,0.022,0,0.186,0.272,TRUE,"Between",2,1.00016401299146,1.00016401299146
"Intercepts","PHI_Y",0.256,0.022,0,0.212,0.299,TRUE,"Between",2,1.00016401299146,1.00016401299146
"Intercepts","PHI_XY",0.081,0.022,0.001,0.037,0.123,TRUE,"Between",2,1.00016401299146,1.00016401299146
"Intercepts","BETA_YX",0.323,0.029,0,0.265,0.379,TRUE,"Between",2,1.00016401299146,1.00016401299146
"Intercepts","PSI_X",-1.695,0.101,0,-1.894,-1.497,TRUE,"Between",2,1.00016401299146,1.00016401299146
"Intercepts","PSI_Y",-1.426,0.12,0,-1.666,-1.193,TRUE,"Between",2,1.00016401299146,1.00016401299146
