"paramHeader","param","est","posterior_sd","pval","lower_2.5ci","upper_2.5ci","sig","BetweenWithin","mplus_time","rhatMean","rhatLast"
"Intercepts","X",2.785,0.146,0,2.494,3.067,TRUE,"Between",2,1.00018019512939,1.00018019512939
"Intercepts","Y",0.779,0.086,0,0.613,0.95,TRUE,"Between",2,1.00018019512939,1.00018019512939
"Intercepts","PHI_X",0.21,0.024,0,0.164,0.257,TRUE,"Between",2,1.00018019512939,1.00018019512939
"Intercepts","PHI_Y",0.234,0.024,0,0.188,0.282,TRUE,"Between",2,1.00018019512939,1.00018019512939
"Intercepts","PHI_XY",0.049,0.024,0.024,0.001,0.096,TRUE,"Between",2,1.00018019512939,1.00018019512939
"Intercepts","BETA_YX",0.3,0.028,0,0.245,0.356,TRUE,"Between",2,1.00018019512939,1.00018019512939
"Intercepts","PSI_X",-1.74,0.105,0,-1.948,-1.535,TRUE,"Between",2,1.00018019512939,1.00018019512939
"Intercepts","PSI_Y",-1.446,0.102,0,-1.649,-1.247,TRUE,"Between",2,1.00018019512939,1.00018019512939
