"paramHeader","param","est","posterior_sd","pval","lower_2.5ci","upper_2.5ci","sig","BetweenWithin","mplus_time","rhatMean","rhatLast"
"Intercepts","X",3.202,0.118,0,2.962,3.43,TRUE,"Between",2,1.00014934261243,1.00014934261243
"Intercepts","Y",0.901,0.081,0,0.742,1.059,TRUE,"Between",2,1.00014934261243,1.00014934261243
"Intercepts","PHI_X",0.228,0.022,0,0.184,0.27,TRUE,"Between",2,1.00014934261243,1.00014934261243
"Intercepts","PHI_Y",0.26,0.024,0,0.214,0.307,TRUE,"Between",2,1.00014934261243,1.00014934261243
"Intercepts","PHI_XY",0.054,0.024,0.012,0.007,0.103,TRUE,"Between",2,1.00014934261243,1.00014934261243
"Intercepts","BETA_YX",0.304,0.026,0,0.252,0.356,TRUE,"Between",2,1.00014934261243,1.00014934261243
"Intercepts","PSI_X",-1.544,0.11,0,-1.757,-1.33,TRUE,"Between",2,1.00014934261243,1.00014934261243
"Intercepts","PSI_Y",-1.416,0.116,0,-1.649,-1.194,TRUE,"Between",2,1.00014934261243,1.00014934261243
