"paramHeader","param","est","posterior_sd","pval","lower_2.5ci","upper_2.5ci","sig","BetweenWithin","mplus_time","rhatMean","rhatLast"
"Intercepts","X",3.181,0.132,0,2.919,3.435,TRUE,"Between",2,1.00012700848784,1.00012700848784
"Intercepts","Y",1.072,0.072,0,0.931,1.215,TRUE,"Between",2,1.00012700848784,1.00012700848784
"Intercepts","PHI_X",0.192,0.022,0,0.149,0.234,TRUE,"Between",2,1.00012700848784,1.00012700848784
"Intercepts","PHI_Y",0.271,0.021,0,0.228,0.313,TRUE,"Between",2,1.00012700848784,1.00012700848784
"Intercepts","PHI_XY",0.036,0.024,0.065,-0.011,0.083,FALSE,"Between",2,1.00012700848784,1.00012700848784
"Intercepts","BETA_YX",0.31,0.028,0,0.254,0.365,TRUE,"Between",2,1.00012700848784,1.00012700848784
"Intercepts","PSI_X",-1.526,0.09,0,-1.705,-1.35,TRUE,"Between",2,1.00012700848784,1.00012700848784
"Intercepts","PSI_Y",-1.224,0.104,0,-1.432,-1.021,TRUE,"Between",2,1.00012700848784,1.00012700848784
