"paramHeader","param","est","posterior_sd","pval","lower_2.5ci","upper_2.5ci","sig","BetweenWithin","mplus_time","rhatMean","rhatLast"
"Intercepts","X",2.889,0.157,0,2.576,3.194,TRUE,"Between",2,1.0001668707078,1.0001668707078
"Intercepts","Y",1.03,0.081,0,0.873,1.189,TRUE,"Between",2,1.0001668707078,1.0001668707078
"Intercepts","PHI_X",0.173,0.023,0,0.128,0.219,TRUE,"Between",2,1.0001668707078,1.0001668707078
"Intercepts","PHI_Y",0.231,0.023,0,0.186,0.275,TRUE,"Between",2,1.0001668707078,1.0001668707078
"Intercepts","PHI_XY",0.004,0.023,0.433,-0.042,0.05,FALSE,"Between",2,1.0001668707078,1.0001668707078
"Intercepts","BETA_YX",0.265,0.03,0,0.204,0.323,TRUE,"Between",2,1.0001668707078,1.0001668707078
"Intercepts","PSI_X",-1.59,0.099,0,-1.782,-1.396,TRUE,"Between",2,1.0001668707078,1.0001668707078
"Intercepts","PSI_Y",-1.316,0.1,0,-1.516,-1.121,TRUE,"Between",2,1.0001668707078,1.0001668707078
