"paramHeader","param","est","posterior_sd","pval","lower_2.5ci","upper_2.5ci","sig","BetweenWithin","mplus_time","rhatMean","rhatLast"
"Intercepts","X",3.058,0.124,0,2.813,3.295,TRUE,"Between",3,1.00011579194014,1.00011579194014
"Intercepts","Y",0.908,0.079,0,0.756,1.065,TRUE,"Between",3,1.00011579194014,1.00011579194014
"Intercepts","PHI_X",0.2,0.024,0,0.153,0.248,TRUE,"Between",3,1.00011579194014,1.00011579194014
"Intercepts","PHI_Y",0.275,0.024,0,0.229,0.321,TRUE,"Between",3,1.00011579194014,1.00011579194014
"Intercepts","PHI_XY",0.03,0.023,0.087,-0.014,0.076,FALSE,"Between",3,1.00011579194014,1.00011579194014
"Intercepts","BETA_YX",0.282,0.025,0,0.233,0.329,TRUE,"Between",3,1.00011579194014,1.00011579194014
"Intercepts","PSI_X",-1.495,0.112,0,-1.717,-1.275,TRUE,"Between",3,1.00011579194014,1.00011579194014
"Intercepts","PSI_Y",-1.369,0.102,0,-1.573,-1.171,TRUE,"Between",3,1.00011579194014,1.00011579194014
