"paramHeader","param","est","posterior_sd","pval","lower_2.5ci","upper_2.5ci","sig","BetweenWithin","mplus_time","rhatMean","rhatLast"
"Intercepts","X",3.048,0.149,0,2.756,3.333,TRUE,"Between",2,1.00010314008016,1.00010314008016
"Intercepts","Y",1.056,0.075,0,0.908,1.205,TRUE,"Between",2,1.00010314008016,1.00010314008016
"Intercepts","PHI_X",0.207,0.021,0,0.165,0.25,TRUE,"Between",2,1.00010314008016,1.00010314008016
"Intercepts","PHI_Y",0.252,0.025,0,0.202,0.301,TRUE,"Between",2,1.00010314008016,1.00010314008016
"Intercepts","PHI_XY",0.08,0.023,0.001,0.034,0.125,TRUE,"Between",2,1.00010314008016,1.00010314008016
"Intercepts","BETA_YX",0.294,0.026,0,0.244,0.344,TRUE,"Between",2,1.00010314008016,1.00010314008016
"Intercepts","PSI_X",-1.68,0.083,0,-1.842,-1.516,TRUE,"Between",2,1.00010314008016,1.00010314008016
"Intercepts","PSI_Y",-1.486,0.11,0,-1.707,-1.276,TRUE,"Between",2,1.00010314008016,1.00010314008016
