"paramHeader","param","est","posterior_sd","pval","lower_2.5ci","upper_2.5ci","sig","BetweenWithin","mplus_time","rhatMean","rhatLast"
"Intercepts","X",2.868,0.122,0,2.625,3.102,TRUE,"Between",2,1.00018518536313,1.00018518536313
"Intercepts","Y",1.002,0.077,0,0.855,1.154,TRUE,"Between",2,1.00018518536313,1.00018518536313
"Intercepts","PHI_X",0.206,0.022,0,0.162,0.25,TRUE,"Between",2,1.00018518536313,1.00018518536313
"Intercepts","PHI_Y",0.262,0.025,0,0.214,0.31,TRUE,"Between",2,1.00018518536313,1.00018518536313
"Intercepts","PHI_XY",0.05,0.024,0.019,0.003,0.099,TRUE,"Between",2,1.00018518536313,1.00018518536313
"Intercepts","BETA_YX",0.32,0.025,0,0.271,0.37,TRUE,"Between",2,1.00018518536313,1.00018518536313
"Intercepts","PSI_X",-1.587,0.105,0,-1.792,-1.382,TRUE,"Between",2,1.00018518536313,1.00018518536313
"Intercepts","PSI_Y",-1.483,0.122,0,-1.725,-1.248,TRUE,"Between",2,1.00018518536313,1.00018518536313
