"paramHeader","param","est","posterior_sd","pval","lower_2.5ci","upper_2.5ci","sig","BetweenWithin","mplus_time","rhatMean","rhatLast"
"Intercepts","X",3.155,0.134,0,2.891,3.416,TRUE,"Between",2,1.00013987267214,1.00013987267214
"Intercepts","Y",1.139,0.089,0,0.966,1.317,TRUE,"Between",2,1.00013987267214,1.00013987267214
"Intercepts","PHI_X",0.215,0.021,0,0.173,0.258,TRUE,"Between",2,1.00013987267214,1.00013987267214
"Intercepts","PHI_Y",0.246,0.02,0,0.206,0.285,TRUE,"Between",2,1.00013987267214,1.00013987267214
"Intercepts","PHI_XY",0.048,0.024,0.022,0.002,0.095,TRUE,"Between",2,1.00013987267214,1.00013987267214
"Intercepts","BETA_YX",0.288,0.028,0,0.233,0.342,TRUE,"Between",2,1.00013987267214,1.00013987267214
"Intercepts","PSI_X",-1.644,0.099,0,-1.841,-1.45,TRUE,"Between",2,1.00013987267214,1.00013987267214
"Intercepts","PSI_Y",-1.505,0.11,0,-1.725,-1.29,TRUE,"Between",2,1.00013987267214,1.00013987267214
