"paramHeader","param","est","posterior_sd","pval","lower_2.5ci","upper_2.5ci","sig","BetweenWithin","mplus_time","rhatMean","rhatLast"
"Intercepts","X",2.91,0.149,0,2.613,3.197,TRUE,"Between",2,1.00020299107657,1.00020299107657
"Intercepts","Y",0.894,0.085,0,0.726,1.063,TRUE,"Between",2,1.00020299107657,1.00020299107657
"Intercepts","PHI_X",0.19,0.024,0,0.144,0.237,TRUE,"Between",2,1.00020299107657,1.00020299107657
"Intercepts","PHI_Y",0.253,0.022,0,0.21,0.296,TRUE,"Between",2,1.00020299107657,1.00020299107657
"Intercepts","PHI_XY",0.044,0.021,0.018,0.003,0.084,TRUE,"Between",2,1.00020299107657,1.00020299107657
"Intercepts","BETA_YX",0.3,0.025,0,0.25,0.347,TRUE,"Between",2,1.00020299107657,1.00020299107657
"Intercepts","PSI_X",-1.536,0.106,0,-1.745,-1.327,TRUE,"Between",2,1.00020299107657,1.00020299107657
"Intercepts","PSI_Y",-1.21,0.096,0,-1.4,-1.022,TRUE,"Between",2,1.00020299107657,1.00020299107657
