"paramHeader","param","est","posterior_sd","pval","lower_2.5ci","upper_2.5ci","sig","BetweenWithin","mplus_time","rhatMean","rhatLast"
"Intercepts","X",2.79,0.132,0,2.53,3.043,TRUE,"Between",2,1.00016657170428,1.00016657170428
"Intercepts","Y",0.953,0.089,0,0.779,1.129,TRUE,"Between",2,1.00016657170428,1.00016657170428
"Intercepts","PHI_X",0.208,0.022,0,0.165,0.252,TRUE,"Between",2,1.00016657170428,1.00016657170428
"Intercepts","PHI_Y",0.236,0.022,0,0.194,0.278,TRUE,"Between",2,1.00016657170428,1.00016657170428
"Intercepts","PHI_XY",0.053,0.025,0.018,0.003,0.104,TRUE,"Between",2,1.00016657170428,1.00016657170428
"Intercepts","BETA_YX",0.26,0.029,0,0.203,0.316,TRUE,"Between",2,1.00016657170428,1.00016657170428
"Intercepts","PSI_X",-1.663,0.115,0,-1.889,-1.438,TRUE,"Between",2,1.00016657170428,1.00016657170428
"Intercepts","PSI_Y",-1.443,0.106,0,-1.656,-1.237,TRUE,"Between",2,1.00016657170428,1.00016657170428
