"paramHeader","param","est","posterior_sd","pval","lower_2.5ci","upper_2.5ci","sig","BetweenWithin","mplus_time","rhatMean","rhatLast"
"Intercepts","X",2.843,0.151,0,2.544,3.135,TRUE,"Between",2,1.00013324636821,1.00013324636821
"Intercepts","Y",1.115,0.074,0,0.973,1.26,TRUE,"Between",2,1.00013324636821,1.00013324636821
"Intercepts","PHI_X",0.222,0.023,0,0.176,0.269,TRUE,"Between",2,1.00013324636821,1.00013324636821
"Intercepts","PHI_Y",0.246,0.021,0,0.203,0.288,TRUE,"Between",2,1.00013324636821,1.00013324636821
"Intercepts","PHI_XY",0.059,0.023,0.004,0.014,0.105,TRUE,"Between",2,1.00013324636821,1.00013324636821
"Intercepts","BETA_YX",0.325,0.028,0,0.27,0.379,TRUE,"Between",2,1.00013324636821,1.00013324636821
"Intercepts","PSI_X",-1.644,0.114,0,-1.867,-1.422,TRUE,"Between",2,1.00013324636821,1.00013324636821
"Intercepts","PSI_Y",-1.232,0.113,0,-1.459,-1.012,TRUE,"Between",2,1.00013324636821,1.00013324636821
