"paramHeader","param","est","posterior_sd","pval","lower_2.5ci","upper_2.5ci","sig","BetweenWithin","mplus_time","rhatMean","rhatLast"
"Intercepts","X",3.048,0.131,0,2.791,3.303,TRUE,"Between",2,1.00024681794679,1.00024681794679
"Intercepts","Y",0.975,0.082,0,0.815,1.138,TRUE,"Between",2,1.00024681794679,1.00024681794679
"Intercepts","PHI_X",0.215,0.022,0,0.173,0.258,TRUE,"Between",2,1.00024681794679,1.00024681794679
"Intercepts","PHI_Y",0.268,0.024,0,0.22,0.315,TRUE,"Between",2,1.00024681794679,1.00024681794679
"Intercepts","PHI_XY",0.047,0.025,0.034,-0.003,0.096,FALSE,"Between",2,1.00024681794679,1.00024681794679
"Intercepts","BETA_YX",0.306,0.024,0,0.259,0.355,TRUE,"Between",2,1.00024681794679,1.00024681794679
"Intercepts","PSI_X",-1.539,0.102,0,-1.742,-1.338,TRUE,"Between",2,1.00024681794679,1.00024681794679
"Intercepts","PSI_Y",-1.413,0.093,0,-1.6,-1.232,TRUE,"Between",2,1.00024681794679,1.00024681794679
