"paramHeader","param","est","posterior_sd","pval","lower_2.5ci","upper_2.5ci","sig","BetweenWithin","mplus_time","rhatMean","rhatLast"
"Intercepts","X",2.895,0.142,0,2.612,3.169,TRUE,"Between",2,1.00012366978118,1.00012366978118
"Intercepts","Y",1.146,0.076,0,0.997,1.295,TRUE,"Between",2,1.00012366978118,1.00012366978118
"Intercepts","PHI_X",0.205,0.02,0,0.167,0.245,TRUE,"Between",2,1.00012366978118,1.00012366978118
"Intercepts","PHI_Y",0.244,0.022,0,0.201,0.287,TRUE,"Between",2,1.00012366978118,1.00012366978118
"Intercepts","PHI_XY",0.077,0.022,0.001,0.034,0.119,TRUE,"Between",2,1.00012366978118,1.00012366978118
"Intercepts","BETA_YX",0.287,0.028,0,0.233,0.34,TRUE,"Between",2,1.00012366978118,1.00012366978118
"Intercepts","PSI_X",-1.613,0.111,0,-1.831,-1.397,TRUE,"Between",2,1.00012366978118,1.00012366978118
"Intercepts","PSI_Y",-1.38,0.109,0,-1.596,-1.169,TRUE,"Between",2,1.00012366978118,1.00012366978118
