"paramHeader","param","est","posterior_sd","pval","lower_2.5ci","upper_2.5ci","sig","BetweenWithin","mplus_time","rhatMean","rhatLast"
"Intercepts","X",3.003,0.128,0,2.749,3.252,TRUE,"Between",2,1.00013484204223,1.00013484204223
"Intercepts","Y",1.044,0.081,0,0.887,1.208,TRUE,"Between",2,1.00013484204223,1.00013484204223
"Intercepts","PHI_X",0.146,0.023,0,0.101,0.191,TRUE,"Between",2,1.00013484204223,1.00013484204223
"Intercepts","PHI_Y",0.256,0.024,0,0.208,0.303,TRUE,"Between",2,1.00013484204223,1.00013484204223
"Intercepts","PHI_XY",0.082,0.022,0,0.037,0.124,TRUE,"Between",2,1.00013484204223,1.00013484204223
"Intercepts","BETA_YX",0.308,0.028,0,0.254,0.362,TRUE,"Between",2,1.00013484204223,1.00013484204223
"Intercepts","PSI_X",-1.542,0.103,0,-1.742,-1.339,TRUE,"Between",2,1.00013484204223,1.00013484204223
"Intercepts","PSI_Y",-1.402,0.109,0,-1.619,-1.188,TRUE,"Between",2,1.00013484204223,1.00013484204223
