"paramHeader","param","est","posterior_sd","pval","lower_2.5ci","upper_2.5ci","sig","BetweenWithin","mplus_time","rhatMean","rhatLast"
"Intercepts","X",2.945,0.127,0,2.696,3.193,TRUE,"Between",2,1.00012920325126,1.00012920325126
"Intercepts","Y",1.034,0.084,0,0.871,1.202,TRUE,"Between",2,1.00012920325126,1.00012920325126
"Intercepts","PHI_X",0.21,0.021,0,0.17,0.249,TRUE,"Between",2,1.00012920325126,1.00012920325126
"Intercepts","PHI_Y",0.234,0.024,0,0.188,0.281,TRUE,"Between",2,1.00012920325126,1.00012920325126
"Intercepts","PHI_XY",0.076,0.024,0.001,0.028,0.123,TRUE,"Between",2,1.00012920325126,1.00012920325126
"Intercepts","BETA_YX",0.267,0.03,0,0.208,0.326,TRUE,"Between",2,1.00012920325126,1.00012920325126
"Intercepts","PSI_X",-1.577,0.106,0,-1.783,-1.369,TRUE,"Between",2,1.00012920325126,1.00012920325126
"Intercepts","PSI_Y",-1.5,0.11,0,-1.718,-1.287,TRUE,"Between",2,1.00012920325126,1.00012920325126
