"paramHeader","param","est","posterior_sd","pval","lower_2.5ci","upper_2.5ci","sig","BetweenWithin","mplus_time","rhatMean","rhatLast"
"Intercepts","X",3.068,0.13,0,2.81,3.318,TRUE,"Between",2,1.00069406215189,1.00069406215189
"Intercepts","Y",0.971,0.083,0,0.808,1.135,TRUE,"Between",2,1.00069406215189,1.00069406215189
"Intercepts","PHI_X",0.211,0.022,0,0.168,0.255,TRUE,"Between",2,1.00069406215189,1.00069406215189
"Intercepts","PHI_Y",0.26,0.02,0,0.22,0.299,TRUE,"Between",2,1.00069406215189,1.00069406215189
"Intercepts","PHI_XY",0.017,0.024,0.24,-0.031,0.064,FALSE,"Between",2,1.00069406215189,1.00069406215189
"Intercepts","BETA_YX",0.327,0.027,0,0.273,0.379,TRUE,"Between",2,1.00069406215189,1.00069406215189
"Intercepts","PSI_X",-1.632,0.106,0,-1.841,-1.425,TRUE,"Between",2,1.00069406215189,1.00069406215189
"Intercepts","PSI_Y",-1.35,0.102,0,-1.553,-1.153,TRUE,"Between",2,1.00069406215189,1.00069406215189
