"paramHeader","param","est","posterior_sd","pval","lower_2.5ci","upper_2.5ci","sig","BetweenWithin","mplus_time","rhatMean","rhatLast"
"Intercepts","X",2.823,0.127,0,2.57,3.069,TRUE,"Between",3,1.00019381820283,1.00019381820283
"Intercepts","Y",0.924,0.085,0,0.757,1.092,TRUE,"Between",3,1.00019381820283,1.00019381820283
"Intercepts","PHI_X",0.166,0.026,0,0.116,0.216,TRUE,"Between",3,1.00019381820283,1.00019381820283
"Intercepts","PHI_Y",0.253,0.023,0,0.21,0.297,TRUE,"Between",3,1.00019381820283,1.00019381820283
"Intercepts","PHI_XY",0.073,0.02,0.001,0.033,0.114,TRUE,"Between",3,1.00019381820283,1.00019381820283
"Intercepts","BETA_YX",0.281,0.03,0,0.222,0.342,TRUE,"Between",3,1.00019381820283,1.00019381820283
"Intercepts","PSI_X",-1.613,0.096,0,-1.802,-1.425,TRUE,"Between",3,1.00019381820283,1.00019381820283
"Intercepts","PSI_Y",-1.427,0.106,0,-1.638,-1.221,TRUE,"Between",3,1.00019381820283,1.00019381820283
