"paramHeader","param","est","posterior_sd","pval","lower_2.5ci","upper_2.5ci","sig","BetweenWithin","mplus_time","rhatMean","rhatLast"
"Intercepts","X",2.912,0.136,0,2.641,3.176,TRUE,"Between",2,1.00023012821235,1.00023012821235
"Intercepts","Y",0.94,0.074,0,0.796,1.088,TRUE,"Between",2,1.00023012821235,1.00023012821235
"Intercepts","PHI_X",0.178,0.021,0,0.136,0.22,TRUE,"Between",2,1.00023012821235,1.00023012821235
"Intercepts","PHI_Y",0.269,0.021,0,0.227,0.31,TRUE,"Between",2,1.00023012821235,1.00023012821235
"Intercepts","PHI_XY",0.054,0.024,0.012,0.007,0.101,TRUE,"Between",2,1.00023012821235,1.00023012821235
"Intercepts","BETA_YX",0.349,0.025,0,0.299,0.399,TRUE,"Between",2,1.00023012821235,1.00023012821235
"Intercepts","PSI_X",-1.666,0.108,0,-1.877,-1.454,TRUE,"Between",2,1.00023012821235,1.00023012821235
"Intercepts","PSI_Y",-1.53,0.117,0,-1.768,-1.305,TRUE,"Between",2,1.00023012821235,1.00023012821235
