"paramHeader","param","est","posterior_sd","pval","lower_2.5ci","upper_2.5ci","sig","BetweenWithin","mplus_time","rhatMean","rhatLast"
"Intercepts","X",3.052,0.14,0,2.779,3.324,TRUE,"Between",2,1.00014531231224,1.00014531231224
"Intercepts","Y",0.994,0.079,0,0.84,1.149,TRUE,"Between",2,1.00014531231224,1.00014531231224
"Intercepts","PHI_X",0.171,0.021,0,0.131,0.213,TRUE,"Between",2,1.00014531231224,1.00014531231224
"Intercepts","PHI_Y",0.295,0.021,0,0.252,0.337,TRUE,"Between",2,1.00014531231224,1.00014531231224
"Intercepts","PHI_XY",0.089,0.021,0,0.047,0.13,TRUE,"Between",2,1.00014531231224,1.00014531231224
"Intercepts","BETA_YX",0.3,0.028,0,0.245,0.356,TRUE,"Between",2,1.00014531231224,1.00014531231224
"Intercepts","PSI_X",-1.543,0.105,0,-1.75,-1.339,TRUE,"Between",2,1.00014531231224,1.00014531231224
"Intercepts","PSI_Y",-1.326,0.112,0,-1.55,-1.105,TRUE,"Between",2,1.00014531231224,1.00014531231224
