"paramHeader","param","est","posterior_sd","pval","lower_2.5ci","upper_2.5ci","sig","BetweenWithin","mplus_time","rhatMean","rhatLast"
"Intercepts","X",2.833,0.136,0,2.563,3.099,TRUE,"Between",2,1.00013975681022,1.00013975681022
"Intercepts","Y",1.012,0.085,0,0.845,1.181,TRUE,"Between",2,1.00013975681022,1.00013975681022
"Intercepts","PHI_X",0.185,0.024,0,0.138,0.232,TRUE,"Between",2,1.00013975681022,1.00013975681022
"Intercepts","PHI_Y",0.203,0.02,0,0.163,0.243,TRUE,"Between",2,1.00013975681022,1.00013975681022
"Intercepts","PHI_XY",0.081,0.025,0.001,0.032,0.131,TRUE,"Between",2,1.00013975681022,1.00013975681022
"Intercepts","BETA_YX",0.328,0.025,0,0.279,0.376,TRUE,"Between",2,1.00013975681022,1.00013975681022
"Intercepts","PSI_X",-1.555,0.112,0,-1.776,-1.336,TRUE,"Between",2,1.00013975681022,1.00013975681022
"Intercepts","PSI_Y",-1.208,0.109,0,-1.427,-0.995,TRUE,"Between",2,1.00013975681022,1.00013975681022
