"paramHeader","param","est","posterior_sd","pval","lower_2.5ci","upper_2.5ci","sig","BetweenWithin","mplus_time","rhatMean","rhatLast"
"Intercepts","X",2.959,0.13,0,2.703,3.21,TRUE,"Between",2,1.0001366637132,1.0001366637132
"Intercepts","Y",1.026,0.081,0,0.867,1.189,TRUE,"Between",2,1.0001366637132,1.0001366637132
"Intercepts","PHI_X",0.145,0.021,0,0.104,0.186,TRUE,"Between",2,1.0001366637132,1.0001366637132
"Intercepts","PHI_Y",0.261,0.025,0,0.213,0.309,TRUE,"Between",2,1.0001366637132,1.0001366637132
"Intercepts","PHI_XY",0.066,0.022,0.002,0.023,0.111,TRUE,"Between",2,1.0001366637132,1.0001366637132
"Intercepts","BETA_YX",0.344,0.027,0,0.292,0.397,TRUE,"Between",2,1.0001366637132,1.0001366637132
"Intercepts","PSI_X",-1.624,0.106,0,-1.832,-1.413,TRUE,"Between",2,1.0001366637132,1.0001366637132
"Intercepts","PSI_Y",-1.563,0.1,0,-1.764,-1.369,TRUE,"Between",2,1.0001366637132,1.0001366637132
