"paramHeader","param","est","posterior_sd","pval","lower_2.5ci","upper_2.5ci","sig","BetweenWithin","mplus_time","rhatMean","rhatLast"
"Intercepts","X",3.268,0.149,0,2.972,3.556,TRUE,"Between",2,1.00017055043606,1.00017055043606
"Intercepts","Y",1.049,0.092,0,0.871,1.234,TRUE,"Between",2,1.00017055043606,1.00017055043606
"Intercepts","PHI_X",0.186,0.02,0,0.147,0.225,TRUE,"Between",2,1.00017055043606,1.00017055043606
"Intercepts","PHI_Y",0.216,0.021,0,0.176,0.258,TRUE,"Between",2,1.00017055043606,1.00017055043606
"Intercepts","PHI_XY",0.047,0.022,0.017,0.004,0.09,TRUE,"Between",2,1.00017055043606,1.00017055043606
"Intercepts","BETA_YX",0.254,0.03,0,0.194,0.314,TRUE,"Between",2,1.00017055043606,1.00017055043606
"Intercepts","PSI_X",-1.483,0.105,0,-1.693,-1.274,TRUE,"Between",2,1.00017055043606,1.00017055043606
"Intercepts","PSI_Y",-1.412,0.1,0,-1.612,-1.218,TRUE,"Between",2,1.00017055043606,1.00017055043606
