"paramHeader","param","est","posterior_sd","pval","lower_2.5ci","upper_2.5ci","sig","BetweenWithin","mplus_time","rhatMean","rhatLast"
"Intercepts","X",2.964,0.149,0,2.67,3.248,TRUE,"Between",2,1.00020103231583,1.00020103231583
"Intercepts","Y",0.881,0.085,0,0.714,1.05,TRUE,"Between",2,1.00020103231583,1.00020103231583
"Intercepts","PHI_X",0.22,0.022,0,0.178,0.263,TRUE,"Between",2,1.00020103231583,1.00020103231583
"Intercepts","PHI_Y",0.249,0.022,0,0.206,0.292,TRUE,"Between",2,1.00020103231583,1.00020103231583
"Intercepts","PHI_XY",0.007,0.027,0.393,-0.046,0.06,FALSE,"Between",2,1.00020103231583,1.00020103231583
"Intercepts","BETA_YX",0.288,0.026,0,0.237,0.339,TRUE,"Between",2,1.00020103231583,1.00020103231583
"Intercepts","PSI_X",-1.756,0.114,0,-1.982,-1.534,TRUE,"Between",2,1.00020103231583,1.00020103231583
"Intercepts","PSI_Y",-1.273,0.103,0,-1.48,-1.073,TRUE,"Between",2,1.00020103231583,1.00020103231583
