"paramHeader","param","est","posterior_sd","pval","lower_2.5ci","upper_2.5ci","sig","BetweenWithin","mplus_time","rhatMean","rhatLast"
"Intercepts","X",3.008,0.133,0,2.747,3.265,TRUE,"Between",2,1.00020949336692,1.00020949336692
"Intercepts","Y",1.116,0.081,0,0.958,1.276,TRUE,"Between",2,1.00020949336692,1.00020949336692
"Intercepts","PHI_X",0.209,0.019,0,0.173,0.247,TRUE,"Between",2,1.00020949336692,1.00020949336692
"Intercepts","PHI_Y",0.234,0.025,0,0.186,0.283,TRUE,"Between",2,1.00020949336692,1.00020949336692
"Intercepts","PHI_XY",0.062,0.024,0.005,0.014,0.109,TRUE,"Between",2,1.00020949336692,1.00020949336692
"Intercepts","BETA_YX",0.284,0.031,0,0.225,0.345,TRUE,"Between",2,1.00020949336692,1.00020949336692
"Intercepts","PSI_X",-1.581,0.099,0,-1.774,-1.389,TRUE,"Between",2,1.00020949336692,1.00020949336692
"Intercepts","PSI_Y",-1.325,0.11,0,-1.545,-1.111,TRUE,"Between",2,1.00020949336692,1.00020949336692
