"paramHeader","param","est","posterior_sd","pval","lower_2.5ci","upper_2.5ci","sig","BetweenWithin","mplus_time","rhatMean","rhatLast"
"Intercepts","X",3.076,0.139,0,2.798,3.345,TRUE,"Between",2,1.00010062373731,1.00010062373731
"Intercepts","Y",1.034,0.081,0,0.878,1.194,TRUE,"Between",2,1.00010062373731,1.00010062373731
"Intercepts","PHI_X",0.164,0.022,0,0.122,0.207,TRUE,"Between",2,1.00010062373731,1.00010062373731
"Intercepts","PHI_Y",0.264,0.026,0,0.212,0.315,TRUE,"Between",2,1.00010062373731,1.00010062373731
"Intercepts","PHI_XY",0.033,0.025,0.089,-0.016,0.083,FALSE,"Between",2,1.00010062373731,1.00010062373731
"Intercepts","BETA_YX",0.321,0.025,0,0.272,0.371,TRUE,"Between",2,1.00010062373731,1.00010062373731
"Intercepts","PSI_X",-1.539,0.091,0,-1.716,-1.363,TRUE,"Between",2,1.00010062373731,1.00010062373731
"Intercepts","PSI_Y",-1.415,0.096,0,-1.609,-1.225,TRUE,"Between",2,1.00010062373731,1.00010062373731
