"paramHeader","param","est","posterior_sd","pval","lower_2.5ci","upper_2.5ci","sig","BetweenWithin","mplus_time","rhatMean","rhatLast"
"Intercepts","X",3.077,0.149,0,2.783,3.365,TRUE,"Between",2,1.000232824975,1.000232824975
"Intercepts","Y",0.948,0.075,0,0.8,1.096,TRUE,"Between",2,1.000232824975,1.000232824975
"Intercepts","PHI_X",0.15,0.02,0,0.11,0.189,TRUE,"Between",2,1.000232824975,1.000232824975
"Intercepts","PHI_Y",0.256,0.023,0,0.21,0.3,TRUE,"Between",2,1.000232824975,1.000232824975
"Intercepts","PHI_XY",0.053,0.023,0.009,0.008,0.098,TRUE,"Between",2,1.000232824975,1.000232824975
"Intercepts","BETA_YX",0.367,0.033,0,0.304,0.432,TRUE,"Between",2,1.000232824975,1.000232824975
"Intercepts","PSI_X",-1.422,0.099,0,-1.617,-1.225,TRUE,"Between",2,1.000232824975,1.000232824975
"Intercepts","PSI_Y",-1.53,0.102,0,-1.734,-1.333,TRUE,"Between",2,1.000232824975,1.000232824975
