"paramHeader","param","est","posterior_sd","pval","lower_2.5ci","upper_2.5ci","sig","BetweenWithin","mplus_time","rhatMean","rhatLast"
"Intercepts","X",2.959,0.137,0,2.686,3.225,TRUE,"Between",2,1.00013933218312,1.00013933218312
"Intercepts","Y",1.068,0.081,0,0.909,1.229,TRUE,"Between",2,1.00013933218312,1.00013933218312
"Intercepts","PHI_X",0.2,0.02,0,0.161,0.24,TRUE,"Between",2,1.00013933218312,1.00013933218312
"Intercepts","PHI_Y",0.248,0.024,0,0.202,0.295,TRUE,"Between",2,1.00013933218312,1.00013933218312
"Intercepts","PHI_XY",0.072,0.021,0.001,0.031,0.114,TRUE,"Between",2,1.00013933218312,1.00013933218312
"Intercepts","BETA_YX",0.307,0.027,0,0.253,0.359,TRUE,"Between",2,1.00013933218312,1.00013933218312
"Intercepts","PSI_X",-1.631,0.108,0,-1.845,-1.42,TRUE,"Between",2,1.00013933218312,1.00013933218312
"Intercepts","PSI_Y",-1.478,0.098,0,-1.676,-1.287,TRUE,"Between",2,1.00013933218312,1.00013933218312
