"paramHeader","param","est","posterior_sd","pval","lower_2.5ci","upper_2.5ci","sig","BetweenWithin","mplus_time","rhatMean","rhatLast"
"Intercepts","X",3.146,0.113,0,2.924,3.367,TRUE,"Between",2,1.00018755902822,1.00018755902822
"Intercepts","Y",1.076,0.086,0,0.908,1.25,TRUE,"Between",2,1.00018755902822,1.00018755902822
"Intercepts","PHI_X",0.244,0.02,0,0.203,0.284,TRUE,"Between",2,1.00018755902822,1.00018755902822
"Intercepts","PHI_Y",0.244,0.025,0,0.195,0.293,TRUE,"Between",2,1.00018755902822,1.00018755902822
"Intercepts","PHI_XY",0.066,0.024,0.004,0.017,0.114,TRUE,"Between",2,1.00018755902822,1.00018755902822
"Intercepts","BETA_YX",0.301,0.025,0,0.255,0.351,TRUE,"Between",2,1.00018755902822,1.00018755902822
"Intercepts","PSI_X",-1.743,0.098,0,-1.936,-1.552,TRUE,"Between",2,1.00018755902822,1.00018755902822
"Intercepts","PSI_Y",-1.465,0.102,0,-1.667,-1.267,TRUE,"Between",2,1.00018755902822,1.00018755902822
