"paramHeader","param","est","posterior_sd","pval","lower_2.5ci","upper_2.5ci","sig","BetweenWithin","mplus_time","rhatMean","rhatLast"
"Intercepts","X",2.87,0.131,0,2.61,3.126,TRUE,"Between",3,1.0001317704498,1.0001317704498
"Intercepts","Y",0.955,0.078,0,0.801,1.111,TRUE,"Between",3,1.0001317704498,1.0001317704498
"Intercepts","PHI_X",0.183,0.025,0,0.135,0.231,TRUE,"Between",3,1.0001317704498,1.0001317704498
"Intercepts","PHI_Y",0.242,0.024,0,0.195,0.29,TRUE,"Between",3,1.0001317704498,1.0001317704498
"Intercepts","PHI_XY",0.079,0.024,0.001,0.034,0.126,TRUE,"Between",3,1.0001317704498,1.0001317704498
"Intercepts","BETA_YX",0.344,0.029,0,0.287,0.401,TRUE,"Between",3,1.0001317704498,1.0001317704498
"Intercepts","PSI_X",-1.46,0.1,0,-1.655,-1.262,TRUE,"Between",3,1.0001317704498,1.0001317704498
"Intercepts","PSI_Y",-1.638,0.098,0,-1.832,-1.446,TRUE,"Between",3,1.0001317704498,1.0001317704498
