"paramHeader","param","est","posterior_sd","pval","lower_2.5ci","upper_2.5ci","sig","BetweenWithin","mplus_time","rhatMean","rhatLast"
"Intercepts","X",3.072,0.151,0,2.77,3.364,TRUE,"Between",2,1.00017240745149,1.00017240745149
"Intercepts","Y",1.115,0.08,0,0.961,1.276,TRUE,"Between",2,1.00017240745149,1.00017240745149
"Intercepts","PHI_X",0.203,0.02,0,0.163,0.243,TRUE,"Between",2,1.00017240745149,1.00017240745149
"Intercepts","PHI_Y",0.258,0.022,0,0.215,0.3,TRUE,"Between",2,1.00017240745149,1.00017240745149
"Intercepts","PHI_XY",0.053,0.022,0.009,0.01,0.095,TRUE,"Between",2,1.00017240745149,1.00017240745149
"Intercepts","BETA_YX",0.296,0.026,0,0.246,0.347,TRUE,"Between",2,1.00017240745149,1.00017240745149
"Intercepts","PSI_X",-1.749,0.098,0,-1.941,-1.556,TRUE,"Between",2,1.00017240745149,1.00017240745149
"Intercepts","PSI_Y",-1.433,0.099,0,-1.631,-1.243,TRUE,"Between",2,1.00017240745149,1.00017240745149
