"paramHeader","param","est","posterior_sd","pval","lower_2.5ci","upper_2.5ci","sig","BetweenWithin","mplus_time","rhatMean","rhatLast"
"Intercepts","X",3.066,0.138,0,2.792,3.333,TRUE,"Between",2,1.00014054361704,1.00014054361704
"Intercepts","Y",0.985,0.093,0,0.801,1.171,TRUE,"Between",2,1.00014054361704,1.00014054361704
"Intercepts","PHI_X",0.209,0.021,0,0.167,0.251,TRUE,"Between",2,1.00014054361704,1.00014054361704
"Intercepts","PHI_Y",0.22,0.023,0,0.175,0.266,TRUE,"Between",2,1.00014054361704,1.00014054361704
"Intercepts","PHI_XY",0.032,0.021,0.06,-0.009,0.071,FALSE,"Between",2,1.00014054361704,1.00014054361704
"Intercepts","BETA_YX",0.29,0.028,0,0.235,0.344,TRUE,"Between",2,1.00014054361704,1.00014054361704
"Intercepts","PSI_X",-1.556,0.087,0,-1.727,-1.387,TRUE,"Between",2,1.00014054361704,1.00014054361704
"Intercepts","PSI_Y",-1.517,0.11,0,-1.738,-1.301,TRUE,"Between",2,1.00014054361704,1.00014054361704
