"paramHeader","param","est","posterior_sd","pval","lower_2.5ci","upper_2.5ci","sig","BetweenWithin","mplus_time","rhatMean","rhatLast"
"Intercepts","X",3.088,0.148,0,2.796,3.376,TRUE,"Between",2,1.00013566583297,1.00013566583297
"Intercepts","Y",0.944,0.085,0,0.778,1.115,TRUE,"Between",2,1.00013566583297,1.00013566583297
"Intercepts","PHI_X",0.171,0.023,0,0.127,0.217,TRUE,"Between",2,1.00013566583297,1.00013566583297
"Intercepts","PHI_Y",0.238,0.022,0,0.194,0.281,TRUE,"Between",2,1.00013566583297,1.00013566583297
"Intercepts","PHI_XY",0.09,0.027,0.001,0.036,0.143,TRUE,"Between",2,1.00013566583297,1.00013566583297
"Intercepts","BETA_YX",0.258,0.028,0,0.203,0.312,TRUE,"Between",2,1.00013566583297,1.00013566583297
"Intercepts","PSI_X",-1.469,0.097,0,-1.658,-1.28,TRUE,"Between",2,1.00013566583297,1.00013566583297
"Intercepts","PSI_Y",-1.305,0.102,0,-1.51,-1.106,TRUE,"Between",2,1.00013566583297,1.00013566583297
