"paramHeader","param","est","posterior_sd","pval","lower_2.5ci","upper_2.5ci","sig","BetweenWithin","mplus_time","rhatMean","rhatLast"
"Intercepts","X",2.985,0.148,0,2.692,3.271,TRUE,"Between",2,1.00012004586627,1.00012004586627
"Intercepts","Y",1.137,0.074,0,0.99,1.285,TRUE,"Between",2,1.00012004586627,1.00012004586627
"Intercepts","PHI_X",0.187,0.022,0,0.144,0.23,TRUE,"Between",2,1.00012004586627,1.00012004586627
"Intercepts","PHI_Y",0.287,0.024,0,0.241,0.333,TRUE,"Between",2,1.00012004586627,1.00012004586627
"Intercepts","PHI_XY",0.007,0.022,0.37,-0.036,0.05,FALSE,"Between",2,1.00012004586627,1.00012004586627
"Intercepts","BETA_YX",0.245,0.023,0,0.199,0.291,TRUE,"Between",2,1.00012004586627,1.00012004586627
"Intercepts","PSI_X",-1.415,0.095,0,-1.601,-1.228,TRUE,"Between",2,1.00012004586627,1.00012004586627
"Intercepts","PSI_Y",-1.262,0.101,0,-1.465,-1.065,TRUE,"Between",2,1.00012004586627,1.00012004586627
