"paramHeader","param","est","posterior_sd","pval","lower_2.5ci","upper_2.5ci","sig","BetweenWithin","mplus_time","rhatMean","rhatLast"
"Intercepts","X",3.199,0.123,0,2.956,3.437,TRUE,"Between",2,1.00013922371786,1.00013922371786
"Intercepts","Y",1.074,0.08,0,0.92,1.234,TRUE,"Between",2,1.00013922371786,1.00013922371786
"Intercepts","PHI_X",0.185,0.023,0,0.14,0.231,TRUE,"Between",2,1.00013922371786,1.00013922371786
"Intercepts","PHI_Y",0.219,0.023,0,0.175,0.264,TRUE,"Between",2,1.00013922371786,1.00013922371786
"Intercepts","PHI_XY",0.094,0.023,0,0.048,0.14,TRUE,"Between",2,1.00013922371786,1.00013922371786
"Intercepts","BETA_YX",0.276,0.031,0,0.216,0.337,TRUE,"Between",2,1.00013922371786,1.00013922371786
"Intercepts","PSI_X",-1.439,0.111,0,-1.658,-1.222,TRUE,"Between",2,1.00013922371786,1.00013922371786
"Intercepts","PSI_Y",-1.491,0.109,0,-1.71,-1.279,TRUE,"Between",2,1.00013922371786,1.00013922371786
