"paramHeader","param","est","posterior_sd","pval","lower_2.5ci","upper_2.5ci","sig","BetweenWithin","mplus_time","rhatMean","rhatLast"
"Intercepts","X",2.962,0.148,0,2.666,3.247,TRUE,"Between",2,1.0001526421223,1.0001526421223
"Intercepts","Y",1.116,0.079,0,0.961,1.275,TRUE,"Between",2,1.0001526421223,1.0001526421223
"Intercepts","PHI_X",0.218,0.019,0,0.18,0.256,TRUE,"Between",2,1.0001526421223,1.0001526421223
"Intercepts","PHI_Y",0.245,0.024,0,0.199,0.292,TRUE,"Between",2,1.0001526421223,1.0001526421223
"Intercepts","PHI_XY",0.04,0.022,0.039,-0.005,0.083,FALSE,"Between",2,1.0001526421223,1.0001526421223
"Intercepts","BETA_YX",0.314,0.027,0,0.26,0.366,TRUE,"Between",2,1.0001526421223,1.0001526421223
"Intercepts","PSI_X",-1.616,0.1,0,-1.814,-1.42,TRUE,"Between",2,1.0001526421223,1.0001526421223
"Intercepts","PSI_Y",-1.48,0.101,0,-1.68,-1.283,TRUE,"Between",2,1.0001526421223,1.0001526421223
