"paramHeader","param","est","posterior_sd","pval","lower_2.5ci","upper_2.5ci","sig","BetweenWithin","mplus_time","rhatMean","rhatLast"
"Intercepts","X",2.812,0.129,0,2.557,3.062,TRUE,"Between",2,1.00011757900667,1.00011757900667
"Intercepts","Y",0.848,0.085,0,0.68,1.017,TRUE,"Between",2,1.00011757900667,1.00011757900667
"Intercepts","PHI_X",0.203,0.02,0,0.164,0.243,TRUE,"Between",2,1.00011757900667,1.00011757900667
"Intercepts","PHI_Y",0.252,0.023,0,0.207,0.297,TRUE,"Between",2,1.00011757900667,1.00011757900667
"Intercepts","PHI_XY",0.066,0.027,0.006,0.012,0.118,TRUE,"Between",2,1.00011757900667,1.00011757900667
"Intercepts","BETA_YX",0.275,0.028,0,0.22,0.331,TRUE,"Between",2,1.00011757900667,1.00011757900667
"Intercepts","PSI_X",-1.476,0.085,0,-1.644,-1.311,TRUE,"Between",2,1.00011757900667,1.00011757900667
"Intercepts","PSI_Y",-1.318,0.108,0,-1.534,-1.109,TRUE,"Between",2,1.00011757900667,1.00011757900667
