"paramHeader","param","est","posterior_sd","pval","lower_2.5ci","upper_2.5ci","sig","BetweenWithin","mplus_time","rhatMean","rhatLast"
"Intercepts","X",2.799,0.145,0,2.511,3.081,TRUE,"Between",3,1.0001796923959,1.0001796923959
"Intercepts","Y",0.921,0.065,0,0.793,1.051,TRUE,"Between",3,1.0001796923959,1.0001796923959
"Intercepts","PHI_X",0.217,0.019,0,0.18,0.254,TRUE,"Between",3,1.0001796923959,1.0001796923959
"Intercepts","PHI_Y",0.241,0.022,0,0.197,0.284,TRUE,"Between",3,1.0001796923959,1.0001796923959
"Intercepts","PHI_XY",0.041,0.021,0.024,0,0.081,TRUE,"Between",3,1.0001796923959,1.0001796923959
"Intercepts","BETA_YX",0.274,0.028,0,0.22,0.329,TRUE,"Between",3,1.0001796923959,1.0001796923959
"Intercepts","PSI_X",-1.537,0.103,0,-1.741,-1.334,TRUE,"Between",3,1.0001796923959,1.0001796923959
"Intercepts","PSI_Y",-1.211,0.094,0,-1.399,-1.027,TRUE,"Between",3,1.0001796923959,1.0001796923959
