"paramHeader","param","est","posterior_sd","pval","lower_2.5ci","upper_2.5ci","sig","BetweenWithin","mplus_time","rhatMean","rhatLast"
"Intercepts","X",3.036,0.137,0,2.763,3.301,TRUE,"Between",2,1.00017823199534,1.00017823199534
"Intercepts","Y",1.067,0.078,0,0.917,1.222,TRUE,"Between",2,1.00017823199534,1.00017823199534
"Intercepts","PHI_X",0.23,0.02,0,0.191,0.27,TRUE,"Between",2,1.00017823199534,1.00017823199534
"Intercepts","PHI_Y",0.256,0.023,0,0.211,0.3,TRUE,"Between",2,1.00017823199534,1.00017823199534
"Intercepts","PHI_XY",0.032,0.023,0.079,-0.012,0.078,FALSE,"Between",2,1.00017823199534,1.00017823199534
"Intercepts","BETA_YX",0.334,0.027,0,0.281,0.388,TRUE,"Between",2,1.00017823199534,1.00017823199534
"Intercepts","PSI_X",-1.606,0.099,0,-1.801,-1.414,TRUE,"Between",2,1.00017823199534,1.00017823199534
"Intercepts","PSI_Y",-1.457,0.102,0,-1.66,-1.258,TRUE,"Between",2,1.00017823199534,1.00017823199534
