"paramHeader","param","est","posterior_sd","pval","lower_2.5ci","upper_2.5ci","sig","BetweenWithin","mplus_time","rhatMean","rhatLast"
"Intercepts","X",3.029,0.143,0,2.743,3.303,TRUE,"Between",2,1.0001690225076,1.0001690225076
"Intercepts","Y",0.87,0.074,0,0.726,1.017,TRUE,"Between",2,1.0001690225076,1.0001690225076
"Intercepts","PHI_X",0.23,0.022,0,0.188,0.274,TRUE,"Between",2,1.0001690225076,1.0001690225076
"Intercepts","PHI_Y",0.241,0.023,0,0.196,0.284,TRUE,"Between",2,1.0001690225076,1.0001690225076
"Intercepts","PHI_XY",0,0.026,0.496,-0.05,0.052,FALSE,"Between",2,1.0001690225076,1.0001690225076
"Intercepts","BETA_YX",0.289,0.023,0,0.244,0.334,TRUE,"Between",2,1.0001690225076,1.0001690225076
"Intercepts","PSI_X",-1.703,0.107,0,-1.913,-1.494,TRUE,"Between",2,1.0001690225076,1.0001690225076
"Intercepts","PSI_Y",-1.466,0.11,0,-1.688,-1.253,TRUE,"Between",2,1.0001690225076,1.0001690225076
