"paramHeader","param","est","posterior_sd","pval","lower_2.5ci","upper_2.5ci","sig","BetweenWithin","mplus_time","rhatMean","rhatLast"
"Intercepts","X",3.021,0.142,0,2.739,3.295,TRUE,"Between",2,1.00043176737124,1.00043176737124
"Intercepts","Y",1.098,0.08,0,0.944,1.258,TRUE,"Between",2,1.00043176737124,1.00043176737124
"Intercepts","PHI_X",0.199,0.024,0,0.151,0.247,TRUE,"Between",2,1.00043176737124,1.00043176737124
"Intercepts","PHI_Y",0.238,0.019,0,0.199,0.276,TRUE,"Between",2,1.00043176737124,1.00043176737124
"Intercepts","PHI_XY",0.048,0.025,0.028,-0.001,0.098,FALSE,"Between",2,1.00043176737124,1.00043176737124
"Intercepts","BETA_YX",0.313,0.027,0,0.26,0.365,TRUE,"Between",2,1.00043176737124,1.00043176737124
"Intercepts","PSI_X",-1.713,0.106,0,-1.922,-1.503,TRUE,"Between",2,1.00043176737124,1.00043176737124
"Intercepts","PSI_Y",-1.387,0.103,0,-1.592,-1.186,TRUE,"Between",2,1.00043176737124,1.00043176737124
