"paramHeader","param","est","posterior_sd","pval","lower_2.5ci","upper_2.5ci","sig","BetweenWithin","mplus_time","rhatMean","rhatLast"
"Intercepts","X",3.143,0.134,0,2.878,3.4,TRUE,"Between",2,1.00013471570531,1.00013471570531
"Intercepts","Y",1.1,0.077,0,0.951,1.252,TRUE,"Between",2,1.00013471570531,1.00013471570531
"Intercepts","PHI_X",0.201,0.024,0,0.155,0.247,TRUE,"Between",2,1.00013471570531,1.00013471570531
"Intercepts","PHI_Y",0.254,0.022,0,0.211,0.298,TRUE,"Between",2,1.00013471570531,1.00013471570531
"Intercepts","PHI_XY",0.068,0.024,0.002,0.02,0.116,TRUE,"Between",2,1.00013471570531,1.00013471570531
"Intercepts","BETA_YX",0.339,0.029,0,0.282,0.395,TRUE,"Between",2,1.00013471570531,1.00013471570531
"Intercepts","PSI_X",-1.506,0.11,0,-1.722,-1.291,TRUE,"Between",2,1.00013471570531,1.00013471570531
"Intercepts","PSI_Y",-1.44,0.101,0,-1.641,-1.243,TRUE,"Between",2,1.00013471570531,1.00013471570531
