"paramHeader","param","est","posterior_sd","pval","lower_2.5ci","upper_2.5ci","sig","BetweenWithin","mplus_time","rhatMean","rhatLast"
"Intercepts","X",2.821,0.146,0,2.531,3.103,TRUE,"Between",2,1.00010269975278,1.00010269975278
"Intercepts","Y",1.036,0.074,0,0.894,1.184,TRUE,"Between",2,1.00010269975278,1.00010269975278
"Intercepts","PHI_X",0.186,0.023,0,0.141,0.231,TRUE,"Between",2,1.00010269975278,1.00010269975278
"Intercepts","PHI_Y",0.247,0.023,0,0.203,0.291,TRUE,"Between",2,1.00010269975278,1.00010269975278
"Intercepts","PHI_XY",0.048,0.027,0.034,-0.004,0.1,FALSE,"Between",2,1.00010269975278,1.00010269975278
"Intercepts","BETA_YX",0.291,0.025,0,0.242,0.341,TRUE,"Between",2,1.00010269975278,1.00010269975278
"Intercepts","PSI_X",-1.71,0.108,0,-1.92,-1.498,TRUE,"Between",2,1.00010269975278,1.00010269975278
"Intercepts","PSI_Y",-1.442,0.101,0,-1.644,-1.244,TRUE,"Between",2,1.00010269975278,1.00010269975278
