"paramHeader","param","est","posterior_sd","pval","lower_2.5ci","upper_2.5ci","sig","BetweenWithin","mplus_time","rhatMean","rhatLast"
"Intercepts","X",3.011,0.129,0,2.753,3.261,TRUE,"Between",2,1.0001633182521,1.0001633182521
"Intercepts","Y",0.855,0.086,0,0.687,1.025,TRUE,"Between",2,1.0001633182521,1.0001633182521
"Intercepts","PHI_X",0.199,0.023,0,0.154,0.244,TRUE,"Between",2,1.0001633182521,1.0001633182521
"Intercepts","PHI_Y",0.22,0.023,0,0.176,0.265,TRUE,"Between",2,1.0001633182521,1.0001633182521
"Intercepts","PHI_XY",0.036,0.025,0.077,-0.014,0.084,FALSE,"Between",2,1.0001633182521,1.0001633182521
"Intercepts","BETA_YX",0.272,0.029,0,0.215,0.329,TRUE,"Between",2,1.0001633182521,1.0001633182521
"Intercepts","PSI_X",-1.74,0.109,0,-1.956,-1.526,TRUE,"Between",2,1.0001633182521,1.0001633182521
"Intercepts","PSI_Y",-1.437,0.099,0,-1.633,-1.247,TRUE,"Between",2,1.0001633182521,1.0001633182521
