"paramHeader","param","est","posterior_sd","pval","lower_2.5ci","upper_2.5ci","sig","BetweenWithin","mplus_time","rhatMean","rhatLast"
"Intercepts","X",3.032,0.136,0,2.763,3.295,TRUE,"Between",3,1.00014395782952,1.00014395782952
"Intercepts","Y",1.101,0.083,0,0.94,1.268,TRUE,"Between",3,1.00014395782952,1.00014395782952
"Intercepts","PHI_X",0.218,0.022,0,0.175,0.262,TRUE,"Between",3,1.00014395782952,1.00014395782952
"Intercepts","PHI_Y",0.289,0.023,0,0.244,0.335,TRUE,"Between",3,1.00014395782952,1.00014395782952
"Intercepts","PHI_XY",0.027,0.025,0.139,-0.022,0.075,FALSE,"Between",3,1.00014395782952,1.00014395782952
"Intercepts","BETA_YX",0.298,0.032,0,0.235,0.36,TRUE,"Between",3,1.00014395782952,1.00014395782952
"Intercepts","PSI_X",-1.61,0.095,0,-1.798,-1.423,TRUE,"Between",3,1.00014395782952,1.00014395782952
"Intercepts","PSI_Y",-1.364,0.092,0,-1.547,-1.186,TRUE,"Between",3,1.00014395782952,1.00014395782952
