"paramHeader","param","est","posterior_sd","pval","lower_2.5ci","upper_2.5ci","sig","BetweenWithin","mplus_time","rhatMean","rhatLast"
"Intercepts","X",3.003,0.147,0,2.71,3.288,TRUE,"Between",2,1.0001463623816,1.0001463623816
"Intercepts","Y",0.95,0.081,0,0.792,1.111,TRUE,"Between",2,1.0001463623816,1.0001463623816
"Intercepts","PHI_X",0.203,0.023,0,0.158,0.249,TRUE,"Between",2,1.0001463623816,1.0001463623816
"Intercepts","PHI_Y",0.245,0.022,0,0.201,0.288,TRUE,"Between",2,1.0001463623816,1.0001463623816
"Intercepts","PHI_XY",0.069,0.023,0.002,0.024,0.113,TRUE,"Between",2,1.0001463623816,1.0001463623816
"Intercepts","BETA_YX",0.307,0.027,0,0.253,0.361,TRUE,"Between",2,1.0001463623816,1.0001463623816
"Intercepts","PSI_X",-1.636,0.098,0,-1.829,-1.448,TRUE,"Between",2,1.0001463623816,1.0001463623816
"Intercepts","PSI_Y",-1.379,0.109,0,-1.596,-1.165,TRUE,"Between",2,1.0001463623816,1.0001463623816
