"paramHeader","param","est","posterior_sd","pval","lower_2.5ci","upper_2.5ci","sig","BetweenWithin","mplus_time","rhatMean","rhatLast"
"Intercepts","X",3.062,0.147,0,2.773,3.346,TRUE,"Between",2,1.00022159190487,1.00022159190487
"Intercepts","Y",0.938,0.092,0,0.758,1.12,TRUE,"Between",2,1.00022159190487,1.00022159190487
"Intercepts","PHI_X",0.204,0.021,0,0.163,0.244,TRUE,"Between",2,1.00022159190487,1.00022159190487
"Intercepts","PHI_Y",0.251,0.021,0,0.209,0.292,TRUE,"Between",2,1.00022159190487,1.00022159190487
"Intercepts","PHI_XY",0.045,0.023,0.027,-0.001,0.089,FALSE,"Between",2,1.00022159190487,1.00022159190487
"Intercepts","BETA_YX",0.336,0.028,0,0.281,0.392,TRUE,"Between",2,1.00022159190487,1.00022159190487
"Intercepts","PSI_X",-1.657,0.099,0,-1.849,-1.462,TRUE,"Between",2,1.00022159190487,1.00022159190487
"Intercepts","PSI_Y",-1.276,0.11,0,-1.496,-1.064,TRUE,"Between",2,1.00022159190487,1.00022159190487
