"paramHeader","param","est","posterior_sd","pval","lower_2.5ci","upper_2.5ci","sig","BetweenWithin","mplus_time","rhatMean","rhatLast"
"Intercepts","X",2.924,0.135,0,2.652,3.184,TRUE,"Between",2,1.000208242296,1.000208242296
"Intercepts","Y",0.998,0.075,0,0.851,1.146,TRUE,"Between",2,1.000208242296,1.000208242296
"Intercepts","PHI_X",0.237,0.022,0,0.192,0.281,TRUE,"Between",2,1.000208242296,1.000208242296
"Intercepts","PHI_Y",0.225,0.023,0,0.181,0.268,TRUE,"Between",2,1.000208242296,1.000208242296
"Intercepts","PHI_XY",0.061,0.023,0.004,0.015,0.106,TRUE,"Between",2,1.000208242296,1.000208242296
"Intercepts","BETA_YX",0.312,0.026,0,0.261,0.362,TRUE,"Between",2,1.000208242296,1.000208242296
"Intercepts","PSI_X",-1.612,0.097,0,-1.805,-1.42,TRUE,"Between",2,1.000208242296,1.000208242296
"Intercepts","PSI_Y",-1.33,0.113,0,-1.556,-1.11,TRUE,"Between",2,1.000208242296,1.000208242296
