"paramHeader","param","est","posterior_sd","pval","lower_2.5ci","upper_2.5ci","sig","BetweenWithin","mplus_time","rhatMean","rhatLast"
"Intercepts","X",3.113,0.139,0,2.835,3.379,TRUE,"Between",2,1.00019483298749,1.00019483298749
"Intercepts","Y",1.016,0.073,0,0.874,1.162,TRUE,"Between",2,1.00019483298749,1.00019483298749
"Intercepts","PHI_X",0.204,0.025,0,0.156,0.252,TRUE,"Between",2,1.00019483298749,1.00019483298749
"Intercepts","PHI_Y",0.221,0.022,0,0.178,0.263,TRUE,"Between",2,1.00019483298749,1.00019483298749
"Intercepts","PHI_XY",0.057,0.02,0.002,0.018,0.097,TRUE,"Between",2,1.00019483298749,1.00019483298749
"Intercepts","BETA_YX",0.248,0.023,0,0.203,0.294,TRUE,"Between",2,1.00019483298749,1.00019483298749
"Intercepts","PSI_X",-1.651,0.104,0,-1.852,-1.445,TRUE,"Between",2,1.00019483298749,1.00019483298749
"Intercepts","PSI_Y",-1.437,0.1,0,-1.638,-1.244,TRUE,"Between",2,1.00019483298749,1.00019483298749
