"paramHeader","param","est","posterior_sd","pval","lower_2.5ci","upper_2.5ci","sig","BetweenWithin","mplus_time","rhatMean","rhatLast"
"Intercepts","X",2.93,0.12,0,2.694,3.163,TRUE,"Between",2,1.00012392754349,1.00012392754349
"Intercepts","Y",1.047,0.078,0,0.897,1.203,TRUE,"Between",2,1.00012392754349,1.00012392754349
"Intercepts","PHI_X",0.226,0.023,0,0.18,0.273,TRUE,"Between",2,1.00012392754349,1.00012392754349
"Intercepts","PHI_Y",0.215,0.024,0,0.168,0.263,TRUE,"Between",2,1.00012392754349,1.00012392754349
"Intercepts","PHI_XY",0.051,0.021,0.009,0.009,0.093,TRUE,"Between",2,1.00012392754349,1.00012392754349
"Intercepts","BETA_YX",0.326,0.029,0,0.268,0.384,TRUE,"Between",2,1.00012392754349,1.00012392754349
"Intercepts","PSI_X",-1.608,0.105,0,-1.811,-1.402,TRUE,"Between",2,1.00012392754349,1.00012392754349
"Intercepts","PSI_Y",-1.493,0.099,0,-1.694,-1.302,TRUE,"Between",2,1.00012392754349,1.00012392754349
