"paramHeader","param","est","posterior_sd","pval","lower_2.5ci","upper_2.5ci","sig","BetweenWithin","mplus_time","rhatMean","rhatLast"
"Intercepts","X",3.02,0.144,0,2.735,3.302,TRUE,"Between",2,1.0001355059786,1.0001355059786
"Intercepts","Y",0.918,0.074,0,0.772,1.064,TRUE,"Between",2,1.0001355059786,1.0001355059786
"Intercepts","PHI_X",0.195,0.022,0,0.152,0.238,TRUE,"Between",2,1.0001355059786,1.0001355059786
"Intercepts","PHI_Y",0.235,0.023,0,0.189,0.28,TRUE,"Between",2,1.0001355059786,1.0001355059786
"Intercepts","PHI_XY",0.055,0.023,0.009,0.009,0.102,TRUE,"Between",2,1.0001355059786,1.0001355059786
"Intercepts","BETA_YX",0.216,0.027,0,0.163,0.269,TRUE,"Between",2,1.0001355059786,1.0001355059786
"Intercepts","PSI_X",-1.548,0.106,0,-1.76,-1.34,TRUE,"Between",2,1.0001355059786,1.0001355059786
"Intercepts","PSI_Y",-1.372,0.109,0,-1.589,-1.159,TRUE,"Between",2,1.0001355059786,1.0001355059786
