"paramHeader","param","est","posterior_sd","pval","lower_2.5ci","upper_2.5ci","sig","BetweenWithin","mplus_time","rhatMean","rhatLast"
"Intercepts","X",3.028,0.15,0,2.73,3.317,TRUE,"Between",2,1.00013014565222,1.00013014565222
"Intercepts","Y",1.039,0.078,0,0.89,1.196,TRUE,"Between",2,1.00013014565222,1.00013014565222
"Intercepts","PHI_X",0.183,0.025,0,0.135,0.232,TRUE,"Between",2,1.00013014565222,1.00013014565222
"Intercepts","PHI_Y",0.231,0.021,0,0.189,0.272,TRUE,"Between",2,1.00013014565222,1.00013014565222
"Intercepts","PHI_XY",0.064,0.024,0.005,0.016,0.111,TRUE,"Between",2,1.00013014565222,1.00013014565222
"Intercepts","BETA_YX",0.289,0.028,0,0.234,0.345,TRUE,"Between",2,1.00013014565222,1.00013014565222
"Intercepts","PSI_X",-1.54,0.1,0,-1.736,-1.346,TRUE,"Between",2,1.00013014565222,1.00013014565222
"Intercepts","PSI_Y",-1.437,0.097,0,-1.63,-1.247,TRUE,"Between",2,1.00013014565222,1.00013014565222
