"paramHeader","param","est","posterior_sd","pval","lower_2.5ci","upper_2.5ci","sig","BetweenWithin","mplus_time","rhatMean","rhatLast"
"Intercepts","X",3.122,0.149,0,2.825,3.411,TRUE,"Between",2,1.00014815473186,1.00014815473186
"Intercepts","Y",0.934,0.078,0,0.779,1.089,TRUE,"Between",2,1.00014815473186,1.00014815473186
"Intercepts","PHI_X",0.21,0.021,0,0.168,0.251,TRUE,"Between",2,1.00014815473186,1.00014815473186
"Intercepts","PHI_Y",0.231,0.026,0,0.181,0.282,TRUE,"Between",2,1.00014815473186,1.00014815473186
"Intercepts","PHI_XY",0.03,0.018,0.047,-0.005,0.067,FALSE,"Between",2,1.00014815473186,1.00014815473186
"Intercepts","BETA_YX",0.284,0.025,0,0.235,0.333,TRUE,"Between",2,1.00014815473186,1.00014815473186
"Intercepts","PSI_X",-1.496,0.11,0,-1.713,-1.279,TRUE,"Between",2,1.00014815473186,1.00014815473186
"Intercepts","PSI_Y",-1.313,0.103,0,-1.521,-1.114,TRUE,"Between",2,1.00014815473186,1.00014815473186
