"paramHeader","param","est","posterior_sd","pval","lower_2.5ci","upper_2.5ci","sig","BetweenWithin","mplus_time","rhatMean","rhatLast"
"Intercepts","X",3.006,0.125,0,2.76,3.246,TRUE,"Between",2,1.00025406232831,1.00025406232831
"Intercepts","Y",0.969,0.08,0,0.812,1.13,TRUE,"Between",2,1.00025406232831,1.00025406232831
"Intercepts","PHI_X",0.229,0.018,0,0.194,0.265,TRUE,"Between",2,1.00025406232831,1.00025406232831
"Intercepts","PHI_Y",0.248,0.023,0,0.202,0.293,TRUE,"Between",2,1.00025406232831,1.00025406232831
"Intercepts","PHI_XY",0.063,0.027,0.009,0.01,0.116,TRUE,"Between",2,1.00025406232831,1.00025406232831
"Intercepts","BETA_YX",0.25,0.025,0,0.201,0.3,TRUE,"Between",2,1.00025406232831,1.00025406232831
"Intercepts","PSI_X",-1.583,0.092,0,-1.763,-1.403,TRUE,"Between",2,1.00025406232831,1.00025406232831
"Intercepts","PSI_Y",-1.293,0.103,0,-1.501,-1.093,TRUE,"Between",2,1.00025406232831,1.00025406232831
