"paramHeader","param","est","posterior_sd","pval","lower_2.5ci","upper_2.5ci","sig","BetweenWithin","mplus_time","rhatMean","rhatLast"
"Intercepts","X",3.107,0.139,0,2.832,3.375,TRUE,"Between",2,1.00015770336208,1.00015770336208
"Intercepts","Y",1.105,0.079,0,0.951,1.26,TRUE,"Between",2,1.00015770336208,1.00015770336208
"Intercepts","PHI_X",0.186,0.024,0,0.138,0.234,TRUE,"Between",2,1.00015770336208,1.00015770336208
"Intercepts","PHI_Y",0.257,0.024,0,0.21,0.304,TRUE,"Between",2,1.00015770336208,1.00015770336208
"Intercepts","PHI_XY",0.067,0.026,0.005,0.016,0.119,TRUE,"Between",2,1.00015770336208,1.00015770336208
"Intercepts","BETA_YX",0.294,0.026,0,0.242,0.346,TRUE,"Between",2,1.00015770336208,1.00015770336208
"Intercepts","PSI_X",-1.504,0.108,0,-1.713,-1.291,TRUE,"Between",2,1.00015770336208,1.00015770336208
"Intercepts","PSI_Y",-1.23,0.09,0,-1.408,-1.053,TRUE,"Between",2,1.00015770336208,1.00015770336208
