"paramHeader","param","est","posterior_sd","pval","lower_2.5ci","upper_2.5ci","sig","BetweenWithin","mplus_time","rhatMean","rhatLast"
"Intercepts","X",2.978,0.117,0,2.745,3.202,TRUE,"Between",2,1.00013450391275,1.00013450391275
"Intercepts","Y",1.024,0.087,0,0.857,1.197,TRUE,"Between",2,1.00013450391275,1.00013450391275
"Intercepts","PHI_X",0.203,0.022,0,0.161,0.246,TRUE,"Between",2,1.00013450391275,1.00013450391275
"Intercepts","PHI_Y",0.245,0.023,0,0.2,0.289,TRUE,"Between",2,1.00013450391275,1.00013450391275
"Intercepts","PHI_XY",0.043,0.022,0.023,0.001,0.085,TRUE,"Between",2,1.00013450391275,1.00013450391275
"Intercepts","BETA_YX",0.223,0.027,0,0.17,0.275,TRUE,"Between",2,1.00013450391275,1.00013450391275
"Intercepts","PSI_X",-1.587,0.096,0,-1.776,-1.4,TRUE,"Between",2,1.00013450391275,1.00013450391275
"Intercepts","PSI_Y",-1.308,0.118,0,-1.541,-1.077,TRUE,"Between",2,1.00013450391275,1.00013450391275
