"paramHeader","param","est","posterior_sd","pval","lower_2.5ci","upper_2.5ci","sig","BetweenWithin","mplus_time","rhatMean","rhatLast"
"Intercepts","X",3.041,0.14,0,2.762,3.311,TRUE,"Between",2,1.00014205385168,1.00014205385168
"Intercepts","Y",1.012,0.077,0,0.863,1.164,TRUE,"Between",2,1.00014205385168,1.00014205385168
"Intercepts","PHI_X",0.23,0.022,0,0.189,0.273,TRUE,"Between",2,1.00014205385168,1.00014205385168
"Intercepts","PHI_Y",0.25,0.024,0,0.203,0.298,TRUE,"Between",2,1.00014205385168,1.00014205385168
"Intercepts","PHI_XY",0.041,0.025,0.046,-0.007,0.091,FALSE,"Between",2,1.00014205385168,1.00014205385168
"Intercepts","BETA_YX",0.298,0.027,0,0.244,0.351,TRUE,"Between",2,1.00014205385168,1.00014205385168
"Intercepts","PSI_X",-1.491,0.115,0,-1.719,-1.268,TRUE,"Between",2,1.00014205385168,1.00014205385168
"Intercepts","PSI_Y",-1.423,0.108,0,-1.638,-1.212,TRUE,"Between",2,1.00014205385168,1.00014205385168
