"paramHeader","param","est","posterior_sd","pval","lower_2.5ci","upper_2.5ci","sig","BetweenWithin","mplus_time","rhatMean","rhatLast"
"Intercepts","X",3.212,0.155,0,2.906,3.512,TRUE,"Between",2,1.00021086917999,1.00021086917999
"Intercepts","Y",1.051,0.084,0,0.885,1.218,TRUE,"Between",2,1.00021086917999,1.00021086917999
"Intercepts","PHI_X",0.202,0.023,0,0.156,0.248,TRUE,"Between",2,1.00021086917999,1.00021086917999
"Intercepts","PHI_Y",0.25,0.019,0,0.211,0.288,TRUE,"Between",2,1.00021086917999,1.00021086917999
"Intercepts","PHI_XY",0.057,0.021,0.004,0.015,0.099,TRUE,"Between",2,1.00021086917999,1.00021086917999
"Intercepts","BETA_YX",0.272,0.027,0,0.22,0.325,TRUE,"Between",2,1.00021086917999,1.00021086917999
"Intercepts","PSI_X",-1.685,0.111,0,-1.907,-1.468,TRUE,"Between",2,1.00021086917999,1.00021086917999
"Intercepts","PSI_Y",-1.481,0.106,0,-1.693,-1.275,TRUE,"Between",2,1.00021086917999,1.00021086917999
