"paramHeader","param","est","posterior_sd","pval","lower_2.5ci","upper_2.5ci","sig","BetweenWithin","mplus_time","rhatMean","rhatLast"
"Intercepts","X",3.036,0.143,0,2.752,3.315,TRUE,"Between",2,1.00013932126917,1.00013932126917
"Intercepts","Y",1.046,0.084,0,0.882,1.212,TRUE,"Between",2,1.00013932126917,1.00013932126917
"Intercepts","PHI_X",0.185,0.021,0,0.144,0.227,TRUE,"Between",2,1.00013932126917,1.00013932126917
"Intercepts","PHI_Y",0.224,0.023,0,0.18,0.268,TRUE,"Between",2,1.00013932126917,1.00013932126917
"Intercepts","PHI_XY",0.056,0.023,0.009,0.01,0.101,TRUE,"Between",2,1.00013932126917,1.00013932126917
"Intercepts","BETA_YX",0.31,0.03,0,0.252,0.369,TRUE,"Between",2,1.00013932126917,1.00013932126917
"Intercepts","PSI_X",-1.598,0.119,0,-1.831,-1.364,TRUE,"Between",2,1.00013932126917,1.00013932126917
"Intercepts","PSI_Y",-1.353,0.114,0,-1.58,-1.133,TRUE,"Between",2,1.00013932126917,1.00013932126917
