"paramHeader","param","est","posterior_sd","pval","lower_2.5ci","upper_2.5ci","sig","BetweenWithin","mplus_time","rhatMean","rhatLast"
"Intercepts","X",3.057,0.15,0,2.759,3.347,TRUE,"Between",2,1.00012822506947,1.00012822506947
"Intercepts","Y",1.044,0.077,0,0.893,1.198,TRUE,"Between",2,1.00012822506947,1.00012822506947
"Intercepts","PHI_X",0.18,0.022,0,0.138,0.223,TRUE,"Between",2,1.00012822506947,1.00012822506947
"Intercepts","PHI_Y",0.245,0.025,0,0.196,0.294,TRUE,"Between",2,1.00012822506947,1.00012822506947
"Intercepts","PHI_XY",0.045,0.022,0.02,0.003,0.088,TRUE,"Between",2,1.00012822506947,1.00012822506947
"Intercepts","BETA_YX",0.27,0.028,0,0.214,0.323,TRUE,"Between",2,1.00012822506947,1.00012822506947
"Intercepts","PSI_X",-1.626,0.105,0,-1.833,-1.42,TRUE,"Between",2,1.00012822506947,1.00012822506947
"Intercepts","PSI_Y",-1.528,0.098,0,-1.724,-1.34,TRUE,"Between",2,1.00012822506947,1.00012822506947
