"paramHeader","param","est","posterior_sd","pval","lower_2.5ci","upper_2.5ci","sig","BetweenWithin","mplus_time","rhatMean","rhatLast"
"Intercepts","X",2.946,0.131,0,2.687,3.199,TRUE,"Between",2,1.00007748570112,1.00007748570112
"Intercepts","Y",0.96,0.082,0,0.8,1.124,TRUE,"Between",2,1.00007748570112,1.00007748570112
"Intercepts","PHI_X",0.188,0.022,0,0.146,0.231,TRUE,"Between",2,1.00007748570112,1.00007748570112
"Intercepts","PHI_Y",0.255,0.023,0,0.208,0.298,TRUE,"Between",2,1.00007748570112,1.00007748570112
"Intercepts","PHI_XY",0.047,0.024,0.028,-0.001,0.094,FALSE,"Between",2,1.00007748570112,1.00007748570112
"Intercepts","BETA_YX",0.289,0.029,0,0.231,0.346,TRUE,"Between",2,1.00007748570112,1.00007748570112
"Intercepts","PSI_X",-1.657,0.101,0,-1.858,-1.46,TRUE,"Between",2,1.00007748570112,1.00007748570112
"Intercepts","PSI_Y",-1.517,0.115,0,-1.746,-1.293,TRUE,"Between",2,1.00007748570112,1.00007748570112
