"paramHeader","param","est","posterior_sd","pval","lower_2.5ci","upper_2.5ci","sig","BetweenWithin","mplus_time","rhatMean","rhatLast"
"Intercepts","X",2.99,0.152,0,2.686,3.282,TRUE,"Between",2,1.00015501613696,1.00015501613696
"Intercepts","Y",0.853,0.082,0,0.694,1.017,TRUE,"Between",2,1.00015501613696,1.00015501613696
"Intercepts","PHI_X",0.205,0.023,0,0.16,0.25,TRUE,"Between",2,1.00015501613696,1.00015501613696
"Intercepts","PHI_Y",0.224,0.025,0,0.174,0.273,TRUE,"Between",2,1.00015501613696,1.00015501613696
"Intercepts","PHI_XY",0.027,0.022,0.104,-0.016,0.068,FALSE,"Between",2,1.00015501613696,1.00015501613696
"Intercepts","BETA_YX",0.263,0.026,0,0.211,0.314,TRUE,"Between",2,1.00015501613696,1.00015501613696
"Intercepts","PSI_X",-1.684,0.094,0,-1.868,-1.499,TRUE,"Between",2,1.00015501613696,1.00015501613696
"Intercepts","PSI_Y",-1.538,0.103,0,-1.745,-1.336,TRUE,"Between",2,1.00015501613696,1.00015501613696
