"paramHeader","param","est","posterior_sd","pval","lower_2.5ci","upper_2.5ci","sig","BetweenWithin","mplus_time","rhatMean","rhatLast"
"Intercepts","X",2.964,0.119,0,2.725,3.193,TRUE,"Between",2,1.00014752352852,1.00014752352852
"Intercepts","Y",0.919,0.081,0,0.762,1.079,TRUE,"Between",2,1.00014752352852,1.00014752352852
"Intercepts","PHI_X",0.214,0.019,0,0.178,0.25,TRUE,"Between",2,1.00014752352852,1.00014752352852
"Intercepts","PHI_Y",0.18,0.022,0,0.137,0.222,TRUE,"Between",2,1.00014752352852,1.00014752352852
"Intercepts","PHI_XY",0.081,0.022,0.001,0.036,0.124,TRUE,"Between",2,1.00014752352852,1.00014752352852
"Intercepts","BETA_YX",0.295,0.028,0,0.238,0.349,TRUE,"Between",2,1.00014752352852,1.00014752352852
"Intercepts","PSI_X",-1.853,0.106,0,-2.059,-1.645,TRUE,"Between",2,1.00014752352852,1.00014752352852
"Intercepts","PSI_Y",-1.423,0.095,0,-1.613,-1.237,TRUE,"Between",2,1.00014752352852,1.00014752352852
