"paramHeader","param","est","posterior_sd","pval","lower_2.5ci","upper_2.5ci","sig","BetweenWithin","mplus_time","rhatMean","rhatLast"
"Intercepts","X",2.894,0.152,0,2.59,3.189,TRUE,"Between",2,1.00025615782153,1.00025615782153
"Intercepts","Y",1.018,0.077,0,0.868,1.171,TRUE,"Between",2,1.00025615782153,1.00025615782153
"Intercepts","PHI_X",0.251,0.023,0,0.206,0.296,TRUE,"Between",2,1.00025615782153,1.00025615782153
"Intercepts","PHI_Y",0.216,0.02,0,0.178,0.255,TRUE,"Between",2,1.00025615782153,1.00025615782153
"Intercepts","PHI_XY",0.022,0.023,0.162,-0.023,0.066,FALSE,"Between",2,1.00025615782153,1.00025615782153
"Intercepts","BETA_YX",0.292,0.028,0,0.238,0.347,TRUE,"Between",2,1.00025615782153,1.00025615782153
"Intercepts","PSI_X",-1.584,0.111,0,-1.801,-1.365,TRUE,"Between",2,1.00025615782153,1.00025615782153
"Intercepts","PSI_Y",-1.394,0.108,0,-1.611,-1.184,TRUE,"Between",2,1.00025615782153,1.00025615782153
