"paramHeader","param","est","posterior_sd","pval","lower_2.5ci","upper_2.5ci","sig","BetweenWithin","mplus_time","rhatMean","rhatLast"
"Intercepts","X",3.016,0.138,0,2.741,3.285,TRUE,"Between",2,1.00019150874857,1.00019150874857
"Intercepts","Y",1.005,0.08,0,0.847,1.163,TRUE,"Between",2,1.00019150874857,1.00019150874857
"Intercepts","PHI_X",0.181,0.024,0,0.134,0.228,TRUE,"Between",2,1.00019150874857,1.00019150874857
"Intercepts","PHI_Y",0.25,0.022,0,0.207,0.293,TRUE,"Between",2,1.00019150874857,1.00019150874857
"Intercepts","PHI_XY",0.076,0.022,0,0.032,0.119,TRUE,"Between",2,1.00019150874857,1.00019150874857
"Intercepts","BETA_YX",0.325,0.028,0,0.27,0.379,TRUE,"Between",2,1.00019150874857,1.00019150874857
"Intercepts","PSI_X",-1.461,0.107,0,-1.672,-1.252,TRUE,"Between",2,1.00019150874857,1.00019150874857
"Intercepts","PSI_Y",-1.549,0.105,0,-1.759,-1.342,TRUE,"Between",2,1.00019150874857,1.00019150874857
