"paramHeader","param","est","posterior_sd","pval","lower_2.5ci","upper_2.5ci","sig","BetweenWithin","mplus_time","rhatMean","rhatLast"
"Intercepts","X",3.011,0.145,0,2.725,3.292,TRUE,"Between",2,1.00012771375427,1.00012771375427
"Intercepts","Y",1.021,0.085,0,0.855,1.191,TRUE,"Between",2,1.00012771375427,1.00012771375427
"Intercepts","PHI_X",0.206,0.023,0,0.161,0.253,TRUE,"Between",2,1.00012771375427,1.00012771375427
"Intercepts","PHI_Y",0.26,0.023,0,0.214,0.305,TRUE,"Between",2,1.00012771375427,1.00012771375427
"Intercepts","PHI_XY",0.073,0.025,0.002,0.024,0.122,TRUE,"Between",2,1.00012771375427,1.00012771375427
"Intercepts","BETA_YX",0.287,0.028,0,0.232,0.343,TRUE,"Between",2,1.00012771375427,1.00012771375427
"Intercepts","PSI_X",-1.592,0.11,0,-1.81,-1.377,TRUE,"Between",2,1.00012771375427,1.00012771375427
"Intercepts","PSI_Y",-1.548,0.101,0,-1.748,-1.35,TRUE,"Between",2,1.00012771375427,1.00012771375427
