"paramHeader","param","est","posterior_sd","pval","lower_2.5ci","upper_2.5ci","sig","BetweenWithin","mplus_time","rhatMean","rhatLast"
"Intercepts","X",2.92,0.153,0,2.613,3.216,TRUE,"Between",2,1.00012547619516,1.00012547619516
"Intercepts","Y",0.979,0.088,0,0.808,1.153,TRUE,"Between",2,1.00012547619516,1.00012547619516
"Intercepts","PHI_X",0.204,0.022,0,0.162,0.247,TRUE,"Between",2,1.00012547619516,1.00012547619516
"Intercepts","PHI_Y",0.249,0.026,0,0.2,0.3,TRUE,"Between",2,1.00012547619516,1.00012547619516
"Intercepts","PHI_XY",0.052,0.02,0.004,0.012,0.092,TRUE,"Between",2,1.00012547619516,1.00012547619516
"Intercepts","BETA_YX",0.276,0.027,0,0.223,0.329,TRUE,"Between",2,1.00012547619516,1.00012547619516
"Intercepts","PSI_X",-1.439,0.103,0,-1.641,-1.24,TRUE,"Between",2,1.00012547619516,1.00012547619516
"Intercepts","PSI_Y",-1.364,0.11,0,-1.584,-1.151,TRUE,"Between",2,1.00012547619516,1.00012547619516
