"paramHeader","param","est","posterior_sd","pval","lower_2.5ci","upper_2.5ci","sig","BetweenWithin","mplus_time","rhatMean","rhatLast"
"Intercepts","X",3.047,0.135,0,2.778,3.308,TRUE,"Between",2,1.00013668427704,1.00013668427704
"Intercepts","Y",1.013,0.089,0,0.842,1.188,TRUE,"Between",2,1.00013668427704,1.00013668427704
"Intercepts","PHI_X",0.178,0.023,0,0.132,0.225,TRUE,"Between",2,1.00013668427704,1.00013668427704
"Intercepts","PHI_Y",0.243,0.024,0,0.196,0.289,TRUE,"Between",2,1.00013668427704,1.00013668427704
"Intercepts","PHI_XY",0.061,0.02,0.002,0.021,0.101,TRUE,"Between",2,1.00013668427704,1.00013668427704
"Intercepts","BETA_YX",0.282,0.029,0,0.224,0.34,TRUE,"Between",2,1.00013668427704,1.00013668427704
"Intercepts","PSI_X",-1.449,0.099,0,-1.644,-1.256,TRUE,"Between",2,1.00013668427704,1.00013668427704
"Intercepts","PSI_Y",-1.538,0.103,0,-1.742,-1.339,TRUE,"Between",2,1.00013668427704,1.00013668427704
