"paramHeader","param","est","posterior_sd","pval","lower_2.5ci","upper_2.5ci","sig","BetweenWithin","mplus_time","rhatMean","rhatLast"
"Intercepts","X",3.177,0.144,0,2.892,3.458,TRUE,"Between",2,1.00014335503732,1.00014335503732
"Intercepts","Y",0.944,0.089,0,0.77,1.123,TRUE,"Between",2,1.00014335503732,1.00014335503732
"Intercepts","PHI_X",0.187,0.023,0,0.142,0.232,TRUE,"Between",2,1.00014335503732,1.00014335503732
"Intercepts","PHI_Y",0.226,0.024,0,0.179,0.273,TRUE,"Between",2,1.00014335503732,1.00014335503732
"Intercepts","PHI_XY",0.032,0.027,0.113,-0.019,0.085,FALSE,"Between",2,1.00014335503732,1.00014335503732
"Intercepts","BETA_YX",0.322,0.028,0,0.267,0.377,TRUE,"Between",2,1.00014335503732,1.00014335503732
"Intercepts","PSI_X",-1.759,0.09,0,-1.937,-1.582,TRUE,"Between",2,1.00014335503732,1.00014335503732
"Intercepts","PSI_Y",-1.49,0.107,0,-1.7,-1.282,TRUE,"Between",2,1.00014335503732,1.00014335503732
