"paramHeader","param","est","posterior_sd","pval","lower_2.5ci","upper_2.5ci","sig","BetweenWithin","mplus_time","rhatMean","rhatLast"
"Intercepts","X",2.962,0.141,0,2.68,3.235,TRUE,"Between",2,1.00016477260468,1.00016477260468
"Intercepts","Y",0.962,0.074,0,0.82,1.111,TRUE,"Between",2,1.00016477260468,1.00016477260468
"Intercepts","PHI_X",0.21,0.022,0,0.167,0.253,TRUE,"Between",2,1.00016477260468,1.00016477260468
"Intercepts","PHI_Y",0.231,0.024,0,0.183,0.279,TRUE,"Between",2,1.00016477260468,1.00016477260468
"Intercepts","PHI_XY",0.052,0.023,0.01,0.007,0.097,TRUE,"Between",2,1.00016477260468,1.00016477260468
"Intercepts","BETA_YX",0.331,0.026,0,0.28,0.382,TRUE,"Between",2,1.00016477260468,1.00016477260468
"Intercepts","PSI_X",-1.582,0.096,0,-1.766,-1.393,TRUE,"Between",2,1.00016477260468,1.00016477260468
"Intercepts","PSI_Y",-1.116,0.108,0,-1.332,-0.906,TRUE,"Between",2,1.00016477260468,1.00016477260468
