"paramHeader","param","est","posterior_sd","pval","lower_2.5ci","upper_2.5ci","sig","BetweenWithin","mplus_time","rhatMean","rhatLast"
"Intercepts","X",2.708,0.128,0,2.455,2.958,TRUE,"Between",2,1.00015006437837,1.00015006437837
"Intercepts","Y",0.961,0.081,0,0.804,1.121,TRUE,"Between",2,1.00015006437837,1.00015006437837
"Intercepts","PHI_X",0.209,0.022,0,0.167,0.252,TRUE,"Between",2,1.00015006437837,1.00015006437837
"Intercepts","PHI_Y",0.189,0.023,0,0.144,0.234,TRUE,"Between",2,1.00015006437837,1.00015006437837
"Intercepts","PHI_XY",0.086,0.02,0,0.047,0.127,TRUE,"Between",2,1.00015006437837,1.00015006437837
"Intercepts","BETA_YX",0.314,0.026,0,0.263,0.365,TRUE,"Between",2,1.00015006437837,1.00015006437837
"Intercepts","PSI_X",-1.507,0.108,0,-1.72,-1.296,TRUE,"Between",2,1.00015006437837,1.00015006437837
"Intercepts","PSI_Y",-1.522,0.107,0,-1.733,-1.315,TRUE,"Between",2,1.00015006437837,1.00015006437837
