"paramHeader","param","est","posterior_sd","pval","lower_2.5ci","upper_2.5ci","sig","BetweenWithin","mplus_time","rhatMean","rhatLast"
"Intercepts","X",2.933,0.134,0,2.666,3.19,TRUE,"Between",2,1.00017588350049,1.00017588350049
"Intercepts","Y",0.977,0.074,0,0.832,1.124,TRUE,"Between",2,1.00017588350049,1.00017588350049
"Intercepts","PHI_X",0.188,0.026,0,0.138,0.24,TRUE,"Between",2,1.00017588350049,1.00017588350049
"Intercepts","PHI_Y",0.239,0.024,0,0.192,0.285,TRUE,"Between",2,1.00017588350049,1.00017588350049
"Intercepts","PHI_XY",0.06,0.023,0.004,0.014,0.106,TRUE,"Between",2,1.00017588350049,1.00017588350049
"Intercepts","BETA_YX",0.276,0.027,0,0.224,0.328,TRUE,"Between",2,1.00017588350049,1.00017588350049
"Intercepts","PSI_X",-1.61,0.107,0,-1.821,-1.403,TRUE,"Between",2,1.00017588350049,1.00017588350049
"Intercepts","PSI_Y",-1.412,0.107,0,-1.627,-1.204,TRUE,"Between",2,1.00017588350049,1.00017588350049
