"paramHeader","param","est","posterior_sd","pval","lower_2.5ci","upper_2.5ci","sig","BetweenWithin","mplus_time","rhatMean","rhatLast"
"Intercepts","X",3.087,0.136,0,2.817,3.352,TRUE,"Between",3,1.00012233207115,1.00012233207115
"Intercepts","Y",0.953,0.074,0,0.809,1.099,TRUE,"Between",3,1.00012233207115,1.00012233207115
"Intercepts","PHI_X",0.186,0.021,0,0.145,0.227,TRUE,"Between",3,1.00012233207115,1.00012233207115
"Intercepts","PHI_Y",0.229,0.022,0,0.184,0.273,TRUE,"Between",3,1.00012233207115,1.00012233207115
"Intercepts","PHI_XY",0.08,0.021,0,0.038,0.122,TRUE,"Between",3,1.00012233207115,1.00012233207115
"Intercepts","BETA_YX",0.309,0.033,0,0.245,0.373,TRUE,"Between",3,1.00012233207115,1.00012233207115
"Intercepts","PSI_X",-1.537,0.094,0,-1.723,-1.354,TRUE,"Between",3,1.00012233207115,1.00012233207115
"Intercepts","PSI_Y",-1.54,0.112,0,-1.763,-1.318,TRUE,"Between",3,1.00012233207115,1.00012233207115
