"paramHeader","param","est","posterior_sd","pval","lower_2.5ci","upper_2.5ci","sig","BetweenWithin","mplus_time","rhatMean","rhatLast"
"Intercepts","X",3.003,0.138,0,2.732,3.269,TRUE,"Between",2,1.00012628539141,1.00012628539141
"Intercepts","Y",1.024,0.079,0,0.868,1.182,TRUE,"Between",2,1.00012628539141,1.00012628539141
"Intercepts","PHI_X",0.225,0.022,0,0.182,0.268,TRUE,"Between",2,1.00012628539141,1.00012628539141
"Intercepts","PHI_Y",0.252,0.021,0,0.21,0.294,TRUE,"Between",2,1.00012628539141,1.00012628539141
"Intercepts","PHI_XY",0.04,0.021,0.034,-0.004,0.08,FALSE,"Between",2,1.00012628539141,1.00012628539141
"Intercepts","BETA_YX",0.283,0.024,0,0.235,0.33,TRUE,"Between",2,1.00012628539141,1.00012628539141
"Intercepts","PSI_X",-1.525,0.102,0,-1.725,-1.323,TRUE,"Between",2,1.00012628539141,1.00012628539141
"Intercepts","PSI_Y",-1.334,0.113,0,-1.561,-1.116,TRUE,"Between",2,1.00012628539141,1.00012628539141
