"paramHeader","param","est","posterior_sd","pval","lower_2.5ci","upper_2.5ci","sig","BetweenWithin","mplus_time","rhatMean","rhatLast"
"Intercepts","X",3.045,0.14,0,2.767,3.316,TRUE,"Between",2,1.00012518785682,1.00012518785682
"Intercepts","Y",0.949,0.088,0,0.774,1.125,TRUE,"Between",2,1.00012518785682,1.00012518785682
"Intercepts","PHI_X",0.197,0.021,0,0.157,0.238,TRUE,"Between",2,1.00012518785682,1.00012518785682
"Intercepts","PHI_Y",0.277,0.025,0,0.228,0.324,TRUE,"Between",2,1.00012518785682,1.00012518785682
"Intercepts","PHI_XY",0.025,0.024,0.148,-0.023,0.073,FALSE,"Between",2,1.00012518785682,1.00012518785682
"Intercepts","BETA_YX",0.269,0.027,0,0.217,0.321,TRUE,"Between",2,1.00012518785682,1.00012518785682
"Intercepts","PSI_X",-1.625,0.105,0,-1.83,-1.423,TRUE,"Between",2,1.00012518785682,1.00012518785682
"Intercepts","PSI_Y",-1.467,0.087,0,-1.642,-1.297,TRUE,"Between",2,1.00012518785682,1.00012518785682
