"paramHeader","param","est","posterior_sd","pval","lower_2.5ci","upper_2.5ci","sig","BetweenWithin","mplus_time","rhatMean","rhatLast"
"Intercepts","X",2.852,0.126,0,2.602,3.098,TRUE,"Between",2,1.00022146077143,1.00022146077143
"Intercepts","Y",0.949,0.078,0,0.796,1.104,TRUE,"Between",2,1.00022146077143,1.00022146077143
"Intercepts","PHI_X",0.212,0.024,0,0.165,0.26,TRUE,"Between",2,1.00022146077143,1.00022146077143
"Intercepts","PHI_Y",0.223,0.02,0,0.183,0.263,TRUE,"Between",2,1.00022146077143,1.00022146077143
"Intercepts","PHI_XY",0.047,0.025,0.032,-0.003,0.096,FALSE,"Between",2,1.00022146077143,1.00022146077143
"Intercepts","BETA_YX",0.262,0.03,0,0.202,0.321,TRUE,"Between",2,1.00022146077143,1.00022146077143
"Intercepts","PSI_X",-1.756,0.114,0,-1.982,-1.534,TRUE,"Between",2,1.00022146077143,1.00022146077143
"Intercepts","PSI_Y",-1.429,0.108,0,-1.644,-1.218,TRUE,"Between",2,1.00022146077143,1.00022146077143
