"paramHeader","param","est","posterior_sd","pval","lower_2.5ci","upper_2.5ci","sig","BetweenWithin","mplus_time","rhatMean","rhatLast"
"Intercepts","X",2.703,0.141,0,2.424,2.975,TRUE,"Between",2,1.0001043775315,1.0001043775315
"Intercepts","Y",1.007,0.09,0,0.831,1.186,TRUE,"Between",2,1.0001043775315,1.0001043775315
"Intercepts","PHI_X",0.171,0.024,0,0.125,0.217,TRUE,"Between",2,1.0001043775315,1.0001043775315
"Intercepts","PHI_Y",0.221,0.027,0,0.168,0.273,TRUE,"Between",2,1.0001043775315,1.0001043775315
"Intercepts","PHI_XY",0.046,0.023,0.024,0.001,0.091,TRUE,"Between",2,1.0001043775315,1.0001043775315
"Intercepts","BETA_YX",0.311,0.025,0,0.261,0.361,TRUE,"Between",2,1.0001043775315,1.0001043775315
"Intercepts","PSI_X",-1.573,0.109,0,-1.787,-1.361,TRUE,"Between",2,1.0001043775315,1.0001043775315
"Intercepts","PSI_Y",-1.487,0.102,0,-1.689,-1.289,TRUE,"Between",2,1.0001043775315,1.0001043775315
