"paramHeader","param","est","posterior_sd","pval","lower_2.5ci","upper_2.5ci","sig","BetweenWithin","mplus_time","rhatMean","rhatLast"
"Intercepts","X",2.797,0.155,0,2.49,3.099,TRUE,"Between",2,1.00013964660675,1.00013964660675
"Intercepts","Y",1.015,0.083,0,0.854,1.179,TRUE,"Between",2,1.00013964660675,1.00013964660675
"Intercepts","PHI_X",0.159,0.022,0,0.116,0.201,TRUE,"Between",2,1.00013964660675,1.00013964660675
"Intercepts","PHI_Y",0.248,0.025,0,0.2,0.296,TRUE,"Between",2,1.00013964660675,1.00013964660675
"Intercepts","PHI_XY",0.021,0.029,0.237,-0.036,0.078,FALSE,"Between",2,1.00013964660675,1.00013964660675
"Intercepts","BETA_YX",0.34,0.028,0,0.287,0.395,TRUE,"Between",2,1.00013964660675,1.00013964660675
"Intercepts","PSI_X",-1.645,0.112,0,-1.864,-1.425,TRUE,"Between",2,1.00013964660675,1.00013964660675
"Intercepts","PSI_Y",-1.235,0.101,0,-1.436,-1.04,TRUE,"Between",2,1.00013964660675,1.00013964660675
