"paramHeader","param","est","posterior_sd","pval","lower_2.5ci","upper_2.5ci","sig","BetweenWithin","mplus_time","rhatMean","rhatLast"
"Intercepts","X",2.937,0.125,0,2.688,3.181,TRUE,"Between",2,1.00015806925269,1.00015806925269
"Intercepts","Y",0.987,0.086,0,0.818,1.161,TRUE,"Between",2,1.00015806925269,1.00015806925269
"Intercepts","PHI_X",0.19,0.021,0,0.15,0.232,TRUE,"Between",2,1.00015806925269,1.00015806925269
"Intercepts","PHI_Y",0.286,0.024,0,0.241,0.332,TRUE,"Between",2,1.00015806925269,1.00015806925269
"Intercepts","PHI_XY",0.043,0.028,0.06,-0.012,0.099,FALSE,"Between",2,1.00015806925269,1.00015806925269
"Intercepts","BETA_YX",0.281,0.027,0,0.227,0.335,TRUE,"Between",2,1.00015806925269,1.00015806925269
"Intercepts","PSI_X",-1.612,0.097,0,-1.805,-1.421,TRUE,"Between",2,1.00015806925269,1.00015806925269
"Intercepts","PSI_Y",-1.334,0.12,0,-1.575,-1.101,TRUE,"Between",2,1.00015806925269,1.00015806925269
