"paramHeader","param","est","posterior_sd","pval","lower_2.5ci","upper_2.5ci","sig","BetweenWithin","mplus_time","rhatMean","rhatLast"
"Intercepts","X",3.224,0.138,0,2.95,3.489,TRUE,"Between",2,1.00029148532093,1.00029148532093
"Intercepts","Y",0.94,0.086,0,0.773,1.111,TRUE,"Between",2,1.00029148532093,1.00029148532093
"Intercepts","PHI_X",0.192,0.022,0,0.148,0.236,TRUE,"Between",2,1.00029148532093,1.00029148532093
"Intercepts","PHI_Y",0.244,0.021,0,0.202,0.286,TRUE,"Between",2,1.00029148532093,1.00029148532093
"Intercepts","PHI_XY",0.053,0.021,0.005,0.012,0.094,TRUE,"Between",2,1.00029148532093,1.00029148532093
"Intercepts","BETA_YX",0.308,0.029,0,0.251,0.365,TRUE,"Between",2,1.00029148532093,1.00029148532093
"Intercepts","PSI_X",-1.664,0.105,0,-1.87,-1.457,TRUE,"Between",2,1.00029148532093,1.00029148532093
"Intercepts","PSI_Y",-1.305,0.103,0,-1.512,-1.105,TRUE,"Between",2,1.00029148532093,1.00029148532093
