"paramHeader","param","est","posterior_sd","pval","lower_2.5ci","upper_2.5ci","sig","BetweenWithin","mplus_time","rhatMean","rhatLast"
"Intercepts","X",3.14,0.14,0,2.862,3.41,TRUE,"Between",2,1.00014615977387,1.00014615977387
"Intercepts","Y",0.925,0.078,0,0.774,1.08,TRUE,"Between",2,1.00014615977387,1.00014615977387
"Intercepts","PHI_X",0.208,0.022,0,0.166,0.25,TRUE,"Between",2,1.00014615977387,1.00014615977387
"Intercepts","PHI_Y",0.235,0.025,0,0.187,0.282,TRUE,"Between",2,1.00014615977387,1.00014615977387
"Intercepts","PHI_XY",0.048,0.024,0.025,0,0.096,FALSE,"Between",2,1.00014615977387,1.00014615977387
"Intercepts","BETA_YX",0.29,0.025,0,0.24,0.339,TRUE,"Between",2,1.00014615977387,1.00014615977387
"Intercepts","PSI_X",-1.564,0.099,0,-1.758,-1.371,TRUE,"Between",2,1.00014615977387,1.00014615977387
"Intercepts","PSI_Y",-1.223,0.096,0,-1.416,-1.035,TRUE,"Between",2,1.00014615977387,1.00014615977387
