"paramHeader","param","est","posterior_sd","pval","lower_2.5ci","upper_2.5ci","sig","BetweenWithin","mplus_time","rhatMean","rhatLast"
"Intercepts","X",2.866,0.127,0,2.613,3.112,TRUE,"Between",2,1.00012423123785,1.00012423123785
"Intercepts","Y",1.141,0.085,0,0.975,1.311,TRUE,"Between",2,1.00012423123785,1.00012423123785
"Intercepts","PHI_X",0.19,0.02,0,0.151,0.23,TRUE,"Between",2,1.00012423123785,1.00012423123785
"Intercepts","PHI_Y",0.262,0.023,0,0.217,0.306,TRUE,"Between",2,1.00012423123785,1.00012423123785
"Intercepts","PHI_XY",0.03,0.023,0.087,-0.014,0.075,FALSE,"Between",2,1.00012423123785,1.00012423123785
"Intercepts","BETA_YX",0.344,0.024,0,0.297,0.391,TRUE,"Between",2,1.00012423123785,1.00012423123785
"Intercepts","PSI_X",-1.554,0.102,0,-1.752,-1.355,TRUE,"Between",2,1.00012423123785,1.00012423123785
"Intercepts","PSI_Y",-1.408,0.103,0,-1.613,-1.208,TRUE,"Between",2,1.00012423123785,1.00012423123785
