"paramHeader","param","est","posterior_sd","pval","lower_2.5ci","upper_2.5ci","sig","BetweenWithin","mplus_time","rhatMean","rhatLast"
"Intercepts","X",2.872,0.14,0,2.594,3.141,TRUE,"Between",2,1.0001404215961,1.0001404215961
"Intercepts","Y",1.121,0.088,0,0.95,1.295,TRUE,"Between",2,1.0001404215961,1.0001404215961
"Intercepts","PHI_X",0.214,0.022,0,0.172,0.257,TRUE,"Between",2,1.0001404215961,1.0001404215961
"Intercepts","PHI_Y",0.273,0.023,0,0.229,0.317,TRUE,"Between",2,1.0001404215961,1.0001404215961
"Intercepts","PHI_XY",0.035,0.025,0.073,-0.013,0.083,FALSE,"Between",2,1.0001404215961,1.0001404215961
"Intercepts","BETA_YX",0.293,0.025,0,0.246,0.341,TRUE,"Between",2,1.0001404215961,1.0001404215961
"Intercepts","PSI_X",-1.568,0.101,0,-1.766,-1.372,TRUE,"Between",2,1.0001404215961,1.0001404215961
"Intercepts","PSI_Y",-1.371,0.104,0,-1.58,-1.166,TRUE,"Between",2,1.0001404215961,1.0001404215961
