"paramHeader","param","est","posterior_sd","pval","lower_2.5ci","upper_2.5ci","sig","BetweenWithin","mplus_time","rhatMean","rhatLast"
"Intercepts","X",2.855,0.137,0,2.582,3.123,TRUE,"Between",2,1.00010892059111,1.00010892059111
"Intercepts","Y",1.013,0.076,0,0.865,1.166,TRUE,"Between",2,1.00010892059111,1.00010892059111
"Intercepts","PHI_X",0.168,0.023,0,0.124,0.213,TRUE,"Between",2,1.00010892059111,1.00010892059111
"Intercepts","PHI_Y",0.256,0.021,0,0.214,0.297,TRUE,"Between",2,1.00010892059111,1.00010892059111
"Intercepts","PHI_XY",0.082,0.023,0.001,0.037,0.127,TRUE,"Between",2,1.00010892059111,1.00010892059111
"Intercepts","BETA_YX",0.268,0.023,0,0.224,0.313,TRUE,"Between",2,1.00010892059111,1.00010892059111
"Intercepts","PSI_X",-1.501,0.107,0,-1.709,-1.29,TRUE,"Between",2,1.00010892059111,1.00010892059111
"Intercepts","PSI_Y",-1.325,0.104,0,-1.537,-1.12,TRUE,"Between",2,1.00010892059111,1.00010892059111
