"paramHeader","param","est","posterior_sd","pval","lower_2.5ci","upper_2.5ci","sig","BetweenWithin","mplus_time","rhatMean","rhatLast"
"Intercepts","X",3.199,0.136,0,2.928,3.461,TRUE,"Between",2,1.00018300153068,1.00018300153068
"Intercepts","Y",0.792,0.068,0,0.66,0.928,TRUE,"Between",2,1.00018300153068,1.00018300153068
"Intercepts","PHI_X",0.2,0.021,0,0.158,0.242,TRUE,"Between",2,1.00018300153068,1.00018300153068
"Intercepts","PHI_Y",0.265,0.023,0,0.22,0.308,TRUE,"Between",2,1.00018300153068,1.00018300153068
"Intercepts","PHI_XY",0.109,0.022,0,0.064,0.153,TRUE,"Between",2,1.00018300153068,1.00018300153068
"Intercepts","BETA_YX",0.288,0.028,0,0.234,0.342,TRUE,"Between",2,1.00018300153068,1.00018300153068
"Intercepts","PSI_X",-1.53,0.081,0,-1.69,-1.373,TRUE,"Between",2,1.00018300153068,1.00018300153068
"Intercepts","PSI_Y",-1.497,0.107,0,-1.711,-1.291,TRUE,"Between",2,1.00018300153068,1.00018300153068
