"parameter","outer_width","inner_width","point_est","ll","l","m","h","hh","time","rhat"
"gamma[1]",0.95,0.5,"mean",2.75982125,2.89134,2.959001825,3.0268625,3.16406275,14,1.0298333405191
"gamma[2]",0.95,0.5,"mean",0.816379675,0.9115225,0.9611450025,1.0094175,1.10529025,14,1.0298333405191
"gamma[3]",0.95,0.5,"mean",0.157570975,0.17979175,0.19078495475,0.20198525,0.222890375,14,1.0298333405191
"gamma[4]",0.95,0.5,"mean",0.23578965,0.2609185,0.273433388125,0.2861035,0.310113025,14,1.0298333405191
"gamma[5]",0.95,0.5,"mean",2.11198450000231e-05,0.02418775,0.036816495119475,0.04944465,0.07456814,14,1.0298333405191
"gamma[6]",0.95,0.5,"mean",0.2576898,0.2783745,0.28864511825,0.29891675,0.31942205,14,1.0298333405191
"gamma[7]",0.95,0.5,"mean",-1.68654525,-1.5959925,-1.55376375,-1.51098,-1.42625975,14,1.0298333405191
"gamma[8]",0.95,0.5,"mean",-1.56191275,-1.467065,-1.4187891425,-1.37108,-1.27826975,14,1.0298333405191
