"parameter","outer_width","inner_width","point_est","ll","l","m","h","hh","time","rhat"
"gamma[1]",0.95,0.5,"mean",2.68796275,2.8303275,2.90225544375,2.97464,3.1174395,18,1.02277553507447
"gamma[2]",0.95,0.5,"mean",0.810822025,0.90371325,0.950480833875,0.99823925,1.08612,18,1.02277553507447
"gamma[3]",0.95,0.5,"mean",0.149164275,0.17026225,0.1808281635,0.19169,0.212290575,18,1.02277553507447
"gamma[4]",0.95,0.5,"mean",0.218571775,0.24267625,0.2546218135,0.26671575,0.29021835,18,1.02277553507447
"gamma[5]",0.95,0.5,"mean",0.00701720925,0.03281215,0.0457086255799,0.0586881,0.084226555,18,1.02277553507447
"gamma[6]",0.95,0.5,"mean",0.271811525,0.296114,0.308210592125,0.32041225,0.3444402,18,1.02277553507447
"gamma[7]",0.95,0.5,"mean",-1.697691,-1.6173275,-1.573957735,-1.53144,-1.44732825,18,1.02277553507447
"gamma[8]",0.95,0.5,"mean",-1.602984,-1.5220025,-1.47944124,-1.43637,-1.357628,18,1.02277553507447
