"parameter","outer_width","inner_width","point_est","ll","l","m","h","hh","time","rhat"
"gamma[1]",0.95,0.5,"mean",2.613046,2.7635175,2.840544855,2.9197725,3.065021,15,1.03064072884883
"gamma[2]",0.95,0.5,"mean",0.7968129,0.893863,0.942470302,0.991135,1.08376375,15,1.03064072884883
"gamma[3]",0.95,0.5,"mean",0.180390875,0.20272175,0.213761199875,0.2248205,0.247063375,15,1.03064072884883
"gamma[4]",0.95,0.5,"mean",0.195199625,0.221616,0.234750943375,0.248091,0.2730218,15,1.03064072884883
"gamma[5]",0.95,0.5,"mean",0.00782083525,0.0294932,0.0409170540641625,0.052243525,0.0745910425,15,1.03064072884883
"gamma[6]",0.95,0.5,"mean",0.280284575,0.3047435,0.317564547875,0.3304105,0.355970575,15,1.03064072884883
"gamma[7]",0.95,0.5,"mean",-1.64620075,-1.5687725,-1.52800990375,-1.48755,-1.41236375,15,1.03064072884883
"gamma[8]",0.95,0.5,"mean",-1.561296,-1.4759775,-1.43266169875,-1.389125,-1.305157,15,1.03064072884883
