"parameter","outer_width","inner_width","point_est","ll","l","m","h","hh","time","rhat"
"gamma[1]",0.95,0.5,"mean",2.87971675,3.03566,3.12015061875,3.205405,3.364472,17,1.00110079880472
"gamma[2]",0.95,0.5,"mean",0.850926075,0.9428425,0.991566697,1.03991,1.13204575,17,1.00110079880472
"gamma[3]",0.95,0.5,"mean",0.1686624,0.18940275,0.19975669575,0.21031225,0.230255375,17,1.00110079880472
"gamma[4]",0.95,0.5,"mean",0.219676075,0.241611,0.253017448625,0.26446175,0.2866724,17,1.00110079880472
"gamma[5]",0.95,0.5,"mean",0.023014195,0.0473712,0.0592841775355,0.071631875,0.094947225,17,1.00110079880472
"gamma[6]",0.95,0.5,"mean",0.246204775,0.27387875,0.28727738525,0.30080575,0.327499075,17,1.00110079880472
"gamma[7]",0.95,0.5,"mean",-1.6796115,-1.5993875,-1.55750399625,-1.51504,-1.43480825,17,1.00110079880472
"gamma[8]",0.95,0.5,"mean",-1.5326,-1.451145,-1.41043912625,-1.3689875,-1.29326975,17,1.00110079880472
