"parameter","outer_width","inner_width","point_est","ll","l","m","h","hh","time","rhat"
"gamma[1]",0.95,0.5,"mean",2.82909175,2.96961,3.04163150125,3.1152425,3.2492645,15,1.02145085314236
"gamma[2]",0.95,0.5,"mean",0.91577845,1.004455,1.0510382235,1.097585,1.18625075,15,1.02145085314236
"gamma[3]",0.95,0.5,"mean",0.1509972,0.17445925,0.186223563875,0.19812675,0.221009125,15,1.02145085314236
"gamma[4]",0.95,0.5,"mean",0.235381925,0.2572555,0.268387579875,0.279737,0.301084875,15,1.02145085314236
"gamma[5]",0.95,0.5,"mean",0.0118918125,0.03485875,0.0462886044759125,0.0576237,0.080563685,15,1.02145085314236
"gamma[6]",0.95,0.5,"mean",0.25009215,0.2697415,0.2798468445,0.289809,0.3099971,15,1.02145085314236
"gamma[7]",0.95,0.5,"mean",-1.71996,-1.6433475,-1.60418125,-1.5647975,-1.49007875,15,1.02145085314236
"gamma[8]",0.95,0.5,"mean",-1.4740045,-1.38714,-1.34199596125,-1.297735,-1.206768,15,1.02145085314236
