"parameter","outer_width","inner_width","point_est","ll","l","m","h","hh","time","rhat"
"gamma[1]",0.95,0.5,"mean",3.03738475,3.1851075,3.26483645375,3.346045,3.50004375,12,1.02380126269369
"gamma[2]",0.95,0.5,"mean",0.96664245,1.065685,1.117481722375,1.1683625,1.26839025,12,1.02380126269369
"gamma[3]",0.95,0.5,"mean",0.19903175,0.2200915,0.230780190625,0.24162175,0.262303075,12,1.02380126269369
"gamma[4]",0.95,0.5,"mean",0.210178925,0.2367945,0.250130133125,0.263726,0.28960825,12,1.02380126269369
"gamma[5]",0.95,0.5,"mean",0.017115175,0.040265575,0.0522285877634375,0.06431805,0.0869021,12,1.02380126269369
"gamma[6]",0.95,0.5,"mean",0.27806335,0.2989625,0.309645818875,0.320517,0.34104415,12,1.02380126269369
"gamma[7]",0.95,0.5,"mean",-1.64964725,-1.57144,-1.5302081525,-1.4897825,-1.4087895,12,1.02380126269369
"gamma[8]",0.95,0.5,"mean",-1.350503,-1.27173,-1.230502675125,-1.1892875,-1.11051925,12,1.02380126269369
