"parameter","outer_width","inner_width","point_est","ll","l","m","h","hh","time","rhat"
"gamma[1]",0.95,0.5,"mean",2.84365925,3.0020625,3.08383320875,3.164795,3.3251075,14,1.0239969911849
"gamma[2]",0.95,0.5,"mean",0.912174825,1.01352,1.064442019875,1.116025,1.2097895,14,1.0239969911849
"gamma[3]",0.95,0.5,"mean",0.187665025,0.206416,0.216300344625,0.226172,0.24463475,14,1.0239969911849
"gamma[4]",0.95,0.5,"mean",0.227407725,0.252474,0.264366233875,0.27661675,0.300080525,14,1.0239969911849
"gamma[5]",0.95,0.5,"mean",0.00368990625,0.029988375,0.04409860637575,0.05787385,0.0847187875,14,1.0239969911849
"gamma[6]",0.95,0.5,"mean",0.258791225,0.281272,0.29319423675,0.30482,0.328796425,14,1.0239969911849
"gamma[7]",0.95,0.5,"mean",-1.74969175,-1.6639525,-1.6204121825,-1.5761175,-1.4949895,14,1.0239969911849
"gamma[8]",0.95,0.5,"mean",-1.43325325,-1.341585,-1.29542362,-1.2488325,-1.1619935,14,1.0239969911849
