"parameter","outer_width","inner_width","point_est","ll","l","m","h","hh","time","rhat"
"gamma[1]",0.95,0.5,"mean",2.74230025,2.910665,2.99832758,3.0881875,3.253124,13,1.0241017256146
"gamma[2]",0.95,0.5,"mean",0.870281175,0.9629775,1.0097342455,1.05667,1.1486325,13,1.0241017256146
"gamma[3]",0.95,0.5,"mean",0.152221225,0.17365,0.185063647,0.19625975,0.2187253,13,1.0241017256146
"gamma[4]",0.95,0.5,"mean",0.19354325,0.2199815,0.233575610625,0.2471645,0.273487075,13,1.0241017256146
"gamma[5]",0.95,0.5,"mean",0.01112974,0.036537725,0.049452077550125,0.0626351,0.087293895,13,1.0241017256146
"gamma[6]",0.95,0.5,"mean",0.258549075,0.28205075,0.295230973,0.308142,0.333475275,13,1.0241017256146
"gamma[7]",0.95,0.5,"mean",-1.66768125,-1.588605,-1.54515235375,-1.50214,-1.41617925,13,1.0241017256146
"gamma[8]",0.95,0.5,"mean",-1.45164075,-1.3673625,-1.3245837925,-1.2811175,-1.19932425,13,1.0241017256146
