"parameter","outer_width","inner_width","point_est","ll","l","m","h","hh","time","rhat"
"gamma[1]",0.95,0.5,"mean",2.92064675,3.0724325,3.15035597,3.22902,3.38156275,13,1.03038830665757
"gamma[2]",0.95,0.5,"mean",0.916476575,1.01503,1.06616214625,1.116425,1.22290175,13,1.03038830665757
"gamma[3]",0.95,0.5,"mean",0.192244875,0.21259525,0.222851287125,0.23311425,0.252435125,13,1.03038830665757
"gamma[4]",0.95,0.5,"mean",0.224060825,0.24959325,0.262102183125,0.2750005,0.298958425,13,1.03038830665757
"gamma[5]",0.95,0.5,"mean",0.0334206375,0.0590125,0.072688480556625,0.08627805,0.112427475,13,1.03038830665757
"gamma[6]",0.95,0.5,"mean",0.254040925,0.2770615,0.288576293875,0.300002,0.3235524,13,1.03038830665757
"gamma[7]",0.95,0.5,"mean",-1.65714175,-1.564795,-1.51595250125,-1.468165,-1.367378,13,1.03038830665757
"gamma[8]",0.95,0.5,"mean",-1.4423625,-1.36931,-1.3297143775,-1.2912375,-1.21360875,13,1.03038830665757
