"parameter","outer_width","inner_width","point_est","ll","l","m","h","hh","time","rhat"
"gamma[1]",0.95,0.5,"mean",2.585815,2.7547525,2.83824816875,2.9223775,3.08364625,15,1.03477373854652
"gamma[2]",0.95,0.5,"mean",0.75866,0.8613695,0.912520646375,0.96467625,1.062951,15,1.03477373854652
"gamma[3]",0.95,0.5,"mean",0.176981,0.198269,0.208755280875,0.21935825,0.239930825,15,1.03477373854652
"gamma[4]",0.95,0.5,"mean",0.227770425,0.24902125,0.260211235375,0.270991,0.29293965,15,1.03477373854652
"gamma[5]",0.95,0.5,"mean",0.0120267825,0.03230565,0.0433936250127375,0.05431745,0.0752287425,15,1.03477373854652
"gamma[6]",0.95,0.5,"mean",0.250074875,0.275694,0.288904001,0.30224025,0.327870525,15,1.03477373854652
"gamma[7]",0.95,0.5,"mean",-1.7438315,-1.649805,-1.601346065,-1.5520675,-1.46212725,15,1.03477373854652
"gamma[8]",0.95,0.5,"mean",-1.54579,-1.4679025,-1.42774509625,-1.38742,-1.30918575,15,1.03477373854652
