"parameter","outer_width","inner_width","point_est","ll","l","m","h","hh","time","rhat"
"gamma[1]",0.95,0.5,"mean",2.69589675,2.84646,2.9247431625,3.00192,3.1554845,13,1.0006582008716
"gamma[2]",0.95,0.5,"mean",0.873738375,0.97066675,1.020052205,1.0703025,1.1725375,13,1.0006582008716
"gamma[3]",0.95,0.5,"mean",0.1533737,0.17564575,0.187058584875,0.198625,0.2207366,13,1.0006582008716
"gamma[4]",0.95,0.5,"mean",0.21269475,0.23603175,0.247561229,0.2591955,0.281814325,13,1.0006582008716
"gamma[5]",0.95,0.5,"mean",0.034864685,0.05800885,0.07027423570875,0.08233395,0.1056384,13,1.0006582008716
"gamma[6]",0.95,0.5,"mean",0.2463448,0.2699715,0.28213301,0.294411,0.318140675,13,1.0006582008716
"gamma[7]",0.95,0.5,"mean",-1.7222505,-1.633865,-1.58820107875,-1.543045,-1.45323825,13,1.0006582008716
"gamma[8]",0.95,0.5,"mean",-1.5212235,-1.4411625,-1.4000592375,-1.3587,-1.2787255,13,1.0006582008716
