"parameter","outer_width","inner_width","point_est","ll","l","m","h","hh","time","rhat"
"gamma[1]",0.95,0.5,"mean",2.5441755,2.7100325,2.7947069475,2.8784325,3.04569575,14,1.03552010816463
"gamma[2]",0.95,0.5,"mean",0.704585125,0.798969,0.851263751125,0.90170175,1.00108025,14,1.03552010816463
"gamma[3]",0.95,0.5,"mean",0.17205805,0.19602275,0.207786054625,0.21988425,0.242299725,14,1.03552010816463
"gamma[4]",0.95,0.5,"mean",0.2267334,0.25175325,0.264334331,0.277046,0.301063725,14,1.03552010816463
"gamma[5]",0.95,0.5,"mean",-0.00039846055,0.023210975,0.035856854188325,0.048356075,0.072694425,14,1.03552010816463
"gamma[6]",0.95,0.5,"mean",0.257843125,0.28025025,0.292353992625,0.304305,0.3282495,14,1.03552010816463
"gamma[7]",0.95,0.5,"mean",-1.84106475,-1.7597825,-1.7170652325,-1.6742,-1.593899,14,1.03552010816463
"gamma[8]",0.95,0.5,"mean",-1.52634625,-1.4441625,-1.40120584875,-1.359435,-1.27595725,14,1.03552010816463
