"parameter","outer_width","inner_width","point_est","ll","l","m","h","hh","time","rhat"
"gamma[1]",0.95,0.5,"mean",2.914238,3.07673,3.16098618125,3.24567,3.40777075,15,1.02400313808271
"gamma[2]",0.95,0.5,"mean",0.91819065,1.0104575,1.06124428575,1.110745,1.208711,15,1.02400313808271
"gamma[3]",0.95,0.5,"mean",0.17202995,0.19206825,0.202201309875,0.21228575,0.2320545,15,1.02400313808271
"gamma[4]",0.95,0.5,"mean",0.240265125,0.26258675,0.274140467625,0.28560325,0.30715305,15,1.02400313808271
"gamma[5]",0.95,0.5,"mean",-0.00160199824999999,0.0219295,0.0344148347083,0.046661375,0.07082458,15,1.02400313808271
"gamma[6]",0.95,0.5,"mean",0.2738901,0.29461,0.304751959375,0.31493,0.334592075,15,1.02400313808271
"gamma[7]",0.95,0.5,"mean",-1.76658025,-1.683015,-1.6378712525,-1.592915,-1.508478,15,1.02400313808271
"gamma[8]",0.95,0.5,"mean",-1.51807025,-1.4347175,-1.3901558875,-1.346285,-1.26361,15,1.02400313808271
