"parameter","outer_width","inner_width","point_est","ll","l","m","h","hh","time","rhat"
"gamma[1]",0.95,0.5,"mean",2.88280525,3.077155,3.172156445,3.2703625,3.45549525,14,1.02425829416613
"gamma[2]",0.95,0.5,"mean",0.90221335,1.0087025,1.06314082875,1.1186675,1.22132175,14,1.02425829416613
"gamma[3]",0.95,0.5,"mean",0.172881275,0.1947915,0.20644096375,0.21784925,0.24058335,14,1.02425829416613
"gamma[4]",0.95,0.5,"mean",0.230571575,0.25565175,0.268291866125,0.2812085,0.306336625,14,1.02425829416613
"gamma[5]",0.95,0.5,"mean",0.022716285,0.043556725,0.054594262396125,0.065788125,0.0872230825,14,1.02425829416613
"gamma[6]",0.95,0.5,"mean",0.280897,0.30307375,0.314989437875,0.32660525,0.34953215,14,1.02425829416613
"gamma[7]",0.95,0.5,"mean",-1.6166035,-1.5298,-1.48343003625,-1.4376525,-1.3527395,14,1.02425829416613
"gamma[8]",0.95,0.5,"mean",-1.50945275,-1.42254,-1.37820674875,-1.33361,-1.2530655,14,1.02425829416613
