"parameter","outer_width","inner_width","point_est","ll","l","m","h","hh","time","rhat"
"gamma[1]",0.95,0.5,"mean",2.93159,3.0935725,3.1831965325,3.2703325,3.443805,15,1.02462730107954
"gamma[2]",0.95,0.5,"mean",0.907203725,1.01235,1.069130612375,1.1252025,1.23117675,15,1.02462730107954
"gamma[3]",0.95,0.5,"mean",0.195863075,0.21875,0.230562486375,0.2424375,0.265016475,15,1.02462730107954
"gamma[4]",0.95,0.5,"mean",0.18749515,0.21080275,0.2227964555,0.23496125,0.257519675,15,1.02462730107954
"gamma[5]",0.95,0.5,"mean",0.0227040675,0.0452319,0.05670633481125,0.06829165,0.09090094,15,1.02462730107954
"gamma[6]",0.95,0.5,"mean",0.2865225,0.3092355,0.32090889625,0.33266925,0.35464515,15,1.02462730107954
"gamma[7]",0.95,0.5,"mean",-1.60825275,-1.5168275,-1.47248531875,-1.4277075,-1.33746525,15,1.02462730107954
"gamma[8]",0.95,0.5,"mean",-1.5254875,-1.43524,-1.38664885875,-1.3387275,-1.24500775,15,1.02462730107954
