"parameter","outer_width","inner_width","point_est","ll","l","m","h","hh","time","rhat"
"gamma[1]",0.95,0.5,"mean",2.825473,2.9756475,3.055490795,3.1343625,3.2877415,12,1.02145050159921
"gamma[2]",0.95,0.5,"mean",0.921084725,1.0051675,1.04819817575,1.09043,1.1800005,12,1.02145050159921
"gamma[3]",0.95,0.5,"mean",0.186418025,0.20822425,0.219466955,0.23091675,0.2524064,12,1.02145050159921
"gamma[4]",0.95,0.5,"mean",0.2217926,0.246245,0.25871067525,0.27133675,0.295056375,12,1.02145050159921
"gamma[5]",0.95,0.5,"mean",0.0225049675,0.044145575,0.05468143711425,0.0654678,0.0860119825,12,1.02145050159921
"gamma[6]",0.95,0.5,"mean",0.258949175,0.282486,0.2944252885,0.30665425,0.3288731,12,1.02145050159921
"gamma[7]",0.95,0.5,"mean",-1.64261025,-1.55867,-1.519222625,-1.47892,-1.39963175,12,1.02145050159921
"gamma[8]",0.95,0.5,"mean",-1.58525375,-1.49627,-1.45228317125,-1.408645,-1.32107,12,1.02145050159921
