"parameter","outer_width","inner_width","point_est","ll","l","m","h","hh","time","rhat"
"gamma[1]",0.95,0.5,"mean",2.73395725,2.89898,2.9862408075,3.0722075,3.2433485,11,1.02350258491654
"gamma[2]",0.95,0.5,"mean",0.8191425,0.91573275,0.96590694925,1.01716,1.1161875,11,1.02350258491654
"gamma[3]",0.95,0.5,"mean",0.14198495,0.16371075,0.17555592125,0.18731925,0.2094664,11,1.02350258491654
"gamma[4]",0.95,0.5,"mean",0.221533725,0.24514775,0.25705656025,0.269269,0.29165625,11,1.02350258491654
"gamma[5]",0.95,0.5,"mean",-0.01508676,0.0071912825,0.0187912615603734,0.03039005,0.053235745,11,1.02350258491654
"gamma[6]",0.95,0.5,"mean",0.255838175,0.2759685,0.286537902,0.2971015,0.317590075,11,1.02350258491654
"gamma[7]",0.95,0.5,"mean",-1.74057075,-1.6559625,-1.611240085,-1.566855,-1.47905,11,1.02350258491654
"gamma[8]",0.95,0.5,"mean",-1.56689025,-1.4746525,-1.42582013375,-1.37621,-1.28716875,11,1.02350258491654
