"parameter","outer_width","inner_width","point_est","ll","l","m","h","hh","time","rhat"
"gamma[1]",0.95,0.5,"mean",2.66080925,2.83665,2.92395207875,3.0133675,3.17856275,16,1.03042337375605
"gamma[2]",0.95,0.5,"mean",0.759813625,0.8614055,0.911542597125,0.9627265,1.057382,16,1.03042337375605
"gamma[3]",0.95,0.5,"mean",0.14624065,0.16562375,0.17596224325,0.186163,0.2058156,16,1.03042337375605
"gamma[4]",0.95,0.5,"mean",0.206705875,0.2297625,0.242094355125,0.2544615,0.27808505,16,1.03042337375605
"gamma[5]",0.95,0.5,"mean",0.0224220525,0.045279325,0.057394767988,0.06959765,0.092746365,16,1.03042337375605
"gamma[6]",0.95,0.5,"mean",0.288055275,0.309777,0.3214983065,0.3332255,0.35608335,16,1.03042337375605
"gamma[7]",0.95,0.5,"mean",-1.74098225,-1.6582425,-1.6148830325,-1.5707225,-1.49084625,16,1.03042337375605
"gamma[8]",0.95,0.5,"mean",-1.61524075,-1.5338875,-1.49006741125,-1.4455075,-1.36490875,16,1.03042337375605
