"parameter","outer_width","inner_width","point_est","ll","l","m","h","hh","time","rhat"
"gamma[1]",0.95,0.5,"mean",2.41268775,2.57657,2.66651543625,2.75498,2.9221315,17,1.02312947500441
"gamma[2]",0.95,0.5,"mean",0.73237165,0.82911575,0.8793347665,0.928902,1.022572,17,1.02312947500441
"gamma[3]",0.95,0.5,"mean",0.146848175,0.168375,0.179517322125,0.19042725,0.21191515,17,1.02312947500441
"gamma[4]",0.95,0.5,"mean",0.2080764,0.23043925,0.24185129625,0.25339975,0.275516125,17,1.02312947500441
"gamma[5]",0.95,0.5,"mean",0.00303733600000001,0.026685025,0.0389219905736787,0.05119645,0.073984475,17,1.02312947500441
"gamma[6]",0.95,0.5,"mean",0.268657425,0.288614,0.299355463375,0.31003425,0.33093965,17,1.02312947500441
"gamma[7]",0.95,0.5,"mean",-1.77663925,-1.6901825,-1.6457648175,-1.6016925,-1.5147525,17,1.02312947500441
"gamma[8]",0.95,0.5,"mean",-1.51123,-1.4308425,-1.39176411125,-1.351775,-1.2763045,17,1.02312947500441
