"parameter","outer_width","inner_width","point_est","ll","l","m","h","hh","time","rhat"
"gamma[1]",0.95,0.5,"mean",2.65470525,2.8125975,2.89395878375,2.9761525,3.1344625,16,1.02274479308428
"gamma[2]",0.95,0.5,"mean",0.84040455,0.931349,0.98009550375,1.028715,1.11959325,16,1.02274479308428
"gamma[3]",0.95,0.5,"mean",0.15830495,0.1785155,0.188578560625,0.1990605,0.218795225,16,1.02274479308428
"gamma[4]",0.95,0.5,"mean",0.16930065,0.19287125,0.204954382,0.21701525,0.240061075,16,1.02274479308428
"gamma[5]",0.95,0.5,"mean",0.0315557875,0.05439645,0.06687302314125,0.079306275,0.1024893,16,1.02274479308428
"gamma[6]",0.95,0.5,"mean",0.284765175,0.30465925,0.314992209375,0.3252425,0.3450851,16,1.02274479308428
"gamma[7]",0.95,0.5,"mean",-1.7423985,-1.669765,-1.62988528125,-1.5911675,-1.51509975,16,1.02274479308428
"gamma[8]",0.95,0.5,"mean",-1.53283525,-1.434985,-1.38748927375,-1.33887,-1.244636,16,1.02274479308428
