"parameter","outer_width","inner_width","point_est","ll","l","m","h","hh","time","rhat"
"gamma[1]",0.95,0.5,"mean",2.80801975,2.9583525,3.04388211875,3.1270825,3.28674325,18,1.02465295576937
"gamma[2]",0.95,0.5,"mean",0.907011275,1.00591,1.06154736275,1.1153025,1.222784,18,1.02465295576937
"gamma[3]",0.95,0.5,"mean",0.174856875,0.1979715,0.209289458,0.220755,0.2430959,18,1.02465295576937
"gamma[4]",0.95,0.5,"mean",0.2060787,0.22896525,0.2411138835,0.25324425,0.27710325,18,1.02465295576937
"gamma[5]",0.95,0.5,"mean",0.05569337,0.07713635,0.0883900429875,0.099767875,0.1217164,18,1.02465295576937
"gamma[6]",0.95,0.5,"mean",0.26262705,0.28608175,0.29796621475,0.309969,0.332676675,18,1.02465295576937
"gamma[7]",0.95,0.5,"mean",-1.7475235,-1.669565,-1.63008281875,-1.589925,-1.51502575,18,1.02465295576937
"gamma[8]",0.95,0.5,"mean",-1.59906275,-1.5122275,-1.46766648125,-1.4235225,-1.3374195,18,1.02465295576937
