"parameter","outer_width","inner_width","point_est","ll","l","m","h","hh","time","rhat"
"gamma[1]",0.95,0.5,"mean",2.8634655,2.9954125,3.0656924825,3.13497,3.27058075,17,1.02021029451067
"gamma[2]",0.95,0.5,"mean",0.903271475,0.99103375,1.03905945275,1.0864025,1.17547175,17,1.02021029451067
"gamma[3]",0.95,0.5,"mean",0.171409825,0.1916115,0.20173545375,0.2123225,0.231395475,17,1.02021029451067
"gamma[4]",0.95,0.5,"mean",0.20404975,0.22598975,0.237112079375,0.24817125,0.26994715,17,1.02021029451067
"gamma[5]",0.95,0.5,"mean",0.0130738475,0.03810975,0.050989947678625,0.063736125,0.0886498375,17,1.02021029451067
"gamma[6]",0.95,0.5,"mean",0.24566545,0.26825325,0.280346965375,0.2921825,0.314689025,17,1.02021029451067
"gamma[7]",0.95,0.5,"mean",-1.72860725,-1.646515,-1.60257586875,-1.5583325,-1.475687,17,1.02021029451067
"gamma[8]",0.95,0.5,"mean",-1.36619375,-1.2948025,-1.25841647875,-1.22148,-1.151919,17,1.02021029451067
