"parameter","outer_width","inner_width","point_est","ll","l","m","h","hh","time","rhat"
"gamma[1]",0.95,0.5,"mean",2.73964725,2.90056,2.98473614875,3.0667575,3.23394025,15,1.00081314547551
"gamma[2]",0.95,0.5,"mean",0.920726825,1.011525,1.059512507625,1.107135,1.198241,15,1.00081314547551
"gamma[3]",0.95,0.5,"mean",0.124428825,0.1445925,0.15489684775,0.16516625,0.18555335,15,1.00081314547551
"gamma[4]",0.95,0.5,"mean",0.228993475,0.25097475,0.262033975125,0.27342675,0.2946141,15,1.00081314547551
"gamma[5]",0.95,0.5,"mean",0.0331647975,0.055889175,0.06743435408875,0.0790608,0.101634225,15,1.00081314547551
"gamma[6]",0.95,0.5,"mean",0.265631975,0.28506475,0.294631710625,0.3044135,0.3219401,15,1.00081314547551
"gamma[7]",0.95,0.5,"mean",-1.7712255,-1.680995,-1.63489842375,-1.5888175,-1.49282275,15,1.00081314547551
"gamma[8]",0.95,0.5,"mean",-1.54433225,-1.45554,-1.40861397125,-1.3615775,-1.26907275,15,1.00081314547551
