"parameter","outer_width","inner_width","point_est","ll","l","m","h","hh","time","rhat"
"gamma[1]",0.95,0.5,"mean",2.665333,2.83565,2.92290829125,3.009465,3.1763465,21,1.03338934401649
"gamma[2]",0.95,0.5,"mean",0.835787025,0.92707,0.9726211695,1.0187925,1.107542,21,1.03338934401649
"gamma[3]",0.95,0.5,"mean",0.190326925,0.2097435,0.2198642495,0.22993675,0.249350575,21,1.03338934401649
"gamma[4]",0.95,0.5,"mean",0.202170975,0.2274115,0.240885893125,0.254235,0.280002975,21,1.03338934401649
"gamma[5]",0.95,0.5,"mean",0.03729096,0.05920675,0.0706615220025,0.08209425,0.104737425,21,1.03338934401649
"gamma[6]",0.95,0.5,"mean",0.2608347,0.2819355,0.2930749295,0.30396625,0.32512415,21,1.03338934401649
"gamma[7]",0.95,0.5,"mean",-1.784801,-1.70297,-1.66326784,-1.6221225,-1.54577525,21,1.03338934401649
"gamma[8]",0.95,0.5,"mean",-1.43583525,-1.35164,-1.309175015,-1.266825,-1.18425725,21,1.03338934401649
