"parameter","outer_width","inner_width","point_est","ll","l","m","h","hh","time","rhat"
"gamma[1]",0.95,0.5,"mean",2.61237925,2.79154,2.87912463875,2.9688275,3.145211,14,1.02461195158561
"gamma[2]",0.95,0.5,"mean",0.753164675,0.8558975,0.905989860625,0.956664,1.053048,14,1.02461195158561
"gamma[3]",0.95,0.5,"mean",0.12598195,0.1513795,0.164456359675,0.17774325,0.2034032,14,1.02461195158561
"gamma[4]",0.95,0.5,"mean",0.20748585,0.2305955,0.24258682625,0.25461425,0.278114175,14,1.02461195158561
"gamma[5]",0.95,0.5,"mean",0.0250809275,0.051388325,0.06416661487475,0.0768658,0.1026366,14,1.02461195158561
"gamma[6]",0.95,0.5,"mean",0.3093326,0.330888,0.34174785525,0.35267725,0.374273225,14,1.02461195158561
"gamma[7]",0.95,0.5,"mean",-1.8122305,-1.7228775,-1.6754961,-1.6284375,-1.5346395,14,1.02461195158561
"gamma[8]",0.95,0.5,"mean",-1.46138075,-1.3806825,-1.33882656125,-1.2969725,-1.21880225,14,1.02461195158561
