"parameter","outer_width","inner_width","point_est","ll","l","m","h","hh","time","rhat"
"gamma[1]",0.95,0.5,"mean",2.573942,2.742155,2.83066431875,2.916435,3.08512875,12,1.02308146489438
"gamma[2]",0.95,0.5,"mean",0.73868775,0.840591,0.891637170625,0.94258325,1.04249175,12,1.02308146489438
"gamma[3]",0.95,0.5,"mean",0.1521587,0.17538925,0.186830228,0.1983685,0.219993775,12,1.02308146489438
"gamma[4]",0.95,0.5,"mean",0.226690775,0.24769025,0.258904949125,0.27022125,0.291027125,12,1.02308146489438
"gamma[5]",0.95,0.5,"mean",0.00389143725000001,0.0250719,0.0363912376295,0.047372875,0.069430745,12,1.02308146489438
"gamma[6]",0.95,0.5,"mean",0.24134215,0.26182575,0.27251398975,0.2832775,0.30278555,12,1.02308146489438
"gamma[7]",0.95,0.5,"mean",-1.74020075,-1.656015,-1.61344575,-1.570865,-1.48995825,12,1.02308146489438
"gamma[8]",0.95,0.5,"mean",-1.57974325,-1.48848,-1.44229067,-1.3961775,-1.304399,12,1.02308146489438
