"parameter","outer_width","inner_width","point_est","ll","l","m","h","hh","time","rhat"
"gamma[1]",0.95,0.5,"mean",2.811808,2.965755,3.0478626025,3.1278375,3.2901575,15,1.03403917360114
"gamma[2]",0.95,0.5,"mean",0.893274,0.981993,1.027365472375,1.07211,1.1577205,15,1.03403917360114
"gamma[3]",0.95,0.5,"mean",0.195489925,0.2154305,0.225889616125,0.23649025,0.2552748,15,1.03403917360114
"gamma[4]",0.95,0.5,"mean",0.2193542,0.2426215,0.254465976125,0.266518,0.28891345,15,1.03403917360114
"gamma[5]",0.95,0.5,"mean",0.032945235,0.055701575,0.0674819301475,0.0794332,0.101771275,15,1.03403917360114
"gamma[6]",0.95,0.5,"mean",0.27354285,0.29708625,0.309154575875,0.3212555,0.345332,15,1.03403917360114
"gamma[7]",0.95,0.5,"mean",-1.73342175,-1.652625,-1.61124552125,-1.570055,-1.48972525,15,1.03403917360114
"gamma[8]",0.95,0.5,"mean",-1.53342175,-1.4517075,-1.4103849975,-1.3693275,-1.2873595,15,1.03403917360114
