"parameter","outer_width","inner_width","point_est","ll","l","m","h","hh","time","rhat"
"gamma[1]",0.95,0.5,"mean",2.71298875,2.88739,2.97411855375,3.0633525,3.2307205,13,1.02332794742697
"gamma[2]",0.95,0.5,"mean",0.888942825,0.989646,1.037443108375,1.0862325,1.1815115,13,1.02332794742697
"gamma[3]",0.95,0.5,"mean",0.15448,0.17549325,0.186347869375,0.1973225,0.21773365,13,1.02332794742697
"gamma[4]",0.95,0.5,"mean",0.208936175,0.2348985,0.248293664625,0.2619995,0.28649315,13,1.02332794742697
"gamma[5]",0.95,0.5,"mean",0.0173210975,0.0396843,0.051191027505175,0.0625592,0.085541135,13,1.02332794742697
"gamma[6]",0.95,0.5,"mean",0.296409925,0.31725275,0.328900397875,0.34028875,0.362396525,13,1.02332794742697
"gamma[7]",0.95,0.5,"mean",-1.7096815,-1.6208325,-1.57516355625,-1.5297375,-1.44000975,13,1.02332794742697
"gamma[8]",0.95,0.5,"mean",-1.554611,-1.45933,-1.41369850125,-1.3679575,-1.27509725,13,1.02332794742697
