"parameter","outer_width","inner_width","point_est","ll","l","m","h","hh","time","rhat"
"gamma[1]",0.95,0.5,"mean",2.682433,2.8435375,2.92633693625,3.009535,3.17596075,15,1.03184784774819
"gamma[2]",0.95,0.5,"mean",0.816309975,0.90595975,0.95403286125,1.003095,1.09294025,15,1.03184784774819
"gamma[3]",0.95,0.5,"mean",0.164456975,0.18642,0.197493165625,0.20877675,0.2300814,15,1.03184784774819
"gamma[4]",0.95,0.5,"mean",0.2225981,0.24335625,0.2547880295,0.2660055,0.2878844,15,1.03184784774819
"gamma[5]",0.95,0.5,"mean",0.034266115,0.056947675,0.0679941778555,0.079205925,0.1011078,15,1.03184784774819
"gamma[6]",0.95,0.5,"mean",0.256583975,0.28064275,0.29308910675,0.30534175,0.3295597,15,1.03184784774819
"gamma[7]",0.95,0.5,"mean",-1.784091,-1.696055,-1.65061655,-1.6038425,-1.51442825,15,1.03184784774819
"gamma[8]",0.95,0.5,"mean",-1.70231425,-1.61616,-1.56999390125,-1.52399,-1.43276675,15,1.03184784774819
