"parameter","outer_width","inner_width","point_est","ll","l","m","h","hh","time","rhat"
"gamma[1]",0.95,0.5,"mean",2.813076,2.9626975,3.0405298475,3.120635,3.2684715,13,1.02994591776606
"gamma[2]",0.95,0.5,"mean",0.8504656,0.94469275,0.992340716625,1.039845,1.131532,13,1.02994591776606
"gamma[3]",0.95,0.5,"mean",0.2086727,0.231479,0.242598445,0.25382725,0.2758521,13,1.02994591776606
"gamma[4]",0.95,0.5,"mean",0.236055125,0.25884675,0.27040161375,0.28198025,0.3039756,13,1.02994591776606
"gamma[5]",0.95,0.5,"mean",0.0232362975,0.044060475,0.054796989579,0.0649785,0.08705348,13,1.02994591776606
"gamma[6]",0.95,0.5,"mean",0.256339925,0.27915075,0.29130724225,0.30316325,0.325980075,13,1.02994591776606
"gamma[7]",0.95,0.5,"mean",-1.72438125,-1.649085,-1.61066783625,-1.571145,-1.49698925,13,1.02994591776606
"gamma[8]",0.95,0.5,"mean",-1.591042,-1.5083825,-1.4660323425,-1.4240975,-1.33896825,13,1.02994591776606
