"parameter","outer_width","inner_width","point_est","ll","l","m","h","hh","time","rhat"
"gamma[1]",0.95,0.5,"mean",2.6619575,2.8227075,2.9037217325,2.987285,3.14512,14,1.02662481916128
"gamma[2]",0.95,0.5,"mean",0.80470415,0.9040995,0.95558522,1.00746,1.10752175,14,1.02662481916128
"gamma[3]",0.95,0.5,"mean",0.1588014,0.177941,0.188334914375,0.19876225,0.21828215,14,1.02662481916128
"gamma[4]",0.95,0.5,"mean",0.231450275,0.2560465,0.268422824875,0.28097775,0.30508705,14,1.02662481916128
"gamma[5]",0.95,0.5,"mean",0.013778955,0.03524955,0.046691956445275,0.0581113,0.0800074225,14,1.02662481916128
"gamma[6]",0.95,0.5,"mean",0.238610925,0.26245375,0.274820169375,0.28749075,0.31068005,14,1.02662481916128
"gamma[7]",0.95,0.5,"mean",-1.85280075,-1.773595,-1.7283012375,-1.6837125,-1.59843925,14,1.02662481916128
"gamma[8]",0.95,0.5,"mean",-1.65009075,-1.55672,-1.50810598,-1.4599875,-1.36588175,14,1.02662481916128
