"parameter","outer_width","inner_width","point_est","ll","l","m","h","hh","time","rhat"
"gamma[1]",0.95,0.5,"mean",2.9287225,3.09098,3.17723994375,3.2617775,3.4346515,21,1.0333987431609
"gamma[2]",0.95,0.5,"mean",0.94704715,1.04093,1.088700606375,1.136275,1.232152,21,1.0333987431609
"gamma[3]",0.95,0.5,"mean",0.18180135,0.20034175,0.209872821625,0.21937475,0.237369475,21,1.0333987431609
"gamma[4]",0.95,0.5,"mean",0.207371675,0.23037625,0.242329183625,0.2544695,0.2768834,21,1.0333987431609
"gamma[5]",0.95,0.5,"mean",0.04998173,0.071589725,0.0828255151675,0.0940545,0.115519075,21,1.0333987431609
"gamma[6]",0.95,0.5,"mean",0.2675937,0.292017,0.30447770575,0.3167885,0.3405928,21,1.0333987431609
"gamma[7]",0.95,0.5,"mean",-1.6118435,-1.5417,-1.50379363,-1.466005,-1.3966195,21,1.0333987431609
"gamma[8]",0.95,0.5,"mean",-1.454195,-1.370525,-1.32579989875,-1.2808775,-1.197428,21,1.0333987431609
