"parameter","outer_width","inner_width","point_est","ll","l","m","h","hh","time","rhat"
"gamma[1]",0.95,0.5,"mean",2.74104475,2.9157875,3.00557359875,3.0958625,3.26424025,19,1.02662794045915
"gamma[2]",0.95,0.5,"mean",0.924866475,1.028045,1.082849393625,1.137245,1.241981,19,1.02662794045915
"gamma[3]",0.95,0.5,"mean",0.184515925,0.205923,0.217112139125,0.2280905,0.249580025,19,1.02662794045915
"gamma[4]",0.95,0.5,"mean",0.213948575,0.23691275,0.24849435425,0.2599645,0.28254635,19,1.02662794045915
"gamma[5]",0.95,0.5,"mean",-0.0061567585,0.015984075,0.0269397715106525,0.03766335,0.0596864475,19,1.02662794045915
"gamma[6]",0.95,0.5,"mean",0.288063825,0.3098585,0.32080029925,0.3317465,0.352754475,19,1.02662794045915
"gamma[7]",0.95,0.5,"mean",-1.6940705,-1.598515,-1.549339225,-1.500485,-1.4060765,19,1.02662794045915
"gamma[8]",0.95,0.5,"mean",-1.4942925,-1.4094125,-1.3643879,-1.31987,-1.23253475,19,1.02662794045915
