"parameter","outer_width","inner_width","point_est","ll","l","m","h","hh","time","rhat"
"gamma[1]",0.95,0.5,"mean",2.8848595,3.038035,3.12195580875,3.20399,3.36721075,13,1.03359647772706
"gamma[2]",0.95,0.5,"mean",0.808857925,0.90302175,0.95064653,0.997636,1.09109175,13,1.03359647772706
"gamma[3]",0.95,0.5,"mean",0.168659625,0.19149075,0.203427042,0.21514575,0.23794705,13,1.03359647772706
"gamma[4]",0.95,0.5,"mean",0.209107125,0.232681,0.244991947375,0.257156,0.2813323,13,1.03359647772706
"gamma[5]",0.95,0.5,"mean",-0.00437481075,0.018797425,0.030416487494425,0.042190475,0.063861015,13,1.03359647772706
"gamma[6]",0.95,0.5,"mean",0.252992675,0.2743795,0.28632358625,0.29799725,0.32129785,13,1.03359647772706
"gamma[7]",0.95,0.5,"mean",-1.775773,-1.683495,-1.6378026375,-1.5913975,-1.50112525,13,1.03359647772706
"gamma[8]",0.95,0.5,"mean",-1.550241,-1.4758375,-1.43793597375,-1.3999475,-1.32723225,13,1.03359647772706
