"parameter","outer_width","inner_width","point_est","ll","l","m","h","hh","time","rhat"
"gamma[1]",0.95,0.5,"mean",2.639328,2.7767775,2.84674227625,2.91829,3.0454955,14,1.03108924357972
"gamma[2]",0.95,0.5,"mean",0.81855395,0.90432375,0.94876038275,0.9930995,1.078752,14,1.03108924357972
"gamma[3]",0.95,0.5,"mean",0.172334575,0.19846875,0.21222170025,0.22593975,0.2509872,14,1.03108924357972
"gamma[4]",0.95,0.5,"mean",0.20909605,0.2302945,0.241256927,0.25229925,0.273014,14,1.03108924357972
"gamma[5]",0.95,0.5,"mean",0.00376082850000001,0.02835585,0.0412913734749438,0.05431895,0.0793132774999999,14,1.03108924357972
"gamma[6]",0.95,0.5,"mean",0.22910945,0.248229,0.258858063875,0.26943275,0.288090725,14,1.03108924357972
"gamma[7]",0.95,0.5,"mean",-1.70308,-1.62107,-1.57889501125,-1.53703,-1.45293925,14,1.03108924357972
"gamma[8]",0.95,0.5,"mean",-1.5200915,-1.4344825,-1.389708895,-1.34473,-1.25765825,14,1.03108924357972
