"parameter","outer_width","inner_width","point_est","ll","l","m","h","hh","time","rhat"
"gamma[1]",0.95,0.5,"mean",2.74683,2.8958125,2.97765120625,3.056315,3.21482775,16,1.00057617268242
"gamma[2]",0.95,0.5,"mean",0.82404195,0.90605175,0.949965817875,0.9926645,1.078146,16,1.00057617268242
"gamma[3]",0.95,0.5,"mean",0.17913705,0.19923975,0.209780489125,0.220306,0.240005425,16,1.00057617268242
"gamma[4]",0.95,0.5,"mean",0.2144467,0.236493,0.247783491625,0.2590025,0.281141325,16,1.00057617268242
"gamma[5]",0.95,0.5,"mean",0.029380265,0.05249335,0.0642234899975,0.07557435,0.09918162,16,1.00057617268242
"gamma[6]",0.95,0.5,"mean",0.23760995,0.2615105,0.27307678725,0.28491875,0.306640275,16,1.00057617268242
"gamma[7]",0.95,0.5,"mean",-1.640061,-1.5618825,-1.51806979625,-1.4748175,-1.391994,16,1.00057617268242
"gamma[8]",0.95,0.5,"mean",-1.574772,-1.4878825,-1.4425513225,-1.398155,-1.30685875,16,1.00057617268242
