"parameter","outer_width","inner_width","point_est","ll","l","m","h","hh","time","rhat"
"gamma[1]",0.95,0.5,"mean",2.77793575,2.91998,2.99388974875,3.0673375,3.212441,18,1.02373268758317
"gamma[2]",0.95,0.5,"mean",0.805014475,0.90594,0.960764305,1.0169425,1.11812625,18,1.02373268758317
"gamma[3]",0.95,0.5,"mean",0.16179485,0.18234875,0.19290807075,0.20367025,0.22259,18,1.02373268758317
"gamma[4]",0.95,0.5,"mean",0.217329025,0.2410585,0.253163043,0.2652925,0.289262975,18,1.02373268758317
"gamma[5]",0.95,0.5,"mean",0.02575341,0.04562825,0.0560873389075,0.0664604,0.08661412,18,1.02373268758317
"gamma[6]",0.95,0.5,"mean",0.288092575,0.3115745,0.3241316775,0.3364815,0.360039875,18,1.02373268758317
"gamma[7]",0.95,0.5,"mean",-1.71959625,-1.6301525,-1.58341266125,-1.53783,-1.445806,18,1.02373268758317
"gamma[8]",0.95,0.5,"mean",-1.593944,-1.4951575,-1.44572499375,-1.3960725,-1.3006075,18,1.02373268758317
