"parameter","outer_width","inner_width","point_est","ll","l","m","h","hh","time","rhat"
"gamma[1]",0.95,0.5,"mean",2.7313255,2.8678475,2.933729015,3.0009425,3.13159,14,1.03350935687869
"gamma[2]",0.95,0.5,"mean",0.78816205,0.874758,0.918536883375,0.96361675,1.04568025,14,1.03350935687869
"gamma[3]",0.95,0.5,"mean",0.14824095,0.1697595,0.181533417,0.193172,0.2157119,14,1.03350935687869
"gamma[4]",0.95,0.5,"mean",0.227386025,0.24873475,0.26007133675,0.2711645,0.293098325,14,1.03350935687869
"gamma[5]",0.95,0.5,"mean",0.04254044,0.0677811,0.08045944710125,0.09331995,0.117911925,14,1.03350935687869
"gamma[6]",0.95,0.5,"mean",0.276305575,0.297851,0.308989515,0.320172,0.341774975,14,1.03350935687869
"gamma[7]",0.95,0.5,"mean",-1.80408575,-1.723735,-1.68380624625,-1.6428775,-1.56730825,14,1.03350935687869
"gamma[8]",0.95,0.5,"mean",-1.597575,-1.5146075,-1.47387346375,-1.4321125,-1.34937825,14,1.03350935687869
