"parameter","outer_width","inner_width","point_est","ll","l","m","h","hh","time","rhat"
"gamma[1]",0.95,0.5,"mean",2.88132175,3.0451475,3.13221684625,3.21825,3.389805,15,1.0341491762736
"gamma[2]",0.95,0.5,"mean",0.8230876,0.91746625,0.9683078315,1.0183125,1.11397025,15,1.0341491762736
"gamma[3]",0.95,0.5,"mean",0.18714655,0.21067325,0.22252408775,0.234391,0.25675615,15,1.0341491762736
"gamma[4]",0.95,0.5,"mean",0.224569,0.24978775,0.262465376,0.275248,0.300558475,15,1.0341491762736
"gamma[5]",0.95,0.5,"mean",-0.0153824025,0.008425875,0.020350113602925,0.032509875,0.0549848375,15,1.0341491762736
"gamma[6]",0.95,0.5,"mean",0.269536475,0.29252475,0.304284105125,0.315959,0.339838425,15,1.0341491762736
"gamma[7]",0.95,0.5,"mean",-1.7176735,-1.6204925,-1.57197584625,-1.5247125,-1.4265295,15,1.0341491762736
"gamma[8]",0.95,0.5,"mean",-1.473436,-1.3866025,-1.34143393375,-1.2963375,-1.20523775,15,1.0341491762736
