"parameter","outer_width","inner_width","point_est","ll","l","m","h","hh","time","rhat"
"gamma[1]",0.95,0.5,"mean",2.81070225,2.9518575,3.0273130175,3.10073,3.25000675,15,1.02419580137078
"gamma[2]",0.95,0.5,"mean",0.862945775,0.95488925,1.002838786375,1.05063,1.14268275,15,1.02419580137078
"gamma[3]",0.95,0.5,"mean",0.184334675,0.2052795,0.21620045225,0.2269945,0.24828705,15,1.02419580137078
"gamma[4]",0.95,0.5,"mean",0.211050975,0.23345175,0.24549039825,0.25777,0.279978775,15,1.02419580137078
"gamma[5]",0.95,0.5,"mean",0.019181635,0.04088815,0.05243344558125,0.063672075,0.0864965925,15,1.02419580137078
"gamma[6]",0.95,0.5,"mean",0.277715825,0.2994175,0.311035664,0.32244325,0.34510705,15,1.02419580137078
"gamma[7]",0.95,0.5,"mean",-1.74382275,-1.66504,-1.62455022125,-1.5838925,-1.50354225,15,1.02419580137078
"gamma[8]",0.95,0.5,"mean",-1.55372175,-1.4691,-1.42414696125,-1.3796725,-1.29494875,15,1.02419580137078
