"parameter","outer_width","inner_width","point_est","ll","l","m","h","hh","time","rhat"
"gamma[1]",0.95,0.5,"mean",2.86402825,3.013145,3.09584856875,3.1762525,3.33690475,14,1.00067738140758
"gamma[2]",0.95,0.5,"mean",0.9490345,1.040205,1.088126777875,1.13591,1.227552,14,1.00067738140758
"gamma[3]",0.95,0.5,"mean",0.151404075,0.1746555,0.186025148375,0.1978125,0.21946335,14,1.00067738140758
"gamma[4]",0.95,0.5,"mean",0.227384875,0.2489425,0.259781787625,0.27088075,0.2918657,14,1.00067738140758
"gamma[5]",0.95,0.5,"mean",0.01406959,0.0353939,0.046258780016725,0.057284,0.0798128625,14,1.00067738140758
"gamma[6]",0.95,0.5,"mean",0.290108425,0.3145645,0.32769424625,0.340571,0.36570915,14,1.00067738140758
"gamma[7]",0.95,0.5,"mean",-1.59052175,-1.5092725,-1.466990005,-1.4253,-1.3379175,14,1.00067738140758
"gamma[8]",0.95,0.5,"mean",-1.57366225,-1.4839725,-1.43481758625,-1.386785,-1.293878,14,1.00067738140758
