"parameter","outer_width","inner_width","point_est","ll","l","m","h","hh","time","rhat"
"gamma[1]",0.95,0.5,"mean",2.827155,2.9941175,3.0793358375,3.164935,3.32917475,15,1.03156804181518
"gamma[2]",0.95,0.5,"mean",0.895475925,0.98290975,1.029201946375,1.0738625,1.166483,15,1.03156804181518
"gamma[3]",0.95,0.5,"mean",0.173365725,0.1972525,0.2092999295,0.221255,0.2439584,15,1.03156804181518
"gamma[4]",0.95,0.5,"mean",0.211732625,0.2334465,0.24432754525,0.255808,0.2757802,15,1.03156804181518
"gamma[5]",0.95,0.5,"mean",0.00899049850000001,0.0337011,0.0467111190302875,0.0597398,0.0844395625,15,1.03156804181518
"gamma[6]",0.95,0.5,"mean",0.2466668,0.270293,0.28218561175,0.294187,0.317047,15,1.03156804181518
"gamma[7]",0.95,0.5,"mean",-1.75805275,-1.6727825,-1.6297413,-1.5867175,-1.50617775,15,1.03156804181518
"gamma[8]",0.95,0.5,"mean",-1.588934,-1.50909,-1.46635880625,-1.4238375,-1.344554,15,1.03156804181518
