"parameter","outer_width","inner_width","point_est","ll","l","m","h","hh","time","rhat"
"gamma[1]",0.95,0.5,"mean",2.70418875,2.8555925,2.93287775,3.011495,3.1609195,13,1.02369481932648
"gamma[2]",0.95,0.5,"mean",0.82509445,0.91453775,0.961881853875,1.0091725,1.0997005,13,1.02369481932648
"gamma[3]",0.95,0.5,"mean",0.15206245,0.174272,0.185548667,0.19696125,0.2192721,13,1.02369481932648
"gamma[4]",0.95,0.5,"mean",0.20352585,0.22787425,0.240963542125,0.25378625,0.278335225,13,1.02369481932648
"gamma[5]",0.95,0.5,"mean",0.01157315,0.033862425,0.0455361110795625,0.05707015,0.079053255,13,1.02369481932648
"gamma[6]",0.95,0.5,"mean",0.25933075,0.2843735,0.2977421035,0.31093575,0.336764375,13,1.02369481932648
"gamma[7]",0.95,0.5,"mean",-1.749907,-1.6626225,-1.61762206,-1.57258,-1.481708,13,1.02369481932648
"gamma[8]",0.95,0.5,"mean",-1.6046235,-1.5150075,-1.4695734275,-1.4230475,-1.33736,13,1.02369481932648
