"parameter","outer_width","inner_width","point_est","ll","l","m","h","hh","time","rhat"
"gamma[1]",0.95,0.5,"mean",2.67070475,2.83594,2.92314700875,3.008685,3.188392,16,1.02442145320042
"gamma[2]",0.95,0.5,"mean",0.7886004,0.89091525,0.941408842625,0.99227725,1.0939955,16,1.02442145320042
"gamma[3]",0.95,0.5,"mean",0.160359325,0.18294275,0.194310714125,0.206051,0.227333425,16,1.02442145320042
"gamma[4]",0.95,0.5,"mean",0.1747155,0.20261525,0.21649869125,0.23056325,0.257868425,16,1.02442145320042
"gamma[5]",0.95,0.5,"mean",0.0260989375,0.048427275,0.059787781853875,0.0713374,0.0932784725,16,1.02442145320042
"gamma[6]",0.95,0.5,"mean",0.247856975,0.26905225,0.280878557875,0.29247325,0.31522355,16,1.02442145320042
"gamma[7]",0.95,0.5,"mean",-1.742837,-1.6494275,-1.59978340125,-1.5511625,-1.45462975,16,1.02442145320042
"gamma[8]",0.95,0.5,"mean",-1.52061375,-1.4253475,-1.3760072325,-1.327755,-1.23230425,16,1.02442145320042
