"parameter","outer_width","inner_width","point_est","ll","l","m","h","hh","time","rhat"
"gamma[1]",0.95,0.5,"mean",2.68242375,2.8333525,2.911146295,2.9899275,3.14060025,14,1.02168142174705
"gamma[2]",0.95,0.5,"mean",0.776847275,0.86967825,0.916407306625,0.96463825,1.05425375,14,1.02168142174705
"gamma[3]",0.95,0.5,"mean",0.149033,0.169401,0.179964367375,0.190768,0.210473175,14,1.02168142174705
"gamma[4]",0.95,0.5,"mean",0.1832244,0.20664375,0.218498255375,0.230342,0.253762175,14,1.02168142174705
"gamma[5]",0.95,0.5,"mean",0.03813345,0.05916215,0.070385386115,0.0816798,0.103104025,14,1.02168142174705
"gamma[6]",0.95,0.5,"mean",0.272278825,0.2971875,0.30916299475,0.32177125,0.34502055,14,1.02168142174705
"gamma[7]",0.95,0.5,"mean",-1.7556205,-1.666315,-1.62110135125,-1.57442,-1.48683825,14,1.02168142174705
"gamma[8]",0.95,0.5,"mean",-1.6097525,-1.527495,-1.48336864,-1.4385275,-1.35275675,14,1.02168142174705
