"parameter","outer_width","inner_width","point_est","ll","l","m","h","hh","time","rhat"
"gamma[1]",0.95,0.5,"mean",2.57666875,2.75348,2.84516848625,2.9372125,3.10944225,13,1.02340406964928
"gamma[2]",0.95,0.5,"mean",0.8032537,0.908134,0.965593564375,1.021745,1.12835175,13,1.02340406964928
"gamma[3]",0.95,0.5,"mean",0.160152525,0.18043975,0.19067875575,0.20115175,0.2204571,13,1.02340406964928
"gamma[4]",0.95,0.5,"mean",0.22738255,0.25172775,0.2637353225,0.27579,0.29917805,13,1.02340406964928
"gamma[5]",0.95,0.5,"mean",0.00742853950000001,0.02897975,0.039961904093375,0.05115385,0.0721327025,13,1.02340406964928
"gamma[6]",0.95,0.5,"mean",0.27773815,0.3026935,0.315633757125,0.32858775,0.35326525,13,1.02340406964928
"gamma[7]",0.95,0.5,"mean",-1.7461175,-1.6652325,-1.62514335375,-1.5853075,-1.510344,13,1.02340406964928
"gamma[8]",0.95,0.5,"mean",-1.58557125,-1.490815,-1.44112097625,-1.391855,-1.29539625,13,1.02340406964928
