"parameter","outer_width","inner_width","point_est","ll","l","m","h","hh","time","rhat"
"gamma[1]",0.95,0.5,"mean",2.85616775,3.0104425,3.09075986875,3.1700175,3.32697125,23,1.02348366770749
"gamma[2]",0.95,0.5,"mean",0.8526179,0.94741275,0.9950415715,1.04336,1.14107125,23,1.02348366770749
"gamma[3]",0.95,0.5,"mean",0.144386925,0.1669175,0.179088041875,0.1910805,0.21473675,23,1.02348366770749
"gamma[4]",0.95,0.5,"mean",0.231163475,0.2552255,0.268170942125,0.2812175,0.305267725,23,1.02348366770749
"gamma[5]",0.95,0.5,"mean",-0.0341313375,-0.009560355,0.00345198782958013,0.0166454,0.04146259,23,1.02348366770749
"gamma[6]",0.95,0.5,"mean",0.301527,0.322799,0.333783875875,0.3447425,0.3662573,23,1.02348366770749
"gamma[7]",0.95,0.5,"mean",-1.60905225,-1.5259775,-1.48376469125,-1.4410375,-1.359423,23,1.02348366770749
"gamma[8]",0.95,0.5,"mean",-1.4956595,-1.41331,-1.36885210875,-1.323705,-1.239399,23,1.02348366770749
