"parameter","outer_width","inner_width","point_est","ll","l","m","h","hh","time","rhat"
"gamma[1]",0.95,0.5,"mean",2.80612875,2.954485,3.03439486875,3.1133,3.270724,18,1.03327008411014
"gamma[2]",0.95,0.5,"mean",0.808688625,0.90505725,0.955249152125,1.0053525,1.103401,18,1.03327008411014
"gamma[3]",0.95,0.5,"mean",0.172667575,0.19236075,0.202690547875,0.2131085,0.2325247,18,1.03327008411014
"gamma[4]",0.95,0.5,"mean",0.22490715,0.248187,0.260407659125,0.27232575,0.295870075,18,1.03327008411014
"gamma[5]",0.95,0.5,"mean",0.053501415,0.076007375,0.0875187647,0.09927525,0.1208372,18,1.03327008411014
"gamma[6]",0.95,0.5,"mean",0.246078575,0.26695575,0.277856534,0.2889035,0.30915735,18,1.03327008411014
"gamma[7]",0.95,0.5,"mean",-1.69567075,-1.6102825,-1.56618262,-1.5217775,-1.43757425,18,1.03327008411014
"gamma[8]",0.95,0.5,"mean",-1.48008475,-1.3818475,-1.3322712675,-1.281425,-1.1849975,18,1.03327008411014
