"parameter","outer_width","inner_width","point_est","ll","l","m","h","hh","time","rhat"
"gamma[1]",0.95,0.5,"mean",2.49261225,2.6902875,2.781913235,2.8751725,3.05669325,15,1.02462554186647
"gamma[2]",0.95,0.5,"mean",0.76962685,0.866736,0.917278267375,0.96809975,1.0659805,15,1.02462554186647
"gamma[3]",0.95,0.5,"mean",0.146451125,0.17234475,0.184208083625,0.196585,0.2192872,15,1.02462554186647
"gamma[4]",0.95,0.5,"mean",0.1949634,0.2173025,0.22889651775,0.2405635,0.2623497,15,1.02462554186647
"gamma[5]",0.95,0.5,"mean",-0.01944855,0.0049025425,0.0165210981352637,0.028717675,0.0512560425,15,1.02462554186647
"gamma[6]",0.95,0.5,"mean",0.2377811,0.25762125,0.267948227625,0.2781795,0.298641625,15,1.02462554186647
"gamma[7]",0.95,0.5,"mean",-1.778312,-1.68876,-1.6442895125,-1.5983475,-1.51138975,15,1.02462554186647
"gamma[8]",0.95,0.5,"mean",-1.5953515,-1.5227925,-1.4858408775,-1.44787,-1.3788385,15,1.02462554186647
