"parameter","outer_width","inner_width","point_est","ll","l","m","h","hh","time","rhat"
"gamma[1]",0.95,0.5,"mean",2.8492475,3.014305,3.09819384375,3.183875,3.348349,15,1.02284257134509
"gamma[2]",0.95,0.5,"mean",0.956089575,1.0382275,1.084016537,1.128505,1.213144,15,1.02284257134509
"gamma[3]",0.95,0.5,"mean",0.188476525,0.20954875,0.219874117125,0.23049625,0.249849075,15,1.02284257134509
"gamma[4]",0.95,0.5,"mean",0.21349285,0.23771475,0.25036664175,0.262952,0.286335025,15,1.02284257134509
"gamma[5]",0.95,0.5,"mean",0.0355435175,0.056151125,0.0677096114375,0.079025225,0.101596625,15,1.02284257134509
"gamma[6]",0.95,0.5,"mean",0.2699658,0.29334275,0.305900258375,0.31831025,0.34180515,15,1.02284257134509
"gamma[7]",0.95,0.5,"mean",-1.6737335,-1.5959725,-1.55498399125,-1.5144775,-1.4331975,15,1.02284257134509
"gamma[8]",0.95,0.5,"mean",-1.528212,-1.4384925,-1.39383180625,-1.3488975,-1.25894325,15,1.02284257134509
