"parameter","outer_width","inner_width","point_est","ll","l","m","h","hh","time","rhat"
"gamma[1]",0.95,0.5,"mean",2.62068525,2.77577,2.85637249,2.93722,3.09635675,13,1.03364235146272
"gamma[2]",0.95,0.5,"mean",0.82281675,0.91425475,0.960958196875,1.0079875,1.10130125,13,1.03364235146272
"gamma[3]",0.95,0.5,"mean",0.190476125,0.21167425,0.22298469175,0.23419975,0.255856375,13,1.03364235146272
"gamma[4]",0.95,0.5,"mean",0.209853175,0.23659,0.250317363,0.26434275,0.29100505,13,1.03364235146272
"gamma[5]",0.95,0.5,"mean",0.020730805,0.040909225,0.051439917674125,0.061971575,0.0818146175,13,1.03364235146272
"gamma[6]",0.95,0.5,"mean",0.257958125,0.28267575,0.295494088,0.30816975,0.333679725,13,1.03364235146272
"gamma[7]",0.95,0.5,"mean",-1.72986225,-1.6445825,-1.59738085875,-1.55106,-1.46491675,13,1.03364235146272
"gamma[8]",0.95,0.5,"mean",-1.55432175,-1.4732925,-1.4327230225,-1.3925,-1.31413325,13,1.03364235146272
