"parameter","outer_width","inner_width","point_est","ll","l","m","h","hh","time","rhat"
"gamma[1]",0.95,0.5,"mean",2.972456,3.1401225,3.23074900875,3.3211975,3.488876,13,1.02451993889915
"gamma[2]",0.95,0.5,"mean",1.068551,1.16773,1.2159738915,1.2640225,1.36239025,13,1.02451993889915
"gamma[3]",0.95,0.5,"mean",0.2103965,0.2325055,0.243799829625,0.255241,0.27694265,13,1.02451993889915
"gamma[4]",0.95,0.5,"mean",0.260509825,0.28502975,0.297138724,0.30958225,0.33311565,13,1.02451993889915
"gamma[5]",0.95,0.5,"mean",0.0307390325,0.05735445,0.0709533501475,0.084721425,0.111107475,13,1.02451993889915
"gamma[6]",0.95,0.5,"mean",0.248116775,0.270082,0.2813674065,0.29253075,0.315098525,13,1.02451993889915
"gamma[7]",0.95,0.5,"mean",-1.6566505,-1.56747,-1.52142522875,-1.4761675,-1.38460925,13,1.02451993889915
"gamma[8]",0.95,0.5,"mean",-1.3872455,-1.3012175,-1.25476407025,-1.2077975,-1.12291375,13,1.02451993889915
