"parameter","outer_width","inner_width","point_est","ll","l","m","h","hh","time","rhat"
"gamma[1]",0.95,0.5,"mean",2.53600025,2.68202,2.75528827,2.8285075,2.974663,15,1.02946653515776
"gamma[2]",0.95,0.5,"mean",0.789305725,0.87669975,0.9199582525,0.964066,1.04922425,15,1.02946653515776
"gamma[3]",0.95,0.5,"mean",0.150568525,0.17508625,0.187981023625,0.200492,0.225573575,15,1.02946653515776
"gamma[4]",0.95,0.5,"mean",0.21517355,0.237929,0.249751704375,0.261677,0.284636175,15,1.02946653515776
"gamma[5]",0.95,0.5,"mean",-0.00156473924999999,0.023247375,0.0361338296279475,0.0490835,0.073489315,15,1.02946653515776
"gamma[6]",0.95,0.5,"mean",0.262505475,0.284109,0.29469922275,0.3050875,0.326672075,15,1.02946653515776
"gamma[7]",0.95,0.5,"mean",-1.81761125,-1.73262,-1.68677471,-1.6405025,-1.551818,15,1.02946653515776
"gamma[8]",0.95,0.5,"mean",-1.5857415,-1.49378,-1.4481134325,-1.402145,-1.3120985,15,1.02946653515776
