"parameter","outer_width","inner_width","point_est","ll","l","m","h","hh","time","rhat"
"gamma[1]",0.95,0.5,"mean",2.697289,2.85178,2.9291416275,3.0068375,3.15026625,12,1.02351682232896
"gamma[2]",0.95,0.5,"mean",0.7578194,0.85086975,0.898588514375,0.94700325,1.03865375,12,1.02351682232896
"gamma[3]",0.95,0.5,"mean",0.172288975,0.19596075,0.207969769625,0.2203315,0.242653,12,1.02351682232896
"gamma[4]",0.95,0.5,"mean",0.201770825,0.2246975,0.23642942975,0.24840275,0.271056525,12,1.02351682232896
"gamma[5]",0.95,0.5,"mean",0.023570935,0.0498174,0.06292459709225,0.076076175,0.10183465,12,1.02351682232896
"gamma[6]",0.95,0.5,"mean",0.241066875,0.263779,0.27548310525,0.28713425,0.3097456,12,1.02351682232896
"gamma[7]",0.95,0.5,"mean",-1.74498625,-1.670615,-1.6319856,-1.593285,-1.519024,12,1.02351682232896
"gamma[8]",0.95,0.5,"mean",-1.5148605,-1.4323725,-1.389051145,-1.345575,-1.262921,12,1.02351682232896
