"parameter","outer_width","inner_width","point_est","ll","l","m","h","hh","time","rhat"
"gamma[1]",0.95,0.5,"mean",2.81200325,2.9646,3.04374602375,3.1237825,3.2771955,15,1.02291249324699
"gamma[2]",0.95,0.5,"mean",0.739226825,0.838822,0.891584130125,0.94201125,1.04354525,15,1.02291249324699
"gamma[3]",0.95,0.5,"mean",0.182453,0.2049445,0.216289021125,0.2278615,0.249743075,15,1.02291249324699
"gamma[4]",0.95,0.5,"mean",0.2151294,0.24013075,0.253883852875,0.26752875,0.29350645,15,1.02291249324699
"gamma[5]",0.95,0.5,"mean",0.00401656525,0.025979075,0.0375394137247825,0.048886125,0.07087044,15,1.02291249324699
"gamma[6]",0.95,0.5,"mean",0.278060675,0.300522,0.31167998675,0.323021,0.3446065,15,1.02291249324699
"gamma[7]",0.95,0.5,"mean",-1.7688605,-1.6834725,-1.6401181375,-1.5965675,-1.5118595,15,1.02291249324699
"gamma[8]",0.95,0.5,"mean",-1.57215575,-1.4827025,-1.43721602625,-1.3929675,-1.3035285,15,1.02291249324699
