"parameter","outer_width","inner_width","point_est","ll","l","m","h","hh","time","rhat"
"gamma[1]",0.95,0.5,"mean",2.72938425,2.8883325,2.97057567125,3.0527575,3.21212525,15,1.02948500547857
"gamma[2]",0.95,0.5,"mean",0.82075955,0.921815,0.973771417125,1.0259525,1.12713175,15,1.02948500547857
"gamma[3]",0.95,0.5,"mean",0.158037,0.18009325,0.190589904375,0.201311,0.221494175,15,1.02948500547857
"gamma[4]",0.95,0.5,"mean",0.206625525,0.2312745,0.243535001875,0.2563285,0.278347625,15,1.02948500547857
"gamma[5]",0.95,0.5,"mean",0.024667175,0.048174075,0.059542956630375,0.07097505,0.09272625,15,1.02948500547857
"gamma[6]",0.95,0.5,"mean",0.286089775,0.31029475,0.32169436375,0.3334295,0.3561826,15,1.02948500547857
"gamma[7]",0.95,0.5,"mean",-1.80259225,-1.7207625,-1.67857394625,-1.6363075,-1.55584325,15,1.02948500547857
"gamma[8]",0.95,0.5,"mean",-1.56008025,-1.4730625,-1.42517143375,-1.3781175,-1.2891395,15,1.02948500547857
