"parameter","outer_width","inner_width","point_est","ll","l","m","h","hh","time","rhat"
"gamma[1]",0.95,0.5,"mean",2.7384345,2.9015175,2.98177495,3.063345,3.21860125,17,1.00062494299772
"gamma[2]",0.95,0.5,"mean",0.758214675,0.848381,0.8977434865,0.94627575,1.03740075,17,1.00062494299772
"gamma[3]",0.95,0.5,"mean",0.170532675,0.1913955,0.201969247625,0.21241675,0.23345555,17,1.00062494299772
"gamma[4]",0.95,0.5,"mean",0.191601825,0.213328,0.224568861,0.2360305,0.2577437,17,1.00062494299772
"gamma[5]",0.95,0.5,"mean",0.0419579125,0.065854125,0.07894930231125,0.091474425,0.1162462,17,1.00062494299772
"gamma[6]",0.95,0.5,"mean",0.266592125,0.29131875,0.304443313875,0.3177875,0.34295375,17,1.00062494299772
"gamma[7]",0.95,0.5,"mean",-1.760952,-1.67601,-1.6334118375,-1.5901575,-1.50791775,17,1.00062494299772
"gamma[8]",0.95,0.5,"mean",-1.512838,-1.42436,-1.378431895,-1.33187,-1.24487925,17,1.00062494299772
