"parameter","outer_width","inner_width","point_est","ll","l","m","h","hh","time","rhat"
"gamma[1]",0.95,0.5,"mean",2.70483475,2.8739575,2.9630783025,3.0523725,3.2208625,14,1.03262181323548
"gamma[2]",0.95,0.5,"mean",0.773966,0.8654585,0.91439202025,0.96312175,1.05454025,14,1.03262181323548
"gamma[3]",0.95,0.5,"mean",0.179245075,0.20027075,0.21114142625,0.222145,0.24268005,14,1.03262181323548
"gamma[4]",0.95,0.5,"mean",0.217953175,0.2412035,0.25348536425,0.2656585,0.28867735,14,1.03262181323548
"gamma[5]",0.95,0.5,"mean",-0.0247312675,-0.0010863675,0.0115417937319841,0.0239618,0.04814192,14,1.03262181323548
"gamma[6]",0.95,0.5,"mean",0.257570375,0.2825875,0.29527260025,0.308102,0.332400325,14,1.03262181323548
"gamma[7]",0.95,0.5,"mean",-1.7295205,-1.6458,-1.60532246125,-1.5643575,-1.483558,14,1.03262181323548
"gamma[8]",0.95,0.5,"mean",-1.53450275,-1.4431725,-1.3965259075,-1.3508,-1.26095325,14,1.03262181323548
