"parameter","outer_width","inner_width","point_est","ll","l","m","h","hh","time","rhat"
"gamma[1]",0.95,0.5,"mean",2.82785375,2.9715725,3.04531518,3.119435,3.264134,16,1.03210128749405
"gamma[2]",0.95,0.5,"mean",0.961212825,1.048605,1.095688567375,1.14308,1.22707325,16,1.03210128749405
"gamma[3]",0.95,0.5,"mean",0.17544865,0.1964975,0.20680143075,0.21750525,0.237491775,16,1.03210128749405
"gamma[4]",0.95,0.5,"mean",0.2327798,0.25337925,0.2645730275,0.27565075,0.295599075,16,1.03210128749405
"gamma[5]",0.95,0.5,"mean",0.00457852975000001,0.028605425,0.0408498532637375,0.053413575,0.0763182,16,1.03210128749405
"gamma[6]",0.95,0.5,"mean",0.259922925,0.28276475,0.294297912875,0.30600075,0.3284101,16,1.03210128749405
"gamma[7]",0.95,0.5,"mean",-1.7378405,-1.6527675,-1.60925845625,-1.5652975,-1.478079,16,1.03210128749405
"gamma[8]",0.95,0.5,"mean",-1.54704775,-1.46899,-1.428144975,-1.3882025,-1.3068895,16,1.03210128749405
