"parameter","outer_width","inner_width","point_est","ll","l","m","h","hh","time","rhat"
"gamma[1]",0.95,0.5,"mean",2.86055575,3.00691,3.077843605,3.15201,3.29113125,14,1.0215957788881
"gamma[2]",0.95,0.5,"mean",0.8947993,0.9790175,1.0241993115,1.0686575,1.15669175,14,1.0215957788881
"gamma[3]",0.95,0.5,"mean",0.151628975,0.17332625,0.184268527875,0.19530075,0.21567205,14,1.0215957788881
"gamma[4]",0.95,0.5,"mean",0.231077575,0.2534465,0.26509921925,0.276501,0.299600725,14,1.0215957788881
"gamma[5]",0.95,0.5,"mean",0.02712642,0.04790425,0.05851690733875,0.069483025,0.0895912925,14,1.0215957788881
"gamma[6]",0.95,0.5,"mean",0.2875523,0.31015125,0.32175006675,0.33331625,0.356871425,14,1.0215957788881
"gamma[7]",0.95,0.5,"mean",-1.703171,-1.6206525,-1.5790669475,-1.5370725,-1.46054,14,1.0215957788881
"gamma[8]",0.95,0.5,"mean",-1.56043525,-1.485905,-1.44668652875,-1.4077975,-1.332149,14,1.0215957788881
