"parameter","outer_width","inner_width","point_est","ll","l","m","h","hh","time","rhat"
"gamma[1]",0.95,0.5,"mean",2.754652,2.8917925,2.96430344875,3.0376375,3.17292525,11,1.02256984669386
"gamma[2]",0.95,0.5,"mean",0.8048961,0.8993355,0.947779656375,0.99602925,1.08919025,11,1.02256984669386
"gamma[3]",0.95,0.5,"mean",0.12839055,0.1494495,0.1608647384125,0.172223,0.193125325,11,1.02256984669386
"gamma[4]",0.95,0.5,"mean",0.204483825,0.226554,0.238063107125,0.24953425,0.271672675,11,1.02256984669386
"gamma[5]",0.95,0.5,"mean",-0.00172614149999999,0.020714875,0.0328812293328625,0.04499655,0.0669793399999999,11,1.02256984669386
"gamma[6]",0.95,0.5,"mean",0.254213125,0.28090775,0.294683837,0.30823125,0.333170175,11,1.02256984669386
"gamma[7]",0.95,0.5,"mean",-1.74356025,-1.655665,-1.6106865125,-1.56648,-1.4785195,11,1.02256984669386
"gamma[8]",0.95,0.5,"mean",-1.565064,-1.4843225,-1.44011649375,-1.39656,-1.313798,11,1.02256984669386
