"parameter","outer_width","inner_width","point_est","ll","l","m","h","hh","time","rhat"
"gamma[1]",0.95,0.5,"mean",2.88473525,3.06081,3.1521387675,3.244495,3.41371425,14,1.03180570002103
"gamma[2]",0.95,0.5,"mean",0.899189225,0.984486,1.0302144335,1.0757475,1.165241,14,1.03180570002103
"gamma[3]",0.95,0.5,"mean",0.175010825,0.194976,0.205587465375,0.216142,0.2365846,14,1.03180570002103
"gamma[4]",0.95,0.5,"mean",0.204223975,0.22673575,0.23799905475,0.249905,0.271184225,14,1.03180570002103
"gamma[5]",0.95,0.5,"mean",0.0233912,0.0471573,0.059716545256875,0.07228975,0.0966122199999999,14,1.03180570002103
"gamma[6]",0.95,0.5,"mean",0.27142765,0.29313475,0.304339814125,0.3154725,0.3366641,14,1.03180570002103
"gamma[7]",0.95,0.5,"mean",-1.6307905,-1.5548475,-1.51580086125,-1.476515,-1.4016685,14,1.03180570002103
"gamma[8]",0.95,0.5,"mean",-1.432845,-1.3477925,-1.3030478925,-1.2594475,-1.170928,14,1.03180570002103
