"parameter","outer_width","inner_width","point_est","ll","l","m","h","hh","time","rhat"
"gamma[1]",0.95,0.5,"mean",2.71772,2.8523875,2.92367962125,2.9952175,3.1312105,14,1.00070908894214
"gamma[2]",0.95,0.5,"mean",0.858953,0.950495,0.998088033875,1.0462,1.1378105,14,1.00070908894214
"gamma[3]",0.95,0.5,"mean",0.1716798,0.1956105,0.207352648875,0.21935125,0.24164435,14,1.00070908894214
"gamma[4]",0.95,0.5,"mean",0.236007775,0.25791775,0.26935480475,0.2810995,0.3028542,14,1.00070908894214
"gamma[5]",0.95,0.5,"mean",0.043908095,0.065912875,0.076777796025,0.0875328,0.1097183,14,1.00070908894214
"gamma[6]",0.95,0.5,"mean",0.25964775,0.2809465,0.2924741075,0.3039735,0.325392025,14,1.00070908894214
"gamma[7]",0.95,0.5,"mean",-1.768872,-1.6824,-1.63741263125,-1.5919225,-1.5102865,14,1.00070908894214
"gamma[8]",0.95,0.5,"mean",-1.59675325,-1.5166025,-1.47478748875,-1.4328625,-1.3501,14,1.00070908894214
