"parameter","outer_width","inner_width","point_est","ll","l","m","h","hh","time","rhat"
"gamma[1]",0.95,0.5,"mean",2.85724925,3.000465,3.07863218375,3.155735,3.30843,15,1.03020418062959
"gamma[2]",0.95,0.5,"mean",0.941366125,1.0307575,1.076976319625,1.122535,1.211781,15,1.03020418062959
"gamma[3]",0.95,0.5,"mean",0.150917,0.17366475,0.1849510385,0.1964685,0.2182871,15,1.03020418062959
"gamma[4]",0.95,0.5,"mean",0.20546405,0.22673275,0.23757350275,0.24868075,0.269479025,15,1.03020418062959
"gamma[5]",0.95,0.5,"mean",0.03878419,0.060565725,0.0716373382625,0.0828181,0.105119125,15,1.03020418062959
"gamma[6]",0.95,0.5,"mean",0.2642612,0.28825925,0.300947350625,0.313438,0.3374792,15,1.03020418062959
"gamma[7]",0.95,0.5,"mean",-1.71310125,-1.633255,-1.59484857875,-1.55618,-1.4786375,15,1.03020418062959
"gamma[8]",0.95,0.5,"mean",-1.46499075,-1.3841175,-1.34174733625,-1.2996575,-1.21651875,15,1.03020418062959
