"parameter","outer_width","inner_width","point_est","ll","l","m","h","hh","time","rhat"
"gamma[1]",0.95,0.5,"mean",2.58973875,2.76487,2.8540689425,2.9441875,3.10646325,14,1.03502626067332
"gamma[2]",0.95,0.5,"mean",0.76631635,0.86616625,0.916360006625,0.96585625,1.06915175,14,1.03502626067332
"gamma[3]",0.95,0.5,"mean",0.160122825,0.184458,0.196949395625,0.20930375,0.23379705,14,1.03502626067332
"gamma[4]",0.95,0.5,"mean",0.217925925,0.24132925,0.254027046,0.266621,0.29056325,14,1.03502626067332
"gamma[5]",0.95,0.5,"mean",-0.00522539275,0.02095355,0.0338793582725625,0.04691525,0.072359485,14,1.03502626067332
"gamma[6]",0.95,0.5,"mean",0.2535954,0.2802015,0.29287538475,0.30560825,0.330700275,14,1.03502626067332
"gamma[7]",0.95,0.5,"mean",-1.78622,-1.693975,-1.6476562,-1.60205,-1.5096885,14,1.03502626067332
"gamma[8]",0.95,0.5,"mean",-1.59499925,-1.5031175,-1.4556698975,-1.4077475,-1.32031725,14,1.03502626067332
