"parameter","outer_width","inner_width","point_est","ll","l","m","h","hh","time","rhat"
"gamma[1]",0.95,0.5,"mean",2.50835375,2.675135,2.764639535,2.85518,3.017362,14,1.03039873211623
"gamma[2]",0.95,0.5,"mean",0.731305875,0.8268585,0.873488430375,0.920238,1.0140505,14,1.03039873211623
"gamma[3]",0.95,0.5,"mean",0.157833975,0.17845325,0.18896757825,0.19965625,0.220524225,14,1.03039873211623
"gamma[4]",0.95,0.5,"mean",0.2089849,0.23169675,0.24374852725,0.255679,0.27841405,14,1.03039873211623
"gamma[5]",0.95,0.5,"mean",0.0265490275,0.047263975,0.05845944462875,0.0693314,0.0906844725,14,1.03039873211623
"gamma[6]",0.95,0.5,"mean",0.265335325,0.28976625,0.302258550375,0.3148765,0.338321825,14,1.03039873211623
"gamma[7]",0.95,0.5,"mean",-1.883667,-1.80034,-1.75630292875,-1.7128625,-1.623415,14,1.03039873211623
"gamma[8]",0.95,0.5,"mean",-1.6839535,-1.6038025,-1.56113428375,-1.51963,-1.4385445,14,1.03039873211623
