"parameter","outer_width","inner_width","point_est","ll","l","m","h","hh","time","rhat"
"gamma[1]",0.95,0.5,"mean",2.757399,2.8956975,2.96525529,3.036375,3.172194,13,1.02107804340507
"gamma[2]",0.95,0.5,"mean",0.876607425,0.95635725,1.000490938625,1.04306,1.12611075,13,1.02107804340507
"gamma[3]",0.95,0.5,"mean",0.189063925,0.210827,0.221901008,0.23305725,0.254536675,13,1.02107804340507
"gamma[4]",0.95,0.5,"mean",0.19654515,0.21862875,0.230292283625,0.241928,0.26339145,13,1.02107804340507
"gamma[5]",0.95,0.5,"mean",-0.0145187725,0.013109475,0.027249851868615,0.04164515,0.067319095,13,1.02107804340507
"gamma[6]",0.95,0.5,"mean",0.258631825,0.28421725,0.29717430525,0.3104355,0.334728975,13,1.02107804340507
"gamma[7]",0.95,0.5,"mean",-1.63346,-1.5489375,-1.50439908875,-1.4597375,-1.37457625,13,1.02107804340507
"gamma[8]",0.95,0.5,"mean",-1.44621575,-1.36869,-1.326858595,-1.285155,-1.208577,13,1.02107804340507
