"parameter","outer_width","inner_width","point_est","ll","l","m","h","hh","time","rhat"
"gamma[1]",0.95,0.5,"mean",2.79577675,2.9643825,3.053943285,3.1415325,3.31675025,14,1.02321555082077
"gamma[2]",0.95,0.5,"mean",0.880088825,0.9690925,1.016731656625,1.0643225,1.152384,14,1.02321555082077
"gamma[3]",0.95,0.5,"mean",0.164018525,0.18509675,0.195848654125,0.20662075,0.227185575,14,1.02321555082077
"gamma[4]",0.95,0.5,"mean",0.2236439,0.247735,0.25995155575,0.27212575,0.295667425,14,1.02321555082077
"gamma[5]",0.95,0.5,"mean",0.00839692250000001,0.03305665,0.0457125640495875,0.0585023,0.08337112,14,1.02321555082077
"gamma[6]",0.95,0.5,"mean",0.259105875,0.281273,0.292399251625,0.303737,0.3245188,14,1.02321555082077
"gamma[7]",0.95,0.5,"mean",-1.63355525,-1.5463575,-1.501392305,-1.4559575,-1.36767625,14,1.02321555082077
"gamma[8]",0.95,0.5,"mean",-1.48545025,-1.4108925,-1.37245469375,-1.3340325,-1.259973,14,1.02321555082077
