"parameter","outer_width","inner_width","point_est","ll","l","m","h","hh","time","rhat"
"gamma[1]",0.95,0.5,"mean",2.6369665,2.79367,2.87698200625,2.9609,3.11485525,14,1.02402338850428
"gamma[2]",0.95,0.5,"mean",0.790955175,0.880935,0.9259002415,0.97083725,1.0623715,14,1.02402338850428
"gamma[3]",0.95,0.5,"mean",0.1555515,0.1780865,0.189542001625,0.201123,0.22322625,14,1.02402338850428
"gamma[4]",0.95,0.5,"mean",0.23486275,0.25743225,0.269154731625,0.28077125,0.30316225,14,1.02402338850428
"gamma[5]",0.95,0.5,"mean",-0.00219527399999999,0.020295375,0.0319875753936762,0.04385635,0.06662359,14,1.02402338850428
"gamma[6]",0.95,0.5,"mean",0.290996525,0.3117695,0.322328945625,0.33301525,0.354250025,14,1.02402338850428
"gamma[7]",0.95,0.5,"mean",-1.75004975,-1.67039,-1.631766415,-1.592715,-1.517809,14,1.02402338850428
"gamma[8]",0.95,0.5,"mean",-1.607004,-1.5227675,-1.47988679625,-1.4369725,-1.35461,14,1.02402338850428
