"parameter","outer_width","inner_width","point_est","ll","l","m","h","hh","time","rhat"
"gamma[1]",0.95,0.5,"mean",2.971829,3.15284,3.23779031625,3.32455,3.48948575,14,1.0234453436014
"gamma[2]",0.95,0.5,"mean",0.8887295,0.99181625,1.0452765205,1.0988225,1.202767,14,1.0234453436014
"gamma[3]",0.95,0.5,"mean",0.168883925,0.18868625,0.199031590625,0.2094225,0.229364175,14,1.0234453436014
"gamma[4]",0.95,0.5,"mean",0.243931125,0.269137,0.28130881425,0.2939565,0.3176944,14,1.0234453436014
"gamma[5]",0.95,0.5,"mean",-0.0065877505,0.018062075,0.0306787839935188,0.0440196,0.06629408,14,1.0234453436014
"gamma[6]",0.95,0.5,"mean",0.286902275,0.30688075,0.3172583045,0.32758475,0.3474411,14,1.0234453436014
"gamma[7]",0.95,0.5,"mean",-1.7336105,-1.64183,-1.59567367,-1.5481575,-1.4597265,14,1.0234453436014
"gamma[8]",0.95,0.5,"mean",-1.4617705,-1.37111,-1.3256829725,-1.2794875,-1.1923855,14,1.0234453436014
