"parameter","outer_width","inner_width","point_est","ll","l","m","h","hh","time","rhat"
"gamma[1]",0.95,0.5,"mean",2.69403975,2.855125,2.9353340625,3.0148825,3.1685855,12,1.02110617520113
"gamma[2]",0.95,0.5,"mean",0.86642195,0.95227125,0.9964969915,1.04021,1.12994425,12,1.02110617520113
"gamma[3]",0.95,0.5,"mean",0.1717109,0.19272425,0.20372339925,0.21476025,0.2358096,12,1.02110617520113
"gamma[4]",0.95,0.5,"mean",0.19994445,0.22299575,0.23453661875,0.24623675,0.26769715,12,1.02110617520113
"gamma[5]",0.95,0.5,"mean",0.04640768,0.069843775,0.0817722100375,0.0936218,0.1166091,12,1.02110617520113
"gamma[6]",0.95,0.5,"mean",0.256005175,0.27929875,0.291725282125,0.303872,0.3274922,12,1.02110617520113
"gamma[7]",0.95,0.5,"mean",-1.7300725,-1.64806,-1.60434570125,-1.56088,-1.4709855,12,1.02110617520113
"gamma[8]",0.95,0.5,"mean",-1.5543135,-1.4695825,-1.42175248,-1.3750725,-1.28788625,12,1.02110617520113
