"parameter","outer_width","inner_width","point_est","ll","l","m","h","hh","time","rhat"
"gamma[1]",0.95,0.5,"mean",2.6983195,2.893435,2.992350395,3.09044,3.2780225,14,1.02389363435638
"gamma[2]",0.95,0.5,"mean",0.745625875,0.8578035,0.91420132875,0.9718115,1.08334025,14,1.02389363435638
"gamma[3]",0.95,0.5,"mean",0.156922875,0.1801035,0.191844057625,0.203784,0.2263774,14,1.02389363435638
"gamma[4]",0.95,0.5,"mean",0.192278425,0.21681075,0.230069105375,0.24355375,0.267626275,14,1.02389363435638
"gamma[5]",0.95,0.5,"mean",-0.00494695474999998,0.01930045,0.0317664358781113,0.044178075,0.0677651825,14,1.02389363435638
"gamma[6]",0.95,0.5,"mean",0.25478835,0.2786785,0.290880378125,0.30292525,0.32673345,14,1.02389363435638
"gamma[7]",0.95,0.5,"mean",-1.7718205,-1.6866975,-1.6405480875,-1.59443,-1.509472,14,1.02389363435638
"gamma[8]",0.95,0.5,"mean",-1.52879825,-1.439635,-1.39423464375,-1.34868,-1.26015725,14,1.02389363435638
