"parameter","outer_width","inner_width","point_est","ll","l","m","h","hh","time","rhat"
"gamma[1]",0.95,0.5,"mean",2.84835825,3.0135375,3.10309669375,3.190185,3.363112,12,1.03420542717612
"gamma[2]",0.95,0.5,"mean",0.89019695,0.98669475,1.037802699375,1.0884775,1.18985375,12,1.03420542717612
"gamma[3]",0.95,0.5,"mean",0.1651941,0.18890925,0.2008987935,0.21314625,0.23650705,12,1.03420542717612
"gamma[4]",0.95,0.5,"mean",0.2330708,0.25532375,0.26744065625,0.27940125,0.302668975,12,1.03420542717612
"gamma[5]",0.95,0.5,"mean",0.00167369075000001,0.026630075,0.039811413013875,0.05301795,0.077696705,12,1.03420542717612
"gamma[6]",0.95,0.5,"mean",0.2573433,0.27668375,0.28635251725,0.2960925,0.315630525,12,1.03420542717612
"gamma[7]",0.95,0.5,"mean",-1.7449615,-1.6610425,-1.61671604375,-1.5724125,-1.48717275,12,1.03420542717612
"gamma[8]",0.95,0.5,"mean",-1.4575835,-1.372295,-1.32935999125,-1.2862275,-1.202645,12,1.03420542717612
