"parameter","outer_width","inner_width","point_est","ll","l","m","h","hh","time","rhat"
"gamma[1]",0.95,0.5,"mean",2.78596,2.9455675,3.028294935,3.110865,3.26574375,12,1.02364936917642
"gamma[2]",0.95,0.5,"mean",0.8851085,0.99155525,1.0450098265,1.099785,1.1987605,12,1.02364936917642
"gamma[3]",0.95,0.5,"mean",0.1674677,0.1891075,0.200111189,0.21131675,0.23212075,12,1.02364936917642
"gamma[4]",0.95,0.5,"mean",0.2361685,0.258725,0.27090977025,0.28317075,0.305632375,12,1.02364936917642
"gamma[5]",0.95,0.5,"mean",0.00674697,0.030872375,0.0439902692545487,0.05663495,0.08193698,12,1.02364936917642
"gamma[6]",0.95,0.5,"mean",0.25676475,0.2788225,0.29022618975,0.301568,0.323587275,12,1.02364936917642
"gamma[7]",0.95,0.5,"mean",-1.749503,-1.66595,-1.62293292,-1.5801525,-1.49231875,12,1.02364936917642
"gamma[8]",0.95,0.5,"mean",-1.4586615,-1.37557,-1.333984195,-1.29161,-1.21425475,12,1.02364936917642
