"parameter","outer_width","inner_width","point_est","ll","l","m","h","hh","time","rhat"
"gamma[1]",0.95,0.5,"mean",2.82257975,2.9787575,3.0593047775,3.1383525,3.29988125,14,1.03199452588
"gamma[2]",0.95,0.5,"mean",0.9303789,1.017895,1.06505015525,1.1117,1.20239,14,1.03199452588
"gamma[3]",0.95,0.5,"mean",0.155364475,0.177669,0.189420774125,0.2015285,0.223819125,14,1.03199452588
"gamma[4]",0.95,0.5,"mean",0.169040325,0.1918825,0.2037565705,0.215452,0.2382044,14,1.03199452588
"gamma[5]",0.95,0.5,"mean",0.0414914375,0.062951375,0.0738364629625,0.085252125,0.10516585,14,1.03199452588
"gamma[6]",0.95,0.5,"mean",0.292326225,0.31263625,0.322703109875,0.332875,0.352398425,14,1.03199452588
"gamma[7]",0.95,0.5,"mean",-1.67595025,-1.59105,-1.5462735275,-1.502505,-1.4124095,14,1.03199452588
"gamma[8]",0.95,0.5,"mean",-1.5741815,-1.4929375,-1.449561335,-1.40635,-1.322886,14,1.03199452588
