"parameter","outer_width","inner_width","point_est","ll","l","m","h","hh","time","rhat"
"gamma[1]",0.95,0.5,"mean",2.8017575,2.9441375,3.02106879375,3.0948925,3.2537505,15,1.03292730721268
"gamma[2]",0.95,0.5,"mean",0.8393505,0.92584875,0.971276697375,1.016005,1.107711,15,1.03292730721268
"gamma[3]",0.95,0.5,"mean",0.1748546,0.195636,0.206338468125,0.217001,0.23752335,15,1.03292730721268
"gamma[4]",0.95,0.5,"mean",0.238598625,0.25982825,0.2715648725,0.28308325,0.304172175,15,1.03292730721268
"gamma[5]",0.95,0.5,"mean",0.03457567,0.0571344,0.068645108255,0.08011585,0.102212275,15,1.03292730721268
"gamma[6]",0.95,0.5,"mean",0.21818935,0.242472,0.25476426875,0.267252,0.291141675,15,1.03292730721268
"gamma[7]",0.95,0.5,"mean",-1.70397575,-1.628845,-1.59101944,-1.5526,-1.48197525,15,1.03292730721268
"gamma[8]",0.95,0.5,"mean",-1.608673,-1.531675,-1.49085368125,-1.45093,-1.37020425,15,1.03292730721268
