"parameter","outer_width","inner_width","point_est","ll","l","m","h","hh","time","rhat"
"gamma[1]",0.95,0.5,"mean",2.66715325,2.80649,2.87422298,2.943415,3.07710425,14,1.02118420699551
"gamma[2]",0.95,0.5,"mean",0.7798932,0.861057,0.9027847645,0.9449715,1.02538675,14,1.02118420699551
"gamma[3]",0.95,0.5,"mean",0.156221925,0.17638625,0.186581360875,0.19700275,0.215914825,14,1.02118420699551
"gamma[4]",0.95,0.5,"mean",0.216486025,0.239718,0.25255834825,0.2650625,0.289490375,14,1.02118420699551
"gamma[5]",0.95,0.5,"mean",-0.000147193899999976,0.023436125,0.0355718127026625,0.0476208,0.072267585,14,1.02118420699551
"gamma[6]",0.95,0.5,"mean",0.27809385,0.2985915,0.309181267125,0.31964975,0.3394971,14,1.02118420699551
"gamma[7]",0.95,0.5,"mean",-1.797481,-1.7237825,-1.68619278125,-1.64905,-1.577097,14,1.02118420699551
"gamma[8]",0.95,0.5,"mean",-1.508553,-1.4282775,-1.38813448375,-1.3467725,-1.26745,14,1.02118420699551
