"parameter","outer_width","inner_width","point_est","ll","l","m","h","hh","time","rhat"
"gamma[1]",0.95,0.5,"mean",2.7257485,2.8568225,2.92695200875,2.9960225,3.1342845,13,1.02242100863
"gamma[2]",0.95,0.5,"mean",0.862085625,0.9501975,0.99534364175,1.0386475,1.1265445,13,1.02242100863
"gamma[3]",0.95,0.5,"mean",0.175244975,0.19821925,0.21020980475,0.22195875,0.2454757,13,1.02242100863
"gamma[4]",0.95,0.5,"mean",0.20698945,0.23155375,0.244737480625,0.258036,0.283026075,13,1.02242100863
"gamma[5]",0.95,0.5,"mean",0.0503274125,0.06964405,0.0802349359125,0.0906312,0.11004935,13,1.02242100863
"gamma[6]",0.95,0.5,"mean",0.25847465,0.2803875,0.292510868625,0.30436125,0.327961275,13,1.02242100863
"gamma[7]",0.95,0.5,"mean",-1.57817175,-1.509325,-1.4717433825,-1.434755,-1.366289,13,1.02242100863
"gamma[8]",0.95,0.5,"mean",-1.52726025,-1.43872,-1.39524403,-1.351045,-1.26767825,13,1.02242100863
