"parameter","outer_width","inner_width","point_est","ll","l","m","h","hh","time","rhat"
"gamma[1]",0.95,0.5,"mean",2.96961875,3.142275,3.23449789125,3.3248875,3.497889,13,1.02458694669374
"gamma[2]",0.95,0.5,"mean",0.8969065,0.986679,1.035755397125,1.0852425,1.18100025,13,1.02458694669374
"gamma[3]",0.95,0.5,"mean",0.166590375,0.1882115,0.19920327775,0.21049325,0.2314519,13,1.02458694669374
"gamma[4]",0.95,0.5,"mean",0.22542205,0.2483375,0.26053899625,0.27275025,0.29551655,13,1.02458694669374
"gamma[5]",0.95,0.5,"mean",0.0140573825,0.0432342,0.0578596935291,0.072754525,0.101581,13,1.02458694669374
"gamma[6]",0.95,0.5,"mean",0.2899706,0.30904275,0.319411375625,0.32975575,0.349548025,13,1.02458694669374
"gamma[7]",0.95,0.5,"mean",-1.74403,-1.6586775,-1.6118841375,-1.56575,-1.477323,13,1.02458694669374
"gamma[8]",0.95,0.5,"mean",-1.45450475,-1.3716625,-1.328339205,-1.2857775,-1.20257925,13,1.02458694669374
