"parameter","outer_width","inner_width","point_est","ll","l","m","h","hh","time","rhat"
"gamma[1]",0.95,0.5,"mean",2.92173,3.092375,3.18244495,3.2737925,3.44863175,14,1.0215346736995
"gamma[2]",0.95,0.5,"mean",0.935000275,1.0329375,1.08712487875,1.14048,1.2422205,14,1.0215346736995
"gamma[3]",0.95,0.5,"mean",0.1820789,0.204953,0.2169329395,0.22897925,0.252192675,14,1.0215346736995
"gamma[4]",0.95,0.5,"mean",0.188390725,0.2139295,0.227430106,0.241134,0.266098575,14,1.0215346736995
"gamma[5]",0.95,0.5,"mean",0.0312486475,0.05627,0.06844045452125,0.080630825,0.10503755,14,1.0215346736995
"gamma[6]",0.95,0.5,"mean",0.26763015,0.2917385,0.3042010315,0.316669,0.341684675,14,1.0215346736995
"gamma[7]",0.95,0.5,"mean",-1.68816525,-1.5994525,-1.5553427725,-1.51021,-1.4277095,14,1.0215346736995
"gamma[8]",0.95,0.5,"mean",-1.50575375,-1.421005,-1.37733098625,-1.334235,-1.25292925,14,1.0215346736995
