"parameter","outer_width","inner_width","point_est","ll","l","m","h","hh","time","rhat"
"gamma[1]",0.95,0.5,"mean",2.781789,2.9366875,3.01857580375,3.1007675,3.25528325,16,1.02418040816056
"gamma[2]",0.95,0.5,"mean",0.927689625,1.0177475,1.0671517685,1.115815,1.21076475,16,1.02418040816056
"gamma[3]",0.95,0.5,"mean",0.1630578,0.1855445,0.196667425625,0.208125,0.229799025,16,1.02418040816056
"gamma[4]",0.95,0.5,"mean",0.2336598,0.256554,0.2682423625,0.280176,0.3020085,16,1.02418040816056
"gamma[5]",0.95,0.5,"mean",0.04664078,0.0689987,0.080620962575,0.092194375,0.114172175,16,1.02418040816056
"gamma[6]",0.95,0.5,"mean",0.274794525,0.29599875,0.3072374425,0.31832375,0.34028275,16,1.02418040816056
"gamma[7]",0.95,0.5,"mean",-1.715733,-1.6237525,-1.57434122625,-1.526145,-1.4352585,16,1.02418040816056
"gamma[8]",0.95,0.5,"mean",-1.4446405,-1.3592625,-1.31344457,-1.2679025,-1.182409,16,1.02418040816056
