"parameter","outer_width","inner_width","point_est","ll","l","m","h","hh","time","rhat"
"gamma[1]",0.95,0.5,"mean",2.5982525,2.7637975,2.85117073875,2.93893,3.10870075,16,1.02570828712363
"gamma[2]",0.95,0.5,"mean",0.8124549,0.899612,0.947917322,0.99476575,1.0921945,16,1.02570828712363
"gamma[3]",0.95,0.5,"mean",0.186204375,0.2066265,0.216964449875,0.227469,0.247542625,16,1.02570828712363
"gamma[4]",0.95,0.5,"mean",0.2043918,0.22838575,0.2401664305,0.2523335,0.274673075,16,1.02570828712363
"gamma[5]",0.95,0.5,"mean",-0.016452035,0.0050653025,0.01596728657581,0.026769,0.04829597,16,1.02570828712363
"gamma[6]",0.95,0.5,"mean",0.252548875,0.2715855,0.280922696,0.2904915,0.30863225,16,1.02570828712363
"gamma[7]",0.95,0.5,"mean",-1.79875475,-1.7066475,-1.65834424,-1.61043,-1.52113275,16,1.02570828712363
"gamma[8]",0.95,0.5,"mean",-1.645353,-1.562645,-1.51737216375,-1.47201,-1.38396925,16,1.02570828712363
