"parameter","outer_width","inner_width","point_est","ll","l","m","h","hh","time","rhat"
"gamma[1]",0.95,0.5,"mean",2.956266,3.120005,3.2020705825,3.2839425,3.4457205,16,1.02272697448863
"gamma[2]",0.95,0.5,"mean",0.925400575,1.0184275,1.068233580625,1.11764,1.2150165,16,1.02272697448863
"gamma[3]",0.95,0.5,"mean",0.1929779,0.21292875,0.22321107475,0.23365775,0.253155225,16,1.02272697448863
"gamma[4]",0.95,0.5,"mean",0.211710675,0.235908,0.24870158,0.26137825,0.28533965,16,1.02272697448863
"gamma[5]",0.95,0.5,"mean",0.01852386,0.03872935,0.0496226492502,0.06034095,0.080929825,16,1.02272697448863
"gamma[6]",0.95,0.5,"mean",0.2671961,0.2906405,0.302913134375,0.315401,0.338044075,16,1.02272697448863
"gamma[7]",0.95,0.5,"mean",-1.69744025,-1.61152,-1.56771092375,-1.522835,-1.4377895,16,1.02272697448863
"gamma[8]",0.95,0.5,"mean",-1.45458075,-1.37147,-1.32714057125,-1.283035,-1.20205975,16,1.02272697448863
