"parameter","outer_width","inner_width","point_est","ll","l","m","h","hh","time","rhat"
"gamma[1]",0.95,0.5,"mean",2.8970685,3.02523,3.09237127375,3.15894,3.2915865,13,1.02217471982879
"gamma[2]",0.95,0.5,"mean",0.9095825,0.99058425,1.03202086325,1.0728425,1.153674,13,1.02217471982879
"gamma[3]",0.95,0.5,"mean",0.1624941,0.184829,0.196886174125,0.20873975,0.23183435,13,1.02217471982879
"gamma[4]",0.95,0.5,"mean",0.257032775,0.28027075,0.292258673625,0.3043215,0.328288425,13,1.02217471982879
"gamma[5]",0.95,0.5,"mean",-0.0118789075,0.0096382625,0.0203039530827875,0.030954975,0.0524092225,13,1.02217471982879
"gamma[6]",0.95,0.5,"mean",0.274898325,0.29675375,0.307953608125,0.319299,0.340186075,13,1.02217471982879
"gamma[7]",0.95,0.5,"mean",-1.6862225,-1.600105,-1.55624672125,-1.511515,-1.42980975,13,1.02217471982879
"gamma[8]",0.95,0.5,"mean",-1.50273425,-1.422055,-1.38000469375,-1.338045,-1.25806875,13,1.02217471982879
