"parameter","outer_width","inner_width","point_est","ll","l","m","h","hh","time","rhat"
"gamma[1]",0.95,0.5,"mean",2.84693275,3.0165,3.1089551725,3.20204,3.3677135,13,1.02555629012079
"gamma[2]",0.95,0.5,"mean",0.8602425,0.96252825,1.014461909125,1.0659025,1.166674,13,1.02555629012079
"gamma[3]",0.95,0.5,"mean",0.161502925,0.18538175,0.197714337125,0.21007725,0.233056025,13,1.02555629012079
"gamma[4]",0.95,0.5,"mean",0.212622675,0.23619075,0.24804793575,0.2599045,0.28276745,13,1.02555629012079
"gamma[5]",0.95,0.5,"mean",0.036472485,0.0593468,0.070816627575,0.082463225,0.105103825,13,1.02555629012079
"gamma[6]",0.95,0.5,"mean",0.251883725,0.2755115,0.28792243275,0.30047125,0.322713225,13,1.02555629012079
"gamma[7]",0.95,0.5,"mean",-1.635357,-1.5578425,-1.518068365,-1.4779925,-1.39954225,13,1.02555629012079
"gamma[8]",0.95,0.5,"mean",-1.57014225,-1.48574,-1.4416458,-1.39716,-1.31325225,13,1.02555629012079
