"parameter","outer_width","inner_width","point_est","ll","l","m","h","hh","time","rhat"
"gamma[1]",0.95,0.5,"mean",2.78058775,2.9351675,3.01506613625,3.09535,3.2457325,19,1.03348322522728
"gamma[2]",0.95,0.5,"mean",0.8577861,0.95610425,1.008337997625,1.059435,1.16212,19,1.03348322522728
"gamma[3]",0.95,0.5,"mean",0.187834475,0.20866525,0.21929466325,0.230097,0.250213925,19,1.03348322522728
"gamma[4]",0.95,0.5,"mean",0.163786725,0.189095,0.202013874375,0.215121,0.23981965,19,1.03348322522728
"gamma[5]",0.95,0.5,"mean",0.0170566025,0.03724525,0.047478943230975,0.0577958,0.077161175,19,1.03348322522728
"gamma[6]",0.95,0.5,"mean",0.2726292,0.295622,0.307684621875,0.31949425,0.34290015,19,1.03348322522728
"gamma[7]",0.95,0.5,"mean",-1.722621,-1.6396025,-1.5969076175,-1.5530625,-1.473811,19,1.03348322522728
"gamma[8]",0.95,0.5,"mean",-1.4597445,-1.374805,-1.32847030875,-1.2833675,-1.19737675,19,1.03348322522728
