"parameter","outer_width","inner_width","point_est","ll","l","m","h","hh","time","rhat"
"gamma[1]",0.95,0.5,"mean",2.87181525,3.0307375,3.1169122775,3.200715,3.36560025,15,1.0315361658288
"gamma[2]",0.95,0.5,"mean",0.9469441,1.049675,1.10304641375,1.156855,1.2558895,15,1.0315361658288
"gamma[3]",0.95,0.5,"mean",0.13939095,0.15869225,0.16907845875,0.179185,0.199273075,15,1.0315361658288
"gamma[4]",0.95,0.5,"mean",0.26026675,0.28198025,0.29298652,0.30385375,0.325147325,15,1.0315361658288
"gamma[5]",0.95,0.5,"mean",0.0089195835,0.030562375,0.041283095782375,0.052339325,0.07346681,15,1.0315361658288
"gamma[6]",0.95,0.5,"mean",0.2694555,0.29341975,0.305696520625,0.31799425,0.34168935,15,1.0315361658288
"gamma[7]",0.95,0.5,"mean",-1.62520775,-1.5402625,-1.49683386625,-1.4527575,-1.37092575,15,1.0315361658288
"gamma[8]",0.95,0.5,"mean",-1.412013,-1.3278725,-1.28473427625,-1.242775,-1.1582905,15,1.0315361658288
