"parameter","outer_width","inner_width","point_est","ll","l","m","h","hh","time","rhat"
"gamma[1]",0.95,0.5,"mean",2.72105475,2.8634675,2.93685559125,3.01111,3.14715025,20,1.00053357932158
"gamma[2]",0.95,0.5,"mean",0.84382815,0.93195125,0.97800715925,1.02369,1.11050075,20,1.00053357932158
"gamma[3]",0.95,0.5,"mean",0.1522388,0.17516675,0.18665334875,0.1983175,0.219926625,20,1.00053357932158
"gamma[4]",0.95,0.5,"mean",0.200658425,0.2251635,0.23801814025,0.2507835,0.2747609,20,1.00053357932158
"gamma[5]",0.95,0.5,"mean",0.0308438925,0.053132425,0.06394541634125,0.07520015,0.096189575,20,1.00053357932158
"gamma[6]",0.95,0.5,"mean",0.2770467,0.298233,0.3090202125,0.31985925,0.34043725,20,1.00053357932158
"gamma[7]",0.95,0.5,"mean",-1.682883,-1.6058675,-1.5661089025,-1.52599,-1.44914925,20,1.00053357932158
"gamma[8]",0.95,0.5,"mean",-1.46528025,-1.388065,-1.34649788375,-1.3054775,-1.227389,20,1.00053357932158
