"parameter","outer_width","inner_width","point_est","ll","l","m","h","hh","time","rhat"
"gamma[1]",0.95,0.5,"mean",2.844244,3.0028325,3.08580495,3.1687275,3.32346275,15,1.02617110974698
"gamma[2]",0.95,0.5,"mean",0.837865275,0.9344665,0.983506590125,1.0316625,1.1272825,15,1.02617110974698
"gamma[3]",0.95,0.5,"mean",0.17151655,0.1951755,0.2068035175,0.21854775,0.241134225,15,1.02617110974698
"gamma[4]",0.95,0.5,"mean",0.225583775,0.2496505,0.261432457,0.273321,0.296888725,15,1.02617110974698
"gamma[5]",0.95,0.5,"mean",0.016183605,0.0412955,0.0548256922508,0.06801155,0.0921416625,15,1.02617110974698
"gamma[6]",0.95,0.5,"mean",0.271956975,0.294508,0.3057213515,0.3171845,0.33871815,15,1.02617110974698
"gamma[7]",0.95,0.5,"mean",-1.652243,-1.5619225,-1.51512861625,-1.467905,-1.37900425,15,1.02617110974698
"gamma[8]",0.95,0.5,"mean",-1.46748025,-1.3889925,-1.3471687225,-1.30543,-1.22311725,15,1.02617110974698
