"parameter","outer_width","inner_width","point_est","ll","l","m","h","hh","time","rhat"
"gamma[1]",0.95,0.5,"mean",2.669039,2.8255,2.905467115,2.9870425,3.13590425,13,1.00059953093624
"gamma[2]",0.95,0.5,"mean",0.79992875,0.90507325,0.95778884675,1.0100875,1.1096325,13,1.00059953093624
"gamma[3]",0.95,0.5,"mean",0.161040575,0.1842495,0.195982614,0.20770025,0.230143675,13,1.00059953093624
"gamma[4]",0.95,0.5,"mean",0.229805925,0.25073025,0.26183072475,0.27293625,0.293827025,13,1.00059953093624
"gamma[5]",0.95,0.5,"mean",0.0114272725,0.02907575,0.038881230595625,0.048433425,0.066502705,13,1.00059953093624
"gamma[6]",0.95,0.5,"mean",0.257245775,0.279424,0.290412971125,0.3016345,0.3229901,13,1.00059953093624
"gamma[7]",0.95,0.5,"mean",-1.6829545,-1.5962725,-1.55294963,-1.5091575,-1.42564375,13,1.00059953093624
"gamma[8]",0.95,0.5,"mean",-1.63270175,-1.5355525,-1.4877997925,-1.439575,-1.3504345,13,1.00059953093624
