"parameter","outer_width","inner_width","point_est","ll","l","m","h","hh","time","rhat"
"gamma[1]",0.95,0.5,"mean",2.725705,2.86048,2.93030854875,2.99898,3.13299575,13,1.02324158417127
"gamma[2]",0.95,0.5,"mean",0.82396005,0.9118795,0.957009389625,1.002275,1.08593425,13,1.02324158417127
"gamma[3]",0.95,0.5,"mean",0.140164475,0.16254075,0.174034186225,0.1856085,0.20805345,13,1.02324158417127
"gamma[4]",0.95,0.5,"mean",0.2114005,0.23408275,0.2459581575,0.2577645,0.28070605,13,1.02324158417127
"gamma[5]",0.95,0.5,"mean",-0.00218991124999999,0.020130475,0.0315438421450875,0.043127175,0.0641594175,13,1.02324158417127
"gamma[6]",0.95,0.5,"mean",0.266347125,0.28682775,0.297640007,0.30813325,0.3288383,13,1.02324158417127
"gamma[7]",0.95,0.5,"mean",-1.798532,-1.7202025,-1.67823528625,-1.636625,-1.55697575,13,1.02324158417127
"gamma[8]",0.95,0.5,"mean",-1.61216225,-1.527905,-1.48471770875,-1.4417675,-1.360398,13,1.02324158417127
