"parameter","outer_width","inner_width","point_est","ll","l","m","h","hh","time","rhat"
"gamma[1]",0.95,0.5,"mean",2.84098975,2.9961275,3.07616123375,3.1542775,3.31200525,13,1.02412735111414
"gamma[2]",0.95,0.5,"mean",0.87180265,0.95883025,1.0084104105,1.0561825,1.15356025,13,1.02412735111414
"gamma[3]",0.95,0.5,"mean",0.18122275,0.20330075,0.214768733875,0.2264825,0.247818325,13,1.02412735111414
"gamma[4]",0.95,0.5,"mean",0.217114975,0.24096075,0.252118246125,0.263791,0.28635625,13,1.02412735111414
"gamma[5]",0.95,0.5,"mean",0.011588675,0.03668235,0.0495846924013625,0.062635125,0.0865424925,13,1.02412735111414
"gamma[6]",0.95,0.5,"mean",0.2526039,0.27933625,0.29360318525,0.3079025,0.335226775,13,1.02412735111414
"gamma[7]",0.95,0.5,"mean",-1.7268405,-1.6472775,-1.60508961875,-1.563015,-1.4866945,13,1.02412735111414
"gamma[8]",0.95,0.5,"mean",-1.53540075,-1.4583475,-1.4173140525,-1.3773275,-1.29998875,13,1.02412735111414
