"parameter","outer_width","inner_width","point_est","ll","l","m","h","hh","time","rhat"
"gamma[1]",0.95,0.5,"mean",2.72404375,2.8703775,2.946980545,3.0231375,3.171252,14,1.03315472713891
"gamma[2]",0.95,0.5,"mean",0.886339025,0.9728215,1.01709503475,1.06167,1.14628175,14,1.03315472713891
"gamma[3]",0.95,0.5,"mean",0.1655385,0.1879255,0.19932556575,0.210979,0.23258495,14,1.03315472713891
"gamma[4]",0.95,0.5,"mean",0.217119525,0.240534,0.2524422005,0.264323,0.287064725,14,1.03315472713891
"gamma[5]",0.95,0.5,"mean",-0.00697787024999999,0.015183775,0.0274120238153375,0.039424575,0.0624879575,14,1.03315472713891
"gamma[6]",0.95,0.5,"mean",0.251293175,0.27615325,0.289193134625,0.3020375,0.327424475,14,1.03315472713891
"gamma[7]",0.95,0.5,"mean",-1.70252225,-1.61605,-1.57185870875,-1.527475,-1.438179,14,1.03315472713891
"gamma[8]",0.95,0.5,"mean",-1.5454255,-1.4651825,-1.42274916875,-1.38025,-1.302664,14,1.03315472713891
