"parameter","outer_width","inner_width","point_est","ll","l","m","h","hh","time","rhat"
"gamma[1]",0.95,0.5,"mean",2.87644425,3.0153575,3.086950635,3.1592125,3.2962555,18,1.02219809766428
"gamma[2]",0.95,0.5,"mean",0.822863,0.9048845,0.94818357125,0.990918,1.0778325,18,1.02219809766428
"gamma[3]",0.95,0.5,"mean",0.179584475,0.20200975,0.21326324575,0.224421,0.246788875,18,1.02219809766428
"gamma[4]",0.95,0.5,"mean",0.2083363,0.23347625,0.2463398535,0.2592245,0.284189625,18,1.02219809766428
"gamma[5]",0.95,0.5,"mean",-0.0150570775,0.01320135,0.027057971831937,0.0411649,0.068827695,18,1.02219809766428
"gamma[6]",0.95,0.5,"mean",0.242972825,0.2686605,0.282620283875,0.29625275,0.3229389,18,1.02219809766428
"gamma[7]",0.95,0.5,"mean",-1.71069475,-1.6399125,-1.6004890825,-1.560685,-1.4895895,18,1.02219809766428
"gamma[8]",0.95,0.5,"mean",-1.5104215,-1.4261525,-1.3822700425,-1.33722,-1.2525475,18,1.02219809766428
