"parameter","outer_width","inner_width","point_est","ll","l","m","h","hh","time","rhat"
"gamma[1]",0.95,0.5,"mean",2.784128,2.95759,3.0443138975,3.13481,3.3061255,13,1.00272720074201
"gamma[2]",0.95,0.5,"mean",0.891574025,0.98648,1.030685901875,1.0776525,1.160181,13,1.00272720074201
"gamma[3]",0.95,0.5,"mean",0.14415165,0.172863,0.188245761875,0.2031735,0.232206225,13,1.00272720074201
"gamma[4]",0.95,0.5,"mean",0.185596075,0.21688475,0.2330966595,0.249016,0.281042075,13,1.00272720074201
"gamma[5]",0.95,0.5,"mean",0.0243044275,0.05378615,0.07018233145375,0.086052625,0.1178125,13,1.00272720074201
"gamma[6]",0.95,0.5,"mean",0.242335325,0.275124,0.290958001,0.30693525,0.338962725,13,1.00272720074201
"gamma[7]",0.95,0.5,"mean",-1.94159025,-1.8242075,-1.7662314175,-1.7079475,-1.58692525,13,1.00272720074201
"gamma[8]",0.95,0.5,"mean",-1.50754225,-1.3868525,-1.32351681625,-1.25889,-1.14254225,13,1.00272720074201
