"parameter","outer_width","inner_width","point_est","ll","l","m","h","hh","time","rhat"
"gamma[1]",0.95,0.5,"mean",2.99785375,3.162015,3.23811138625,3.3160975,3.47824875,13,1.00215700330717
"gamma[2]",0.95,0.5,"mean",0.93025125,1.0403775,1.09281508625,1.1474675,1.250631,13,1.00215700330717
"gamma[3]",0.95,0.5,"mean",0.1857568,0.2121385,0.2268952515,0.241704,0.268640475,13,1.00215700330717
"gamma[4]",0.95,0.5,"mean",0.187877375,0.22211075,0.23969330525,0.2573185,0.291224025,13,1.00215700330717
"gamma[5]",0.95,0.5,"mean",-0.032404445,-0.0038662375,0.011500166753005,0.026649075,0.056774485,13,1.00215700330717
"gamma[6]",0.95,0.5,"mean",0.25873255,0.29180325,0.309090666375,0.3259765,0.359648175,13,1.00215700330717
"gamma[7]",0.95,0.5,"mean",-1.87925575,-1.74698,-1.67377591,-1.6015175,-1.4595255,13,1.00215700330717
"gamma[8]",0.95,0.5,"mean",-1.5834525,-1.4592725,-1.3995123275,-1.33706,-1.2245485,13,1.00215700330717
