"parameter","outer_width","inner_width","point_est","ll","l","m","h","hh","time","rhat"
"gamma[1]",0.95,0.5,"mean",2.73884075,2.919125,3.00807566625,3.0988075,3.2687755,12,1.00354452274045
"gamma[2]",0.95,0.5,"mean",1.02084875,1.1191525,1.173279002,1.2252625,1.336244,12,1.00354452274045
"gamma[3]",0.95,0.5,"mean",0.1531428,0.18404675,0.200200471,0.216214,0.245852325,12,1.00354452274045
"gamma[4]",0.95,0.5,"mean",0.227557975,0.25539775,0.269794532,0.28428025,0.3117236,12,1.00354452274045
"gamma[5]",0.95,0.5,"mean",0.00479925000000001,0.03434155,0.0498940014842375,0.065463725,0.0953581849999999,12,1.00354452274045
"gamma[6]",0.95,0.5,"mean",0.186711875,0.22714525,0.246966454125,0.26666125,0.307614825,12,1.00354452274045
"gamma[7]",0.95,0.5,"mean",-1.7937895,-1.6742675,-1.604941485,-1.5376175,-1.4047345,12,1.00354452274045
"gamma[8]",0.95,0.5,"mean",-1.666525,-1.5261225,-1.45151125125,-1.377875,-1.23186275,12,1.00354452274045
