"parameter","outer_width","inner_width","point_est","ll","l","m","h","hh","time","rhat"
"gamma[1]",0.95,0.5,"mean",2.713347,2.8853825,2.97605845375,3.0671975,3.23888475,16,1.00246879333084
"gamma[2]",0.95,0.5,"mean",0.807339425,0.91528475,0.9721798745,1.029155,1.13134625,16,1.00246879333084
"gamma[3]",0.95,0.5,"mean",0.1528188,0.18314375,0.198101932625,0.213112,0.242074375,16,1.00246879333084
"gamma[4]",0.95,0.5,"mean",0.21098095,0.2428835,0.25900489525,0.27544025,0.3067127,16,1.00246879333084
"gamma[5]",0.95,0.5,"mean",0.04320865,0.0719172,0.08674564411,0.1015175,0.129146575,16,1.00246879333084
"gamma[6]",0.95,0.5,"mean",0.241184575,0.27349775,0.290688236625,0.30803925,0.3401733,16,1.00246879333084
"gamma[7]",0.95,0.5,"mean",-1.806649,-1.68127,-1.61595657,-1.548445,-1.42449225,16,1.00246879333084
"gamma[8]",0.95,0.5,"mean",-1.57315125,-1.42481,-1.351318310125,-1.275275,-1.1304395,16,1.00246879333084
