"parameter","outer_width","inner_width","point_est","ll","l","m","h","hh","time","rhat"
"gamma[1]",0.95,0.5,"mean",2.69820175,2.8686425,2.95744072875,3.04667,3.22327025,12,1.003131919656
"gamma[2]",0.95,0.5,"mean",0.761762875,0.8627345,0.918298046,0.9735475,1.078555,12,1.003131919656
"gamma[3]",0.95,0.5,"mean",0.144043925,0.17303975,0.188180080375,0.203499,0.231556625,12,1.003131919656
"gamma[4]",0.95,0.5,"mean",0.20241085,0.22660925,0.238872955625,0.2510985,0.275337475,12,1.003131919656
"gamma[5]",0.95,0.5,"mean",-0.0469119,-0.0074617325,0.0106274562622725,0.0290209,0.0649980674999999,12,1.003131919656
"gamma[6]",0.95,0.5,"mean",0.24807705,0.2868635,0.30595271525,0.3257345,0.362827625,12,1.003131919656
"gamma[7]",0.95,0.5,"mean",-1.91960125,-1.7911825,-1.721288315,-1.649775,-1.528783,12,1.003131919656
"gamma[8]",0.95,0.5,"mean",-1.5040505,-1.382525,-1.3135353925,-1.2464275,-1.11458975,12,1.003131919656
