"parameter","outer_width","inner_width","point_est","ll","l","m","h","hh","time","rhat"
"gamma[1]",0.95,0.5,"mean",2.74063525,2.91104,2.9946445425,3.0773325,3.23800175,19,1.00252315919278
"gamma[2]",0.95,0.5,"mean",0.977181525,1.075435,1.12305794925,1.1718725,1.259494,19,1.00252315919278
"gamma[3]",0.95,0.5,"mean",0.157193575,0.18881225,0.205115285875,0.22116425,0.2511295,19,1.00252315919278
"gamma[4]",0.95,0.5,"mean",0.221641425,0.25173375,0.266810637,0.28217825,0.309887175,19,1.00252315919278
"gamma[5]",0.95,0.5,"mean",0.00783305325,0.036708275,0.051154238541475,0.0657812,0.09394834,19,1.00252315919278
"gamma[6]",0.95,0.5,"mean",0.239580075,0.2718735,0.288305945,0.30503525,0.337510775,19,1.00252315919278
"gamma[7]",0.95,0.5,"mean",-1.881328,-1.71013,-1.63222864375,-1.5544875,-1.39634825,19,1.00252315919278
"gamma[8]",0.95,0.5,"mean",-1.4604405,-1.329445,-1.259039380375,-1.1902725,-1.05426775,19,1.00252315919278
