"parameter","outer_width","inner_width","point_est","ll","l","m","h","hh","time","rhat"
"gamma[1]",0.95,0.5,"mean",2.8318885,3.00722,3.10576971625,3.2023375,3.3892505,15,1.00334427177575
"gamma[2]",0.95,0.5,"mean",0.99316845,1.090495,1.13967257675,1.1880475,1.28886425,15,1.00334427177575
"gamma[3]",0.95,0.5,"mean",0.18823275,0.21516475,0.22872228825,0.24253175,0.2684798,15,1.00334427177575
"gamma[4]",0.95,0.5,"mean",0.1937801,0.222946,0.2378770625,0.25268325,0.281531725,15,1.00334427177575
"gamma[5]",0.95,0.5,"mean",-0.00288020125,0.030253425,0.0462886657414125,0.062476125,0.095146205,15,1.00334427177575
"gamma[6]",0.95,0.5,"mean",0.2240838,0.259783,0.278351623,0.2971735,0.33144575,15,1.00334427177575
"gamma[7]",0.95,0.5,"mean",-1.8670115,-1.7431125,-1.67571741125,-1.6105175,-1.4777395,15,1.00334427177575
"gamma[8]",0.95,0.5,"mean",-1.60408375,-1.4692375,-1.398916002125,-1.328215,-1.193398,15,1.00334427177575
