"parameter","outer_width","inner_width","point_est","ll","l","m","h","hh","time","rhat"
"gamma[1]",0.95,0.5,"mean",2.622802,2.81592,2.90397446125,2.99749,3.1715415,13,1.0022062026632
"gamma[2]",0.95,0.5,"mean",0.864495825,0.961139,1.013697580125,1.06545,1.16790125,13,1.0022062026632
"gamma[3]",0.95,0.5,"mean",0.1665215,0.19361675,0.207507008125,0.22160975,0.2488443,13,1.0022062026632
"gamma[4]",0.95,0.5,"mean",0.1938069,0.224389,0.240578722875,0.25689375,0.28825635,13,1.0022062026632
"gamma[5]",0.95,0.5,"mean",-0.031864925,-0.001837075,0.0136318185609825,0.029120525,0.058673,13,1.0022062026632
"gamma[6]",0.95,0.5,"mean",0.29574875,0.3300705,0.34721424875,0.36424325,0.3987901,13,1.0022062026632
"gamma[7]",0.95,0.5,"mean",-1.79889125,-1.66535,-1.59864665875,-1.5294275,-1.41070375,13,1.0022062026632
"gamma[8]",0.95,0.5,"mean",-1.60200125,-1.4543925,-1.381569241125,-1.306145,-1.166174,13,1.0022062026632
