"parameter","outer_width","inner_width","point_est","ll","l","m","h","hh","time","rhat"
"gamma[1]",0.95,0.5,"mean",2.82720425,2.98911,3.070955475,3.1525375,3.3195915,12,1.00157394443092
"gamma[2]",0.95,0.5,"mean",0.817187125,0.9305235,0.987440234125,1.0456025,1.1461725,12,1.00157394443092
"gamma[3]",0.95,0.5,"mean",0.17002855,0.19788075,0.212082760875,0.22653375,0.25315495,12,1.00157394443092
"gamma[4]",0.95,0.5,"mean",0.221112225,0.24664925,0.260266031625,0.2743455,0.30076535,12,1.00157394443092
"gamma[5]",0.95,0.5,"mean",-0.01608623,0.016403925,0.03216205866395,0.04857205,0.07791555,12,1.00157394443092
"gamma[6]",0.95,0.5,"mean",0.2420968,0.276639,0.294003408,0.3112845,0.345516075,12,1.00157394443092
"gamma[7]",0.95,0.5,"mean",-1.709199,-1.5776775,-1.51058583375,-1.443705,-1.3012675,12,1.00157394443092
"gamma[8]",0.95,0.5,"mean",-1.53793275,-1.4106375,-1.3452065385,-1.279035,-1.15517825,12,1.00157394443092
