"parameter","outer_width","inner_width","point_est","ll","l","m","h","hh","time","rhat"
"gamma[1]",0.95,0.5,"mean",2.53948775,2.7229425,2.81861097625,2.916915,3.0955725,22,1.0017800578218
"gamma[2]",0.95,0.5,"mean",0.900293475,0.990645,1.035854643375,1.08087,1.16836175,22,1.0017800578218
"gamma[3]",0.95,0.5,"mean",0.166890375,0.194414,0.209693643625,0.22463975,0.25301185,22,1.0017800578218
"gamma[4]",0.95,0.5,"mean",0.191956075,0.222017,0.2377635015,0.25367125,0.283697775,22,1.0017800578218
"gamma[5]",0.95,0.5,"mean",0.01049504,0.04059015,0.056194277006625,0.0715489,0.101978275,22,1.0017800578218
"gamma[6]",0.95,0.5,"mean",0.2486174,0.282489,0.299320287625,0.31615325,0.3505249,22,1.0017800578218
"gamma[7]",0.95,0.5,"mean",-1.9939475,-1.84789,-1.77763296125,-1.705035,-1.5703175,22,1.0017800578218
"gamma[8]",0.95,0.5,"mean",-1.575163,-1.4306125,-1.359624396875,-1.2864325,-1.15114725,22,1.0017800578218
