"parameter","outer_width","inner_width","point_est","ll","l","m","h","hh","time","rhat"
"gamma[1]",0.95,0.5,"mean",2.97444325,3.17072,3.273626505,3.377955,3.567662,13,1.00485207707171
"gamma[2]",0.95,0.5,"mean",0.8074783,0.909647,0.965221482625,1.01994,1.12377125,13,1.00485207707171
"gamma[3]",0.95,0.5,"mean",0.147393775,0.17289625,0.18597307815,0.19894125,0.225194225,13,1.00485207707171
"gamma[4]",0.95,0.5,"mean",0.21422645,0.244578,0.26019124025,0.2758585,0.30621015,13,1.00485207707171
"gamma[5]",0.95,0.5,"mean",0.0550464725,0.0865287,0.10180640867125,0.1174905,0.1465001,13,1.00485207707171
"gamma[6]",0.95,0.5,"mean",0.251610525,0.290184,0.309340533625,0.328555,0.3658549,13,1.00485207707171
"gamma[7]",0.95,0.5,"mean",-1.860111,-1.732285,-1.66633135875,-1.5986025,-1.47942825,13,1.00485207707171
"gamma[8]",0.95,0.5,"mean",-1.72730325,-1.5926825,-1.5230153775,-1.45421,-1.31860875,13,1.00485207707171
