"parameter","outer_width","inner_width","point_est","ll","l","m","h","hh","time","rhat"
"gamma[1]",0.95,0.5,"mean",2.693357,2.906025,3.00498974375,3.1141825,3.29087075,14,1.00387061080238
"gamma[2]",0.95,0.5,"mean",0.920826875,1.025325,1.079977801875,1.13378,1.2359705,14,1.00387061080238
"gamma[3]",0.95,0.5,"mean",0.179178325,0.207265,0.220859093,0.23472425,0.261349275,14,1.00387061080238
"gamma[4]",0.95,0.5,"mean",0.228827875,0.257545,0.2719763555,0.286875,0.3145679,14,1.00387061080238
"gamma[5]",0.95,0.5,"mean",0.000837691275000021,0.03098535,0.046162530305675,0.0617698,0.08978544,14,1.00387061080238
"gamma[6]",0.95,0.5,"mean",0.240040425,0.27274825,0.28978100175,0.3066855,0.33848525,14,1.00387061080238
"gamma[7]",0.95,0.5,"mean",-1.56064675,-1.423405,-1.351498943,-1.2794675,-1.1405595,14,1.00387061080238
"gamma[8]",0.95,0.5,"mean",-1.64840175,-1.50822,-1.4328716525,-1.3571675,-1.212988,14,1.00387061080238
