"parameter","outer_width","inner_width","point_est","ll","l","m","h","hh","time","rhat"
"gamma[1]",0.95,0.5,"mean",2.4992225,2.6880275,2.778749885,2.873545,3.04839225,12,1.00255655080346
"gamma[2]",0.95,0.5,"mean",0.89020885,1.00051,1.05782482025,1.11463,1.22979825,12,1.00255655080346
"gamma[3]",0.95,0.5,"mean",0.174640225,0.20344325,0.21870105025,0.23405825,0.26269735,12,1.00255655080346
"gamma[4]",0.95,0.5,"mean",0.185982725,0.21500125,0.229908033875,0.24479625,0.27389165,12,1.00255655080346
"gamma[5]",0.95,0.5,"mean",-0.01610219,0.01761255,0.03453207262885,0.051860225,0.0842639175,12,1.00255655080346
"gamma[6]",0.95,0.5,"mean",0.20824295,0.24548125,0.26528628325,0.2846805,0.3229755,12,1.00255655080346
"gamma[7]",0.95,0.5,"mean",-1.77962175,-1.6329325,-1.557136355,-1.48175,-1.3202255,12,1.00255655080346
"gamma[8]",0.95,0.5,"mean",-1.621845,-1.4791125,-1.4058049565,-1.334185,-1.178149,12,1.00255655080346
