"parameter","outer_width","inner_width","point_est","ll","l","m","h","hh","time","rhat"
"gamma[1]",0.95,0.5,"mean",2.38360475,2.547815,2.644628945,2.739195,2.91051225,14,1.0019666402843
"gamma[2]",0.95,0.5,"mean",0.7763317,0.87768625,0.930050584375,0.982607,1.08518675,14,1.0019666402843
"gamma[3]",0.95,0.5,"mean",0.159822125,0.18722675,0.202109656375,0.21703375,0.245181025,14,1.0019666402843
"gamma[4]",0.95,0.5,"mean",0.220237,0.25387425,0.27067711375,0.2876845,0.319995775,14,1.0019666402843
"gamma[5]",0.95,0.5,"mean",-0.0491319825,-0.02179865,-0.00766976626018625,0.0065391425,0.0345158725,14,1.0019666402843
"gamma[6]",0.95,0.5,"mean",0.260855225,0.2978995,0.31695736475,0.335927,0.37188435,14,1.0019666402843
"gamma[7]",0.95,0.5,"mean",-1.677604,-1.5550775,-1.4888120825,-1.42396,-1.2954905,14,1.0019666402843
"gamma[8]",0.95,0.5,"mean",-1.535511,-1.4052325,-1.337094764375,-1.26877,-1.13564525,14,1.0019666402843
