"parameter","outer_width","inner_width","point_est","ll","l","m","h","hh","time","rhat"
"gamma[1]",0.95,0.5,"mean",2.60309925,2.801835,2.91227476875,3.02264,3.239435,12,1.00196072238058
"gamma[2]",0.95,0.5,"mean",0.860693325,0.971359,1.025665710875,1.081385,1.1943405,12,1.00196072238058
"gamma[3]",0.95,0.5,"mean",0.107892175,0.1387805,0.15437877325,0.16996825,0.200586625,12,1.00196072238058
"gamma[4]",0.95,0.5,"mean",0.17144955,0.2033805,0.220682161,0.2375725,0.270698425,12,1.00196072238058
"gamma[5]",0.95,0.5,"mean",-0.00799289875,0.025152975,0.0415135885350362,0.058025275,0.090755245,12,1.00196072238058
"gamma[6]",0.95,0.5,"mean",0.20324825,0.23570575,0.25252399325,0.269524,0.301160325,12,1.00196072238058
"gamma[7]",0.95,0.5,"mean",-1.62998175,-1.49976,-1.42489339875,-1.3530325,-1.21421525,12,1.00196072238058
"gamma[8]",0.95,0.5,"mean",-1.4824805,-1.3588025,-1.289541289,-1.2213975,-1.094867,12,1.00196072238058
