"parameter","outer_width","inner_width","point_est","ll","l","m","h","hh","time","rhat"
"gamma[1]",0.95,0.5,"mean",2.756677,2.9292475,3.01527550125,3.10473,3.259153,23,1.00223117192784
"gamma[2]",0.95,0.5,"mean",0.8576501,0.966662,1.0244092875,1.081885,1.19456075,23,1.00223117192784
"gamma[3]",0.95,0.5,"mean",0.119313225,0.15154125,0.16719023455,0.1832395,0.2132725,23,1.00223117192784
"gamma[4]",0.95,0.5,"mean",0.2194824,0.2544485,0.271145436875,0.28844325,0.320495475,23,1.00223117192784
"gamma[5]",0.95,0.5,"mean",0.00647657575000001,0.03806725,0.0544273707637625,0.070665525,0.101754275,23,1.00223117192784
"gamma[6]",0.95,0.5,"mean",0.2697002,0.30681725,0.325309916875,0.343906,0.379455375,23,1.00223117192784
"gamma[7]",0.95,0.5,"mean",-2.0116905,-1.88215,-1.81325205875,-1.7445075,-1.61234475,23,1.00223117192784
"gamma[8]",0.95,0.5,"mean",-1.59770275,-1.451325,-1.371690174375,-1.291685,-1.14106525,23,1.00223117192784
