"parameter","outer_width","inner_width","point_est","ll","l","m","h","hh","time","rhat"
"gamma[1]",0.95,0.5,"mean",2.55262325,2.73481,2.83264950375,2.9282575,3.1172425,13,1.00333826120227
"gamma[2]",0.95,0.5,"mean",0.829530125,0.92204075,0.9701519505,1.01661,1.11252275,13,1.00333826120227
"gamma[3]",0.95,0.5,"mean",0.1381656,0.17124625,0.187002112875,0.2037,0.233678075,13,1.00333826120227
"gamma[4]",0.95,0.5,"mean",0.202106525,0.230675,0.244911912625,0.259364,0.286569475,13,1.00333826120227
"gamma[5]",0.95,0.5,"mean",-0.0268465,0.0062384375,0.0236460478371925,0.0408941,0.0749635775,13,1.00333826120227
"gamma[6]",0.95,0.5,"mean",0.24540535,0.28380675,0.303713246375,0.323699,0.3618337,13,1.00333826120227
"gamma[7]",0.95,0.5,"mean",-1.73676925,-1.6051275,-1.53879281125,-1.4701975,-1.3393895,13,1.00333826120227
"gamma[8]",0.95,0.5,"mean",-1.60785575,-1.461345,-1.386022888,-1.31157,-1.172128,13,1.00333826120227
