"parameter","outer_width","inner_width","point_est","ll","l","m","h","hh","time","rhat"
"gamma[1]",0.95,0.5,"mean",2.60631525,2.7552275,2.84174061875,2.926895,3.09442725,81,1.01402053975786
"gamma[2]",0.95,0.5,"mean",0.769499775,0.87180925,0.92517078925,0.9797295,1.07821725,81,1.01402053975786
"gamma[3]",0.95,0.5,"mean",0.1695756,0.19764025,0.211973959,0.22668225,0.2534253,81,1.01402053975786
"gamma[4]",0.95,0.5,"mean",0.204192175,0.236391,0.25342297625,0.27055425,0.3027429,81,1.01402053975786
"gamma[5]",0.95,0.5,"mean",0.04067717,0.06636735,0.07962468372625,0.0928902,0.118586325,81,1.01402053975786
"gamma[6]",0.95,0.5,"mean",0.252548,0.28172525,0.297575874125,0.3135235,0.344246175,81,1.01402053975786
"gamma[7]",0.95,0.5,"mean",-1.79784,-1.6573025,-1.59212859875,-1.5253175,-1.38909975,81,1.01402053975786
"gamma[8]",0.95,0.5,"mean",-1.40352275,-1.25765,-1.18908028375,-1.115205,-0.99592485,81,1.01402053975786
