"parameter","outer_width","inner_width","point_est","ll","l","m","h","hh","time","rhat"
"gamma[1]",0.95,0.5,"mean",2.89337775,3.06857,3.15390145875,3.238345,3.410663,13,1.00223673758564
"gamma[2]",0.95,0.5,"mean",0.858295,0.97065875,1.023019058375,1.0778425,1.17987,13,1.00223673758564
"gamma[3]",0.95,0.5,"mean",0.14712715,0.174341,0.1882549855,0.2022795,0.22830365,13,1.00223673758564
"gamma[4]",0.95,0.5,"mean",0.210375275,0.2410375,0.256429196125,0.27163525,0.30172365,13,1.00223673758564
"gamma[5]",0.95,0.5,"mean",0.0278187475,0.05866885,0.073815470100525,0.0895081,0.11842215,13,1.00223673758564
"gamma[6]",0.95,0.5,"mean",0.23792335,0.272729,0.291311436125,0.30919725,0.346787925,13,1.00223673758564
"gamma[7]",0.95,0.5,"mean",-2.00401925,-1.8757225,-1.80896996875,-1.74134,-1.6130265,13,1.00223673758564
"gamma[8]",0.95,0.5,"mean",-1.5717545,-1.4180625,-1.3434350485,-1.26649,-1.12429525,13,1.00223673758564
