"parameter","outer_width","inner_width","point_est","ll","l","m","h","hh","time","rhat"
"gamma[1]",0.95,0.5,"mean",2.93114075,3.1272825,3.2181564875,3.3161225,3.485022,13,1.00255090613907
"gamma[2]",0.95,0.5,"mean",0.91717455,1.0079475,1.058195388125,1.1075025,1.19981275,13,1.00255090613907
"gamma[3]",0.95,0.5,"mean",0.15283265,0.18431875,0.1998741141875,0.21583075,0.24547485,13,1.00255090613907
"gamma[4]",0.95,0.5,"mean",0.232165325,0.25938175,0.274073082625,0.2888415,0.3173252,13,1.00255090613907
"gamma[5]",0.95,0.5,"mean",-0.036718,-0.0028417075,0.014636337578245,0.0318688,0.06606568,13,1.00255090613907
"gamma[6]",0.95,0.5,"mean",0.18216295,0.217307,0.23442579625,0.2517975,0.2845873,13,1.00255090613907
"gamma[7]",0.95,0.5,"mean",-1.7796115,-1.6581775,-1.59090794625,-1.5242875,-1.39325,13,1.00255090613907
"gamma[8]",0.95,0.5,"mean",-1.70989475,-1.5965275,-1.5344896275,-1.4735775,-1.3528465,13,1.00255090613907
