"parameter","outer_width","inner_width","point_est","ll","l","m","h","hh","time","rhat"
"gamma[1]",0.95,0.5,"mean",2.8107215,2.9926975,3.07614001125,3.16135,3.32830925,10,1.001751770947
"gamma[2]",0.95,0.5,"mean",0.823465425,0.92550075,0.9740497815,1.0228425,1.12058275,10,1.001751770947
"gamma[3]",0.95,0.5,"mean",0.150958775,0.18234425,0.198478889375,0.21466025,0.245878375,10,1.001751770947
"gamma[4]",0.95,0.5,"mean",0.210983675,0.24323375,0.259321356625,0.27601425,0.306858575,10,1.001751770947
"gamma[5]",0.95,0.5,"mean",0.001750369,0.0312151,0.04720164590435,0.0631386,0.09313089,10,1.001751770947
"gamma[6]",0.95,0.5,"mean",0.277120425,0.30506575,0.3193909435,0.33385075,0.36133395,10,1.001751770947
"gamma[7]",0.95,0.5,"mean",-1.7389145,-1.59748,-1.52352907375,-1.44851,-1.31014475,10,1.001751770947
"gamma[8]",0.95,0.5,"mean",-1.75275,-1.61452,-1.538781485,-1.4634625,-1.31870625,10,1.001751770947
