"parameter","outer_width","inner_width","point_est","ll","l","m","h","hh","time","rhat"
"gamma[1]",0.95,0.5,"mean",2.54964175,2.7477925,2.8432084275,2.9385575,3.1236605,12,1.00282308986638
"gamma[2]",0.95,0.5,"mean",0.68032885,0.79988075,0.86102688075,0.9229445,1.0418725,12,1.00282308986638
"gamma[3]",0.95,0.5,"mean",0.112020025,0.14163125,0.157285293025,0.172908,0.204144375,12,1.00282308986638
"gamma[4]",0.95,0.5,"mean",0.22821415,0.258472,0.273965499375,0.28926325,0.318020575,12,1.00282308986638
"gamma[5]",0.95,0.5,"mean",0.01992077,0.05234465,0.0692046248538012,0.085767525,0.118083,12,1.00282308986638
"gamma[6]",0.95,0.5,"mean",0.20832455,0.2433045,0.261100753375,0.27843675,0.3146436,12,1.00282308986638
"gamma[7]",0.95,0.5,"mean",-1.77186125,-1.64684,-1.584852595,-1.52334,-1.4003175,12,1.00282308986638
"gamma[8]",0.95,0.5,"mean",-1.71133425,-1.5939025,-1.53131552375,-1.4674025,-1.351429,12,1.00282308986638
