"parameter","outer_width","inner_width","point_est","ll","l","m","h","hh","time","rhat"
"gamma[1]",0.95,0.5,"mean",2.61661775,2.824365,2.927282205,3.024365,3.250079,13,1.00245246216023
"gamma[2]",0.95,0.5,"mean",0.896794125,0.99336725,1.050926361125,1.107945,1.2061605,13,1.00245246216023
"gamma[3]",0.95,0.5,"mean",0.151014525,0.17845125,0.19228771725,0.20611525,0.232946575,13,1.00245246216023
"gamma[4]",0.95,0.5,"mean",0.218890775,0.24961675,0.265312955375,0.2806695,0.31054055,13,1.00245246216023
"gamma[5]",0.95,0.5,"mean",-0.003856634,0.0300465,0.0462599107121625,0.063531,0.0931871775,13,1.00245246216023
"gamma[6]",0.95,0.5,"mean",0.2724737,0.30306675,0.318881008875,0.33428,0.366154725,13,1.00245246216023
"gamma[7]",0.95,0.5,"mean",-1.71406775,-1.572175,-1.49865834375,-1.4274,-1.27237175,13,1.00245246216023
"gamma[8]",0.95,0.5,"mean",-1.66980875,-1.5303725,-1.45883254,-1.3886975,-1.2516415,13,1.00245246216023
