"parameter","outer_width","inner_width","point_est","ll","l","m","h","hh","time","rhat"
"gamma[1]",0.95,0.5,"mean",2.8692205,3.03755,3.1203022525,3.2036725,3.36954125,12,1.00190889283918
"gamma[2]",0.95,0.5,"mean",0.935803475,1.02381,1.073301822875,1.1214675,1.21966425,12,1.00190889283918
"gamma[3]",0.95,0.5,"mean",0.207241525,0.2394795,0.255120932125,0.2709235,0.300690525,12,1.00190889283918
"gamma[4]",0.95,0.5,"mean",0.21394925,0.24640575,0.262509399125,0.2788885,0.308842425,12,1.00190889283918
"gamma[5]",0.95,0.5,"mean",0.0126209275,0.0445349,0.06218828524885,0.07930455,0.112571025,12,1.00190889283918
"gamma[6]",0.95,0.5,"mean",0.273364675,0.31189975,0.331486412375,0.351224,0.389528125,12,1.00190889283918
"gamma[7]",0.95,0.5,"mean",-1.8142325,-1.6832275,-1.61948636375,-1.5546475,-1.4334,12,1.00190889283918
"gamma[8]",0.95,0.5,"mean",-1.598132,-1.454885,-1.3789180575,-1.3004175,-1.15736575,12,1.00190889283918
