"parameter","outer_width","inner_width","point_est","ll","l","m","h","hh","time","rhat"
"gamma[1]",0.95,0.5,"mean",2.643268,2.803865,2.8970914875,2.9872925,3.1806145,19,1.00256168754381
"gamma[2]",0.95,0.5,"mean",0.88178995,0.96890625,1.012468878,1.05674,1.14345425,19,1.00256168754381
"gamma[3]",0.95,0.5,"mean",0.1326306,0.15998425,0.1742704251875,0.1883445,0.21507085,19,1.00256168754381
"gamma[4]",0.95,0.5,"mean",0.206517125,0.2360595,0.2514532165,0.2667245,0.296413175,19,1.00256168754381
"gamma[5]",0.95,0.5,"mean",0.0140421725,0.040322625,0.0535755830622063,0.0669935,0.0923759399999999,19,1.00256168754381
"gamma[6]",0.95,0.5,"mean",0.205510425,0.240502,0.2578841605,0.2754685,0.3097172,19,1.00256168754381
"gamma[7]",0.95,0.5,"mean",-1.697281,-1.5540475,-1.483040705,-1.4099375,-1.271739,19,1.00256168754381
"gamma[8]",0.95,0.5,"mean",-1.74264075,-1.6085425,-1.54101758375,-1.4726975,-1.340255,19,1.00256168754381
