"parameter","outer_width","inner_width","point_est","ll","l","m","h","hh","time","rhat"
"gamma[1]",0.95,0.5,"mean",3.07007275,3.2366825,3.32741323625,3.4190975,3.59252,15,1.00221208224999
"gamma[2]",0.95,0.5,"mean",0.950969475,1.05081,1.1019211725,1.1538875,1.24649075,15,1.00221208224999
"gamma[3]",0.95,0.5,"mean",0.150722925,0.18207125,0.197061223,0.212386,0.241193125,15,1.00221208224999
"gamma[4]",0.95,0.5,"mean",0.193113575,0.223428,0.23927467425,0.2549365,0.2861518,15,1.00221208224999
"gamma[5]",0.95,0.5,"mean",0.01452587,0.047929275,0.063946646837125,0.080434125,0.113249675,15,1.00221208224999
"gamma[6]",0.95,0.5,"mean",0.2459248,0.2770505,0.294074840375,0.310239,0.34470715,15,1.00221208224999
"gamma[7]",0.95,0.5,"mean",-1.88000475,-1.749885,-1.6833110875,-1.6161875,-1.48603525,15,1.00221208224999
"gamma[8]",0.95,0.5,"mean",-1.61025225,-1.4903325,-1.4260821525,-1.3618625,-1.2360175,15,1.00221208224999
