"parameter","outer_width","inner_width","point_est","ll","l","m","h","hh","time","rhat"
"gamma[1]",0.95,0.5,"mean",2.8498485,3.03578,3.1236360425,3.213865,3.3822695,22,1.00209759613523
"gamma[2]",0.95,0.5,"mean",0.891795375,0.99672375,1.055595048,1.113245,1.2283005,22,1.00209759613523
"gamma[3]",0.95,0.5,"mean",0.198721975,0.2264385,0.241301777,0.2568945,0.283706225,22,1.00209759613523
"gamma[4]",0.95,0.5,"mean",0.21185515,0.24373325,0.26001105975,0.27667025,0.307533475,22,1.00209759613523
"gamma[5]",0.95,0.5,"mean",0.00495393350000001,0.034289775,0.0498359022252625,0.065077675,0.0956712875,22,1.00209759613523
"gamma[6]",0.95,0.5,"mean",0.303668325,0.33704975,0.35457333375,0.37209875,0.4046671,22,1.00209759613523
"gamma[7]",0.95,0.5,"mean",-1.8887355,-1.7574925,-1.6878227575,-1.6201375,-1.482478,22,1.00209759613523
"gamma[8]",0.95,0.5,"mean",-1.47838125,-1.339885,-1.27056205575,-1.2010175,-1.06023975,22,1.00209759613523
