"parameter","outer_width","inner_width","point_est","ll","l","m","h","hh","time","rhat"
"gamma[1]",0.95,0.5,"mean",2.930646,3.1153625,3.21000031375,3.30348,3.4882205,22,1.00143104907049
"gamma[2]",0.95,0.5,"mean",0.79103795,0.8752755,0.919452367375,0.96296675,1.0460005,22,1.00143104907049
"gamma[3]",0.95,0.5,"mean",0.160352125,0.19056475,0.205753823625,0.22133225,0.250040175,22,1.00143104907049
"gamma[4]",0.95,0.5,"mean",0.1805018,0.21045675,0.225756342,0.2410165,0.268624025,22,1.00143104907049
"gamma[5]",0.95,0.5,"mean",0.0153626875,0.046050975,0.061464554627875,0.0769034,0.107064675,22,1.00143104907049
"gamma[6]",0.95,0.5,"mean",0.22115995,0.2614335,0.282037764625,0.30285625,0.341201425,22,1.00143104907049
"gamma[7]",0.95,0.5,"mean",-1.92655025,-1.7802075,-1.70551751375,-1.6318825,-1.48562925,22,1.00143104907049
"gamma[8]",0.95,0.5,"mean",-1.7057745,-1.5787725,-1.51135051375,-1.445985,-1.31152,22,1.00143104907049
