"parameter","outer_width","inner_width","point_est","ll","l","m","h","hh","time","rhat"
"gamma[1]",0.95,0.5,"mean",2.9605595,3.154105,3.25315045375,3.34774,3.5405535,19,1.00244007261356
"gamma[2]",0.95,0.5,"mean",0.8035506,0.89904075,0.951766685,1.0033975,1.105818,19,1.00244007261356
"gamma[3]",0.95,0.5,"mean",0.1863495,0.21699375,0.232733533375,0.24834025,0.276969325,19,1.00244007261356
"gamma[4]",0.95,0.5,"mean",0.177455225,0.2069055,0.22211229025,0.23747725,0.266773525,19,1.00244007261356
"gamma[5]",0.95,0.5,"mean",0.01924649,0.050699325,0.0677764087694375,0.084731525,0.116749375,19,1.00244007261356
"gamma[6]",0.95,0.5,"mean",0.222455675,0.25826475,0.27597631725,0.293977,0.328015025,19,1.00244007261356
"gamma[7]",0.95,0.5,"mean",-2.09053125,-1.9575925,-1.88576143,-1.815935,-1.6728695,19,1.00244007261356
"gamma[8]",0.95,0.5,"mean",-1.72000175,-1.592045,-1.52354095,-1.4561025,-1.3205525,19,1.00244007261356
