"parameter","outer_width","inner_width","point_est","ll","l","m","h","hh","time","rhat"
"gamma[1]",0.95,0.5,"mean",2.4130395,2.6054325,2.6957561,2.789705,2.9688505,12,1.00223136662962
"gamma[2]",0.95,0.5,"mean",0.90101245,1.0252525,1.080020353375,1.1365325,1.249998,12,1.00223136662962
"gamma[3]",0.95,0.5,"mean",0.13655415,0.16550175,0.1799917499,0.19491125,0.22308095,12,1.00223136662962
"gamma[4]",0.95,0.5,"mean",0.20052395,0.2305805,0.246874492875,0.26255975,0.293437375,12,1.00223136662962
"gamma[5]",0.95,0.5,"mean",0.07780997,0.105442,0.1202039325,0.134814,0.163785375,12,1.00223136662962
"gamma[6]",0.95,0.5,"mean",0.194653825,0.23024075,0.2494336345,0.268392,0.304145575,12,1.00223136662962
"gamma[7]",0.95,0.5,"mean",-1.82403475,-1.672095,-1.59913978125,-1.52638,-1.3740995,12,1.00223136662962
"gamma[8]",0.95,0.5,"mean",-1.66362075,-1.5351725,-1.465776115,-1.396555,-1.25964625,12,1.00223136662962
