"parameter","outer_width","inner_width","point_est","ll","l","m","h","hh","time","rhat"
"gamma[1]",0.95,0.5,"mean",2.6815755,2.87098,2.96147932625,3.0536125,3.22791025,32,1.00197833570472
"gamma[2]",0.95,0.5,"mean",0.8910154,1.0058675,1.0580056805,1.1117125,1.22132175,32,1.00197833570472
"gamma[3]",0.95,0.5,"mean",0.208646075,0.23336225,0.24605880675,0.25887425,0.2832187,32,1.00197833570472
"gamma[4]",0.95,0.5,"mean",0.248917575,0.27802925,0.292788580875,0.3073805,0.33658685,32,1.00197833570472
"gamma[5]",0.95,0.5,"mean",0.012445295,0.0445146,0.062036357306375,0.079563175,0.11424615,32,1.00197833570472
"gamma[6]",0.95,0.5,"mean",0.24713055,0.278899,0.296066804625,0.3126785,0.345923275,32,1.00197833570472
"gamma[7]",0.95,0.5,"mean",-1.55372025,-1.41369,-1.341695690125,-1.27026,-1.12937475,32,1.00197833570472
"gamma[8]",0.95,0.5,"mean",-1.48229425,-1.37113,-1.309316097875,-1.24893,-1.12692225,32,1.00197833570472
