"parameter","outer_width","inner_width","point_est","ll","l","m","h","hh","time","rhat"
"gamma[1]",0.95,0.5,"mean",2.58680875,2.7426225,2.8361458125,2.9243425,3.1231005,11,1.00256386000492
"gamma[2]",0.95,0.5,"mean",0.86945845,0.99835825,1.065183569,1.1334625,1.253155,11,1.00256386000492
"gamma[3]",0.95,0.5,"mean",0.1688546,0.198299,0.213443544625,0.2283585,0.2577045,11,1.00256386000492
"gamma[4]",0.95,0.5,"mean",0.233616775,0.26089725,0.275096340125,0.28928075,0.316706775,11,1.00256386000492
"gamma[5]",0.95,0.5,"mean",-0.0211836925,0.00754818,0.0229061856356875,0.037888375,0.0683369025,11,1.00256386000492
"gamma[6]",0.95,0.5,"mean",0.269181025,0.307144,0.32708061225,0.34697175,0.38418515,11,1.00256386000492
"gamma[7]",0.95,0.5,"mean",-1.802398,-1.6692625,-1.59762102,-1.52659,-1.384039,11,1.00256386000492
"gamma[8]",0.95,0.5,"mean",-1.65313225,-1.5075425,-1.43972168375,-1.3690675,-1.24086025,11,1.00256386000492
