"parameter","outer_width","inner_width","point_est","ll","l","m","h","hh","time","rhat"
"gamma[1]",0.95,0.5,"mean",2.631018,2.814525,2.91807293875,3.01476,3.232562,13,1.00432215238622
"gamma[2]",0.95,0.5,"mean",0.72368475,0.83950975,0.90431719525,0.96932375,1.0889465,13,1.00432215238622
"gamma[3]",0.95,0.5,"mean",0.1547492,0.1849595,0.2004433415,0.21628175,0.245309925,13,1.00432215238622
"gamma[4]",0.95,0.5,"mean",0.220077475,0.24893,0.26342554975,0.2782315,0.30584205,13,1.00432215238622
"gamma[5]",0.95,0.5,"mean",-0.00153659749999998,0.029614325,0.0450090300530413,0.0604791,0.0907149875,13,1.00432215238622
"gamma[6]",0.95,0.5,"mean",0.2439739,0.28253075,0.300992662375,0.3197735,0.357216325,13,1.00432215238622
"gamma[7]",0.95,0.5,"mean",-1.80634975,-1.6758325,-1.60896441,-1.542665,-1.410897,13,1.00432215238622
"gamma[8]",0.95,0.5,"mean",-1.8348515,-1.7099325,-1.64151533375,-1.5750675,-1.4353885,13,1.00432215238622
