"parameter","outer_width","inner_width","point_est","ll","l","m","h","hh","time","rhat"
"gamma[1]",0.95,0.5,"mean",2.788002,2.9657475,3.06374756375,3.161325,3.34677275,13,1.00288101991444
"gamma[2]",0.95,0.5,"mean",0.99530805,1.1160575,1.17733359375,1.2381175,1.35505475,13,1.00288101991444
"gamma[3]",0.95,0.5,"mean",0.160216375,0.19018725,0.205803439875,0.221485,0.252528925,13,1.00288101991444
"gamma[4]",0.95,0.5,"mean",0.218669075,0.24777375,0.2628303435,0.27790925,0.307887325,13,1.00288101991444
"gamma[5]",0.95,0.5,"mean",0.0174016175,0.047563975,0.06316638523675,0.07886015,0.108785675,13,1.00288101991444
"gamma[6]",0.95,0.5,"mean",0.2632196,0.29693575,0.31429347475,0.33106875,0.366345825,13,1.00288101991444
"gamma[7]",0.95,0.5,"mean",-1.946717,-1.8063825,-1.72955063,-1.65423,-1.51392825,13,1.00288101991444
"gamma[8]",0.95,0.5,"mean",-1.63164275,-1.50968,-1.44543113125,-1.3804775,-1.25476575,13,1.00288101991444
