"parameter","outer_width","inner_width","point_est","ll","l","m","h","hh","time","rhat"
"gamma[1]",0.95,0.5,"mean",2.7628095,2.953795,3.05444780625,3.153235,3.34090125,22,1.00160643773167
"gamma[2]",0.95,0.5,"mean",0.886267075,0.99388425,1.048300039875,1.1029175,1.20211075,22,1.00160643773167
"gamma[3]",0.95,0.5,"mean",0.139383725,0.16695675,0.180876302625,0.19495725,0.222243425,22,1.00160643773167
"gamma[4]",0.95,0.5,"mean",0.22394935,0.252387,0.2667127615,0.28114225,0.3097304,22,1.00160643773167
"gamma[5]",0.95,0.5,"mean",0.0422787425,0.077581625,0.0958173059175,0.11448475,0.1472047,22,1.00160643773167
"gamma[6]",0.95,0.5,"mean",0.236368925,0.27426525,0.2941675745,0.313935,0.351263075,22,1.00160643773167
"gamma[7]",0.95,0.5,"mean",-1.959403,-1.8264625,-1.75718044375,-1.6887125,-1.553008,22,1.00160643773167
"gamma[8]",0.95,0.5,"mean",-1.5235615,-1.404875,-1.344348580625,-1.28275,-1.1659735,22,1.00160643773167
