"parameter","outer_width","inner_width","point_est","ll","l","m","h","hh","time","rhat"
"gamma[1]",0.95,0.5,"mean",2.6657485,2.8438675,2.9399515025,3.0340775,3.23516275,14,1.00426895969179
"gamma[2]",0.95,0.5,"mean",0.737947425,0.84071375,0.898207028375,0.9542345,1.0658615,14,1.00426895969179
"gamma[3]",0.95,0.5,"mean",0.17439115,0.20250825,0.216912633,0.2314745,0.2583444,14,1.00426895969179
"gamma[4]",0.95,0.5,"mean",0.222654625,0.250451,0.26474525475,0.279269,0.30895425,14,1.00426895969179
"gamma[5]",0.95,0.5,"mean",0.049655765,0.07732335,0.0913619933525,0.1051615,0.134244425,14,1.00426895969179
"gamma[6]",0.95,0.5,"mean",0.2413515,0.2802475,0.299986581875,0.32008225,0.359736525,14,1.00426895969179
"gamma[7]",0.95,0.5,"mean",-1.7915625,-1.6584775,-1.584563895,-1.5121,-1.3666885,14,1.00426895969179
"gamma[8]",0.95,0.5,"mean",-1.7429825,-1.5807625,-1.494728715,-1.4084625,-1.2497265,14,1.00426895969179
