"parameter","outer_width","inner_width","point_est","ll","l","m","h","hh","time","rhat"
"gamma[1]",0.95,0.5,"mean",2.8612535,3.0384775,3.13209637375,3.2223925,3.41936275,13,1.00243659524196
"gamma[2]",0.95,0.5,"mean",0.841601025,0.96110025,1.018764896625,1.07903,1.18679175,13,1.00243659524196
"gamma[3]",0.95,0.5,"mean",0.1342133,0.17091125,0.1885957910375,0.2064705,0.24049365,13,1.00243659524196
"gamma[4]",0.95,0.5,"mean",0.187629925,0.21853025,0.233388708875,0.2487905,0.277809425,13,1.00243659524196
"gamma[5]",0.95,0.5,"mean",-0.0200046925,0.016623325,0.036097670225075,0.055426975,0.093201865,13,1.00243659524196
"gamma[6]",0.95,0.5,"mean",0.199915575,0.2363265,0.25474070925,0.27341425,0.3094014,13,1.00243659524196
"gamma[7]",0.95,0.5,"mean",-1.934121,-1.7860375,-1.70881766375,-1.63273,-1.4807165,13,1.00243659524196
"gamma[8]",0.95,0.5,"mean",-1.64160225,-1.5023125,-1.43209392,-1.3619,-1.219786,13,1.00243659524196
