"parameter","outer_width","inner_width","point_est","ll","l","m","h","hh","time","rhat"
"gamma[1]",0.95,0.5,"mean",2.7704085,2.9478575,3.036231265,3.126575,3.2948795,17,1.00408115839548
"gamma[2]",0.95,0.5,"mean",0.696737525,0.8061375,0.861714852125,0.918164,1.024011,17,1.00408115839548
"gamma[3]",0.95,0.5,"mean",0.12181445,0.15253325,0.1688373207375,0.1850375,0.2141804,17,1.00408115839548
"gamma[4]",0.95,0.5,"mean",0.18170705,0.21734025,0.235265336,0.25369775,0.287595525,17,1.00408115839548
"gamma[5]",0.95,0.5,"mean",-0.036576495,0.00083838475,0.019704379735205,0.03871575,0.0746751,17,1.00408115839548
"gamma[6]",0.95,0.5,"mean",0.2116042,0.2438795,0.25958080825,0.27566675,0.3070622,17,1.00408115839548
"gamma[7]",0.95,0.5,"mean",-2.10208225,-1.9676325,-1.8968593875,-1.82544,-1.69081975,17,1.00408115839548
"gamma[8]",0.95,0.5,"mean",-1.499983,-1.3813625,-1.311957340875,-1.245435,-1.1072595,17,1.00408115839548
