"parameter","outer_width","inner_width","point_est","ll","l","m","h","hh","time","rhat"
"gamma[1]",0.95,0.5,"mean",2.9655685,3.1345425,3.228485365,3.3221875,3.49534725,17,1.00239924575442
"gamma[2]",0.95,0.5,"mean",0.79666765,0.90810725,0.963968961625,1.0218125,1.119088,17,1.00239924575442
"gamma[3]",0.95,0.5,"mean",0.1642953,0.19256075,0.207073990625,0.22160725,0.24987515,17,1.00239924575442
"gamma[4]",0.95,0.5,"mean",0.2213329,0.25013275,0.2651355515,0.28023625,0.309659025,17,1.00239924575442
"gamma[5]",0.95,0.5,"mean",0.0110022775,0.04032565,0.0562914526855125,0.07206685,0.103808025,17,1.00239924575442
"gamma[6]",0.95,0.5,"mean",0.2193064,0.25754275,0.27675898575,0.2965105,0.33166015,17,1.00239924575442
"gamma[7]",0.95,0.5,"mean",-1.81235225,-1.662015,-1.59086121625,-1.5153575,-1.380883,17,1.00239924575442
"gamma[8]",0.95,0.5,"mean",-1.76782,-1.62385,-1.55049570125,-1.4761475,-1.33752875,17,1.00239924575442
