"parameter","outer_width","inner_width","point_est","ll","l","m","h","hh","time","rhat"
"gamma[1]",0.95,0.5,"mean",2.624956,2.8036675,2.89541088,2.988475,3.159236,14,1.00329739586215
"gamma[2]",0.95,0.5,"mean",0.810509275,0.91106425,0.966588273375,1.0207825,1.1265115,14,1.00329739586215
"gamma[3]",0.95,0.5,"mean",0.15703335,0.18465125,0.198055616375,0.2114595,0.239141025,14,1.00329739586215
"gamma[4]",0.95,0.5,"mean",0.21176455,0.24470025,0.261308538375,0.27823125,0.310821225,14,1.00329739586215
"gamma[5]",0.95,0.5,"mean",0.0065254105,0.037250925,0.052951439278585,0.0682293,0.0992760575,14,1.00329739586215
"gamma[6]",0.95,0.5,"mean",0.2490272,0.27827775,0.293565664,0.30853,0.338886,14,1.00329739586215
"gamma[7]",0.95,0.5,"mean",-1.77697,-1.648095,-1.581250075,-1.515295,-1.382586,14,1.00329739586215
"gamma[8]",0.95,0.5,"mean",-1.49439375,-1.3474575,-1.276202560625,-1.2028225,-1.068078,14,1.00329739586215
