"parameter","outer_width","inner_width","point_est","ll","l","m","h","hh","time","rhat"
"gamma[1]",0.95,0.5,"mean",2.90522725,3.1110675,3.1975366175,3.29129,3.44526675,21,1.00254395631024
"gamma[2]",0.95,0.5,"mean",0.823121025,0.91381175,0.96400966825,1.012895,1.10972625,21,1.00254395631024
"gamma[3]",0.95,0.5,"mean",0.1246487,0.15467075,0.170201082875,0.185695,0.213594425,21,1.00254395631024
"gamma[4]",0.95,0.5,"mean",0.229546375,0.259178,0.275272447125,0.2909555,0.321424075,21,1.00254395631024
"gamma[5]",0.95,0.5,"mean",0.0189142125,0.0460461,0.0600737043233,0.07418305,0.1016959,21,1.00254395631024
"gamma[6]",0.95,0.5,"mean",0.2398654,0.2753,0.292511448875,0.3098965,0.3441589,21,1.00254395631024
"gamma[7]",0.95,0.5,"mean",-1.7907615,-1.645915,-1.57049592625,-1.4962675,-1.35246675,21,1.00254395631024
"gamma[8]",0.95,0.5,"mean",-1.5652305,-1.4419175,-1.37803595125,-1.3127575,-1.190938,21,1.00254395631024
