"parameter","outer_width","inner_width","point_est","ll","l","m","h","hh","time","rhat"
"gamma[1]",0.95,0.5,"mean",2.71684575,2.8972975,2.99284519125,3.088395,3.27643525,25,1.00325511866357
"gamma[2]",0.95,0.5,"mean",0.815081375,0.917793,0.970708178125,1.02312,1.13177075,25,1.00325511866357
"gamma[3]",0.95,0.5,"mean",0.165708925,0.192015,0.20507309125,0.218717,0.2440359,25,1.00325511866357
"gamma[4]",0.95,0.5,"mean",0.18810265,0.222429,0.240298524625,0.2578515,0.29242395,25,1.00325511866357
"gamma[5]",0.95,0.5,"mean",-0.00363382624999999,0.024156875,0.0389368392403375,0.0539296,0.0827613675,25,1.00325511866357
"gamma[6]",0.95,0.5,"mean",0.18559825,0.223956,0.24493501375,0.2660155,0.3056559,25,1.00325511866357
"gamma[7]",0.95,0.5,"mean",-1.851356,-1.714335,-1.64050426375,-1.56735,-1.4257545,25,1.00325511866357
"gamma[8]",0.95,0.5,"mean",-1.816132,-1.67309,-1.60269537,-1.532715,-1.3935975,25,1.00325511866357
