"parameter","outer_width","inner_width","point_est","ll","l","m","h","hh","time","rhat"
"gamma[1]",0.95,0.5,"mean",2.6356845,2.8289675,2.94503336625,3.05647,3.2604625,14,1.00254020801313
"gamma[2]",0.95,0.5,"mean",0.89808285,0.99113225,1.043813470875,1.0946075,1.193834,14,1.00254020801313
"gamma[3]",0.95,0.5,"mean",0.199191025,0.23010075,0.2456033445,0.26112125,0.29189645,14,1.00254020801313
"gamma[4]",0.95,0.5,"mean",0.1936216,0.23076275,0.249009564,0.26721275,0.30230965,14,1.00254020801313
"gamma[5]",0.95,0.5,"mean",-0.00503218375,0.02430255,0.0387218570590975,0.0533058,0.0821583425,14,1.00254020801313
"gamma[6]",0.95,0.5,"mean",0.3229439,0.3557845,0.37274055825,0.3900515,0.4222429,14,1.00254020801313
"gamma[7]",0.95,0.5,"mean",-1.698912,-1.5835625,-1.52287641125,-1.4631675,-1.34355825,14,1.00254020801313
"gamma[8]",0.95,0.5,"mean",-1.65258275,-1.5155675,-1.4423629625,-1.3669725,-1.23125575,14,1.00254020801313
