"parameter","outer_width","inner_width","point_est","ll","l","m","h","hh","time","rhat"
"gamma[1]",0.95,0.5,"mean",2.84988725,3.0287025,3.11444621375,3.20316,3.36762425,12,1.00291950808568
"gamma[2]",0.95,0.5,"mean",0.862740175,0.9641285,1.02136550725,1.0773725,1.18494,12,1.00291950808568
"gamma[3]",0.95,0.5,"mean",0.14343955,0.17378975,0.1897071212,0.205592,0.235891875,12,1.00291950808568
"gamma[4]",0.95,0.5,"mean",0.2118007,0.24410175,0.261385266125,0.278274,0.312030425,12,1.00291950808568
"gamma[5]",0.95,0.5,"mean",0.00239193775000002,0.0305524,0.0446685610679012,0.0589847,0.0862445575,12,1.00291950808568
"gamma[6]",0.95,0.5,"mean",0.266596725,0.3036905,0.3233582105,0.34290975,0.3805052,12,1.00291950808568
"gamma[7]",0.95,0.5,"mean",-1.8584505,-1.7315325,-1.66891918125,-1.60655,-1.48076575,12,1.00291950808568
"gamma[8]",0.95,0.5,"mean",-1.7273205,-1.5833775,-1.5094727525,-1.4357075,-1.2978895,12,1.00291950808568
