"parameter","outer_width","inner_width","point_est","ll","l","m","h","hh","time","rhat"
"gamma[1]",0.95,0.5,"mean",2.620367,2.802535,2.90163825625,3.0018575,3.18212875,18,1.00209563317914
"gamma[2]",0.95,0.5,"mean",0.840278775,0.9368965,0.989896874875,1.043725,1.1406445,18,1.00209563317914
"gamma[3]",0.95,0.5,"mean",0.1465566,0.17692175,0.192027682625,0.20755525,0.23596465,18,1.00209563317914
"gamma[4]",0.95,0.5,"mean",0.21781,0.25074225,0.268191179875,0.286017,0.317986275,18,1.00209563317914
"gamma[5]",0.95,0.5,"mean",0.00946004100000005,0.042108925,0.05992634178699,0.0776793,0.110291075,18,1.00209563317914
"gamma[6]",0.95,0.5,"mean",0.263749275,0.30057325,0.31988334075,0.3394565,0.37517825,18,1.00209563317914
"gamma[7]",0.95,0.5,"mean",-1.90394,-1.7849175,-1.72190838,-1.6572,-1.53277425,18,1.00209563317914
"gamma[8]",0.95,0.5,"mean",-1.705421,-1.5714075,-1.49928200625,-1.4276175,-1.292898,18,1.00209563317914
