"parameter","outer_width","inner_width","point_est","ll","l","m","h","hh","time","rhat"
"gamma[1]",0.95,0.5,"mean",2.82161875,3.0157675,3.10380922625,3.1958525,3.36013075,14,1.00299915587022
"gamma[2]",0.95,0.5,"mean",0.8471183,0.9652545,1.02042872175,1.0782175,1.1815355,14,1.00299915587022
"gamma[3]",0.95,0.5,"mean",0.166759675,0.19284425,0.206598800125,0.220514,0.24785805,14,1.00299915587022
"gamma[4]",0.95,0.5,"mean",0.1695467,0.20305575,0.219600342125,0.236554,0.269012925,14,1.00299915587022
"gamma[5]",0.95,0.5,"mean",0.0318900325,0.062266675,0.07775263116125,0.093286975,0.12253025,14,1.00299915587022
"gamma[6]",0.95,0.5,"mean",0.2967546,0.33542675,0.355180291125,0.37503925,0.41322355,14,1.00299915587022
"gamma[7]",0.95,0.5,"mean",-1.79648,-1.6845125,-1.6219605825,-1.5615475,-1.4395985,14,1.00299915587022
"gamma[8]",0.95,0.5,"mean",-1.64745625,-1.52057,-1.44848186125,-1.376105,-1.240492,14,1.00299915587022
