"parameter","outer_width","inner_width","point_est","ll","l","m","h","hh","time","rhat"
"gamma[1]",0.95,0.5,"mean",2.92074925,3.11032,3.2079039,3.30365,3.49689075,13,1.00228279719745
"gamma[2]",0.95,0.5,"mean",0.938101675,1.05117,1.103361422625,1.1564225,1.26078475,13,1.00228279719745
"gamma[3]",0.95,0.5,"mean",0.155043025,0.18281375,0.19705918475,0.21160975,0.238923275,13,1.00228279719745
"gamma[4]",0.95,0.5,"mean",0.165450225,0.196392,0.2116392505,0.227139,0.256862075,13,1.00228279719745
"gamma[5]",0.95,0.5,"mean",-0.0309359525,-0.00247542,0.0125553019617515,0.027402275,0.0558781625,13,1.00228279719745
"gamma[6]",0.95,0.5,"mean",0.229965725,0.26401175,0.281028246625,0.29876525,0.329573975,13,1.00228279719745
"gamma[7]",0.95,0.5,"mean",-1.86240725,-1.7460775,-1.68426150625,-1.62348,-1.504728,13,1.00228279719745
"gamma[8]",0.95,0.5,"mean",-1.62434175,-1.48858,-1.4199104075,-1.3528,-1.21146875,13,1.00228279719745
