"parameter","outer_width","inner_width","point_est","ll","l","m","h","hh","time","rhat"
"gamma[1]",0.95,0.5,"mean",2.66899775,2.8384575,2.92669045125,3.0114275,3.19191025,10,1.00235805639773
"gamma[2]",0.95,0.5,"mean",0.8633088,0.957674,1.00605185075,1.0548575,1.14203,10,1.00235805639773
"gamma[3]",0.95,0.5,"mean",0.131734,0.164679,0.1814988697625,0.19799575,0.230098225,10,1.00235805639773
"gamma[4]",0.95,0.5,"mean",0.1621644,0.19504275,0.211964521125,0.22887275,0.261381075,10,1.00235805639773
"gamma[5]",0.95,0.5,"mean",-0.0112752725,0.018933925,0.0343034340155488,0.04996715,0.0805676425,10,1.00235805639773
"gamma[6]",0.95,0.5,"mean",0.248660525,0.28577875,0.305742082375,0.325009,0.36485435,10,1.00235805639773
"gamma[7]",0.95,0.5,"mean",-1.8154605,-1.676825,-1.60573667125,-1.53579,-1.3928775,10,1.00235805639773
"gamma[8]",0.95,0.5,"mean",-1.61543475,-1.4810025,-1.411805851125,-1.3418825,-1.2026865,10,1.00235805639773
