"parameter","outer_width","inner_width","point_est","ll","l","m","h","hh","time","rhat"
"gamma[1]",0.95,0.5,"mean",2.73788925,2.8968375,2.9813994225,3.06615,3.2344135,14,1.00282124249139
"gamma[2]",0.95,0.5,"mean",0.81865065,0.9358555,0.99094619725,1.0492175,1.15544625,14,1.00282124249139
"gamma[3]",0.95,0.5,"mean",0.15878775,0.186784,0.200690789875,0.2148665,0.24209315,14,1.00282124249139
"gamma[4]",0.95,0.5,"mean",0.2238526,0.25240625,0.26665983825,0.28101525,0.309658125,14,1.00282124249139
"gamma[5]",0.95,0.5,"mean",0.0133416025,0.044114275,0.0599377833833692,0.075619525,0.107662,14,1.00282124249139
"gamma[6]",0.95,0.5,"mean",0.272781725,0.310752,0.329126132625,0.348123,0.38524205,14,1.00282124249139
"gamma[7]",0.95,0.5,"mean",-1.823203,-1.67853,-1.60321176875,-1.5273,-1.39068975,14,1.00282124249139
"gamma[8]",0.95,0.5,"mean",-1.66353075,-1.5326525,-1.4621549975,-1.3907875,-1.26091875,14,1.00282124249139
