"parameter","outer_width","inner_width","point_est","ll","l","m","h","hh","time","rhat"
"gamma[1]",0.95,0.5,"mean",2.777657,2.9520675,3.04446710125,3.13818,3.3085245,13,1.00177893087513
"gamma[2]",0.95,0.5,"mean",0.867701025,0.9657715,1.02036148175,1.0734825,1.178147,13,1.00177893087513
"gamma[3]",0.95,0.5,"mean",0.172780225,0.20313675,0.218557035125,0.23397975,0.265265325,13,1.00177893087513
"gamma[4]",0.95,0.5,"mean",0.218681725,0.248781,0.264270389625,0.2797615,0.3092304,13,1.00177893087513
"gamma[5]",0.95,0.5,"mean",0.0166298675,0.0473985,0.063224661829125,0.079272775,0.1098979,13,1.00177893087513
"gamma[6]",0.95,0.5,"mean",0.2055951,0.245472,0.2662497695,0.287217,0.325808525,13,1.00177893087513
"gamma[7]",0.95,0.5,"mean",-1.78297775,-1.660035,-1.5945887925,-1.52829,-1.4014785,13,1.00177893087513
"gamma[8]",0.95,0.5,"mean",-1.73096525,-1.597085,-1.52747171625,-1.459585,-1.31290275,13,1.00177893087513
