"parameter","outer_width","inner_width","point_est","ll","l","m","h","hh","time","rhat"
"gamma[1]",0.95,0.5,"mean",2.9619165,3.1399875,3.24156284125,3.343495,3.52810225,12,1.00154710611843
"gamma[2]",0.95,0.5,"mean",0.81347735,0.92762325,0.98563978075,1.0436175,1.156158,12,1.00154710611843
"gamma[3]",0.95,0.5,"mean",0.15520085,0.178875,0.1912287736625,0.204045,0.226836825,12,1.00154710611843
"gamma[4]",0.95,0.5,"mean",0.226984225,0.2574625,0.273194089625,0.28916525,0.3189322,12,1.00154710611843
"gamma[5]",0.95,0.5,"mean",0.02467358,0.05396125,0.0686098694625,0.083506575,0.113518875,12,1.00154710611843
"gamma[6]",0.95,0.5,"mean",0.22861695,0.26840175,0.28881257375,0.30943675,0.346497025,12,1.00154710611843
"gamma[7]",0.95,0.5,"mean",-1.67423775,-1.5506225,-1.48343708875,-1.41687,-1.2937355,12,1.00154710611843
"gamma[8]",0.95,0.5,"mean",-1.52740075,-1.3876625,-1.313296608625,-1.2417175,-1.091875,12,1.00154710611843
