"parameter","outer_width","inner_width","point_est","ll","l","m","h","hh","time","rhat"
"gamma[1]",0.95,0.5,"mean",2.70806725,2.861195,2.94100111,3.01821,3.18770175,13,1.00446035586238
"gamma[2]",0.95,0.5,"mean",0.886300175,0.984403,1.034557357625,1.08595,1.1821125,13,1.00446035586238
"gamma[3]",0.95,0.5,"mean",0.108071325,0.13522775,0.1495242832375,0.16351025,0.1928871,13,1.00446035586238
"gamma[4]",0.95,0.5,"mean",0.226798125,0.25554325,0.270526728875,0.2852495,0.3153533,13,1.00446035586238
"gamma[5]",0.95,0.5,"mean",-0.00473519199999998,0.027762475,0.044995111936225,0.0618693,0.0960592375,13,1.00446035586238
"gamma[6]",0.95,0.5,"mean",0.260657875,0.29245875,0.309127217,0.32598275,0.356567275,13,1.00446035586238
"gamma[7]",0.95,0.5,"mean",-1.9298225,-1.7811,-1.70587333,-1.629505,-1.4940265,13,1.00446035586238
"gamma[8]",0.95,0.5,"mean",-1.6494395,-1.51036,-1.436649519625,-1.36116,-1.226775,13,1.00446035586238
