"parameter","outer_width","inner_width","point_est","ll","l","m","h","hh","time","rhat"
"gamma[1]",0.95,0.5,"mean",2.563845,2.7538125,2.84437957125,2.93806,3.1206875,12,1.00181193453067
"gamma[2]",0.95,0.5,"mean",0.88775565,0.9870695,1.03939730375,1.0908025,1.19373275,12,1.00181193453067
"gamma[3]",0.95,0.5,"mean",0.186491625,0.21502025,0.228840732,0.24329125,0.270014125,12,1.00181193453067
"gamma[4]",0.95,0.5,"mean",0.190173425,0.2204795,0.236549225125,0.25281375,0.2830388,12,1.00181193453067
"gamma[5]",0.95,0.5,"mean",9.73283187500177e-05,0.035478175,0.0537865133134688,0.072590475,0.1068914,12,1.00181193453067
"gamma[6]",0.95,0.5,"mean",0.278827475,0.309627,0.325207774875,0.3408225,0.3710776,12,1.00181193453067
"gamma[7]",0.95,0.5,"mean",-1.7048575,-1.548425,-1.468451884375,-1.388695,-1.2226715,12,1.00181193453067
"gamma[8]",0.95,0.5,"mean",-1.54172,-1.40681,-1.336593849625,-1.26617,-1.12041925,12,1.00181193453067
