"parameter","outer_width","inner_width","point_est","ll","l","m","h","hh","time","rhat"
"gamma[1]",0.95,0.5,"mean",2.644521,2.821115,2.91029862,2.9983225,3.15891,14,1.00280636444796
"gamma[2]",0.95,0.5,"mean",0.885231525,0.99371275,1.042061723125,1.09372,1.181036,14,1.00280636444796
"gamma[3]",0.95,0.5,"mean",0.10152135,0.13251475,0.1490434371375,0.16532,0.197880425,14,1.00280636444796
"gamma[4]",0.95,0.5,"mean",0.266830575,0.29510325,0.30987619775,0.3245565,0.3527896,14,1.00280636444796
"gamma[5]",0.95,0.5,"mean",0.023022615,0.05754475,0.07484684996875,0.092379025,0.124814,14,1.00280636444796
"gamma[6]",0.95,0.5,"mean",0.232944625,0.27180475,0.290238245,0.3093895,0.344869275,14,1.00280636444796
"gamma[7]",0.95,0.5,"mean",-1.67708375,-1.54973,-1.4817066225,-1.4150575,-1.27769,14,1.00280636444796
"gamma[8]",0.95,0.5,"mean",-1.5266185,-1.3944625,-1.32618298875,-1.25865,-1.12754825,14,1.00280636444796
