"parameter","outer_width","inner_width","point_est","ll","l","m","h","hh","time","rhat"
"gamma[1]",0.95,0.5,"mean",2.62416425,2.793185,2.875809925,2.962645,3.11967075,18,1.00209861062153
"gamma[2]",0.95,0.5,"mean",0.8501566,0.9652245,1.023208087625,1.0801675,1.19975925,18,1.00209861062153
"gamma[3]",0.95,0.5,"mean",0.2015757,0.234007,0.250404654,0.267121,0.29818905,18,1.00209861062153
"gamma[4]",0.95,0.5,"mean",0.23905095,0.26148375,0.2730402635,0.28453325,0.307839125,18,1.00209861062153
"gamma[5]",0.95,0.5,"mean",0.02242071,0.05230785,0.0677446267052625,0.083077975,0.112299125,18,1.00209861062153
"gamma[6]",0.95,0.5,"mean",0.25314265,0.2889,0.307892211125,0.32678925,0.36424215,18,1.00209861062153
"gamma[7]",0.95,0.5,"mean",-1.86076475,-1.7228775,-1.64980804,-1.5781075,-1.43112775,18,1.00209861062153
"gamma[8]",0.95,0.5,"mean",-1.5795155,-1.41934,-1.34362413625,-1.2653775,-1.12115,18,1.00209861062153
