"parameter","outer_width","inner_width","point_est","ll","l","m","h","hh","time","rhat"
"gamma[1]",0.95,0.5,"mean",2.795916,2.9843575,3.08300270875,3.1792025,3.36526,15,1.00486556610504
"gamma[2]",0.95,0.5,"mean",0.78048875,0.882619,0.932458997625,0.9836145,1.07746,15,1.00486556610504
"gamma[3]",0.95,0.5,"mean",0.142832125,0.16977025,0.1840204325125,0.19826725,0.2261675,15,1.00486556610504
"gamma[4]",0.95,0.5,"mean",0.19743195,0.230536,0.247780507,0.26504225,0.297632275,15,1.00486556610504
"gamma[5]",0.95,0.5,"mean",0.0141687725,0.0470203,0.064531006636875,0.081759725,0.11425405,15,1.00486556610504
"gamma[6]",0.95,0.5,"mean",0.24429925,0.2796145,0.297309382625,0.315343,0.34905525,15,1.00486556610504
"gamma[7]",0.95,0.5,"mean",-1.912578,-1.7789675,-1.70416638125,-1.6322575,-1.48707,15,1.00486556610504
"gamma[8]",0.95,0.5,"mean",-1.55006125,-1.407225,-1.340818535875,-1.2742425,-1.1311595,15,1.00486556610504
