"parameter","outer_width","inner_width","point_est","ll","l","m","h","hh","time","rhat"
"gamma[1]",0.95,0.5,"mean",2.32470525,2.505115,2.60374481125,2.6993025,2.89082175,25,1.00231786518676
"gamma[2]",0.95,0.5,"mean",0.899230575,0.9899625,1.0416400385,1.0914375,1.1891935,25,1.00231786518676
"gamma[3]",0.95,0.5,"mean",0.14012215,0.1702685,0.1849769865625,0.19962825,0.22890725,25,1.00231786518676
"gamma[4]",0.95,0.5,"mean",0.210848,0.24236725,0.2576314415,0.27302725,0.30337625,25,1.00231786518676
"gamma[5]",0.95,0.5,"mean",-0.0149359525,0.014090925,0.029604655428535,0.045059275,0.0752234275,25,1.00231786518676
"gamma[6]",0.95,0.5,"mean",0.24852065,0.2874485,0.30718351825,0.326981,0.362313125,25,1.00231786518676
"gamma[7]",0.95,0.5,"mean",-1.77910175,-1.6370875,-1.566402865,-1.4959975,-1.3560265,25,1.00231786518676
"gamma[8]",0.95,0.5,"mean",-1.7327005,-1.582655,-1.50914150875,-1.432215,-1.30076225,25,1.00231786518676
