"parameter","outer_width","inner_width","point_est","ll","l","m","h","hh","time","rhat"
"gamma[1]",0.95,0.5,"mean",2.66150375,2.85254,2.93817495,3.02799,3.20661925,18,1.0035542980341
"gamma[2]",0.95,0.5,"mean",0.929815075,1.0334775,1.085955404125,1.1405625,1.237572,18,1.0035542980341
"gamma[3]",0.95,0.5,"mean",0.161781675,0.1921755,0.207998350625,0.22355275,0.25416225,18,1.0035542980341
"gamma[4]",0.95,0.5,"mean",0.18502245,0.2197675,0.237660908375,0.25555925,0.28974235,18,1.0035542980341
"gamma[5]",0.95,0.5,"mean",0.000543234825000025,0.033514875,0.04988811379405,0.066929425,0.0964203025,18,1.0035542980341
"gamma[6]",0.95,0.5,"mean",0.2452845,0.28052075,0.299150493875,0.31779725,0.352973775,18,1.0035542980341
"gamma[7]",0.95,0.5,"mean",-1.776649,-1.6508475,-1.58303359625,-1.515795,-1.39008425,18,1.0035542980341
"gamma[8]",0.95,0.5,"mean",-1.5837745,-1.4530425,-1.38564649,-1.31882,-1.18476125,18,1.0035542980341
