"parameter","outer_width","inner_width","point_est","ll","l","m","h","hh","time","rhat"
"gamma[1]",0.95,0.5,"mean",2.72347775,2.9431075,3.0104794125,3.1009425,3.26584325,84,1.05982508182114
"gamma[2]",0.95,0.5,"mean",0.893825725,0.97171375,1.03003488475,1.086205,1.159846,84,1.05982508182114
"gamma[3]",0.95,0.5,"mean",0.116007,0.1448185,0.1608178802375,0.176062,0.20898855,84,1.05982508182114
"gamma[4]",0.95,0.5,"mean",0.204294975,0.23540975,0.250819118125,0.2660305,0.29867735,84,1.05982508182114
"gamma[5]",0.95,0.5,"mean",0.0153902975,0.045068475,0.0610732922325,0.076076375,0.1102171,84,1.05982508182114
"gamma[6]",0.95,0.5,"mean",0.267820725,0.31065725,0.33222900175,0.355669,0.3881805,84,1.05982508182114
"gamma[7]",0.95,0.5,"mean",-1.751603,-1.64626,-1.57927262625,-1.51376,-1.36975725,84,1.05982508182114
"gamma[8]",0.95,0.5,"mean",-1.6664,-1.54383,-1.482103855,-1.42194,-1.294535,84,1.05982508182114
