"parameter","outer_width","inner_width","point_est","ll","l","m","h","hh","time","rhat"
"gamma[1]",0.95,0.5,"mean",2.8026055,2.9785075,3.0704693025,3.16218,3.3262405,12,1.00160493049093
"gamma[2]",0.95,0.5,"mean",0.681359125,0.7761935,0.827443746,0.8761465,0.9818628,12,1.00160493049093
"gamma[3]",0.95,0.5,"mean",0.1510803,0.17735875,0.191443446375,0.205288,0.233308475,12,1.00160493049093
"gamma[4]",0.95,0.5,"mean",0.180283175,0.2056455,0.219159281375,0.2326145,0.2582243,12,1.00160493049093
"gamma[5]",0.95,0.5,"mean",0.0116923325,0.0405143,0.0553505063243375,0.0700833,0.09947979,12,1.00160493049093
"gamma[6]",0.95,0.5,"mean",0.22211425,0.2561055,0.27482166325,0.29306875,0.327909675,12,1.00160493049093
"gamma[7]",0.95,0.5,"mean",-1.82286825,-1.69305,-1.6281977475,-1.5615675,-1.44243325,12,1.00160493049093
"gamma[8]",0.95,0.5,"mean",-1.51475575,-1.383825,-1.318391543,-1.2528475,-1.12439975,12,1.00160493049093
