"parameter","outer_width","inner_width","point_est","ll","l","m","h","hh","time","rhat"
"gamma[1]",0.95,0.5,"mean",2.50396825,2.658485,2.7498886975,2.8385175,3.00188625,13,1.00498865607494
"gamma[2]",0.95,0.5,"mean",0.87471805,0.983277,1.039716234375,1.096525,1.20789525,13,1.00498865607494
"gamma[3]",0.95,0.5,"mean",0.18047265,0.21103975,0.2257016025,0.240781,0.268523425,13,1.00498865607494
"gamma[4]",0.95,0.5,"mean",0.1758969,0.205633,0.221471153625,0.23731425,0.266517675,13,1.00498865607494
"gamma[5]",0.95,0.5,"mean",-0.009988222,0.02410795,0.0419900298836175,0.059860425,0.094682725,13,1.00498865607494
"gamma[6]",0.95,0.5,"mean",0.236049675,0.26801375,0.284887424125,0.3015395,0.334594575,13,1.00498865607494
"gamma[7]",0.95,0.5,"mean",-2.00676,-1.87614,-1.79889230375,-1.72782,-1.570747,13,1.00498865607494
"gamma[8]",0.95,0.5,"mean",-1.366393,-1.2234425,-1.1562937365,-1.0877075,-0.954751425,13,1.00498865607494
