"parameter","outer_width","inner_width","point_est","ll","l","m","h","hh","time","rhat"
"gamma[1]",0.95,0.5,"mean",2.93300925,3.120055,3.21528837625,3.3100275,3.50005675,13,1.00309557234862
"gamma[2]",0.95,0.5,"mean",0.786489675,0.8825435,0.937545907,0.988524,1.10192025,13,1.00309557234862
"gamma[3]",0.95,0.5,"mean",0.1498026,0.1820785,0.1982107541125,0.2149,0.2448103,13,1.00309557234862
"gamma[4]",0.95,0.5,"mean",0.203271025,0.23300775,0.24900662675,0.26484125,0.296095025,13,1.00309557234862
"gamma[5]",0.95,0.5,"mean",0.02440445,0.055683625,0.07269530282975,0.08944355,0.122627275,13,1.00309557234862
"gamma[6]",0.95,0.5,"mean",0.24326,0.28154275,0.30052676325,0.31953125,0.357704075,13,1.00309557234862
"gamma[7]",0.95,0.5,"mean",-1.74007225,-1.6151575,-1.54952770625,-1.485855,-1.352069,13,1.00309557234862
"gamma[8]",0.95,0.5,"mean",-1.616333,-1.495005,-1.42908957125,-1.36473,-1.2307985,13,1.00309557234862
