"parameter","outer_width","inner_width","point_est","ll","l","m","h","hh","time","rhat"
"gamma[1]",0.95,0.5,"mean",2.858109,3.02092,3.10499303875,3.1876475,3.35735475,13,1.00210495071504
"gamma[2]",0.95,0.5,"mean",0.941357075,1.057415,1.115919207,1.1743375,1.29648325,13,1.00210495071504
"gamma[3]",0.95,0.5,"mean",0.173500675,0.1997655,0.213413770375,0.22733525,0.254007225,13,1.00210495071504
"gamma[4]",0.95,0.5,"mean",0.2014008,0.23069625,0.246310875,0.262213,0.291708275,13,1.00210495071504
"gamma[5]",0.95,0.5,"mean",0.057542,0.08548285,0.1007753579,0.11593425,0.14581805,13,1.00210495071504
"gamma[6]",0.95,0.5,"mean",0.1614706,0.1991445,0.2188449285,0.23879575,0.2777856,13,1.00210495071504
"gamma[7]",0.95,0.5,"mean",-1.83738175,-1.69784,-1.62774777,-1.5572975,-1.42079975,13,1.00210495071504
"gamma[8]",0.95,0.5,"mean",-1.7043535,-1.57538,-1.506932455,-1.4418725,-1.29087525,13,1.00210495071504
