"parameter","outer_width","inner_width","point_est","ll","l","m","h","hh","time","rhat"
"gamma[1]",0.95,0.5,"mean",2.93994875,3.098085,3.1842018175,3.267485,3.44440375,13,1.00371358106668
"gamma[2]",0.95,0.5,"mean",0.91212085,1.0194725,1.07826732425,1.1366275,1.24595125,13,1.00371358106668
"gamma[3]",0.95,0.5,"mean",0.1586882,0.18784125,0.202848999,0.2175635,0.24701505,13,1.00371358106668
"gamma[4]",0.95,0.5,"mean",0.239940925,0.273133,0.290465552125,0.3080365,0.33976825,13,1.00371358106668
"gamma[5]",0.95,0.5,"mean",-0.0015081175,0.03308715,0.0500564591863125,0.0675545,0.0992266525,13,1.00371358106668
"gamma[6]",0.95,0.5,"mean",0.272778175,0.3052745,0.32307097975,0.340426,0.374823475,13,1.00371358106668
"gamma[7]",0.95,0.5,"mean",-1.81340025,-1.6811675,-1.61466025875,-1.546725,-1.4234975,13,1.00371358106668
"gamma[8]",0.95,0.5,"mean",-1.74644325,-1.603385,-1.52619798125,-1.44888,-1.3116025,13,1.00371358106668
