"parameter","outer_width","inner_width","point_est","ll","l","m","h","hh","time","rhat"
"gamma[1]",0.95,0.5,"mean",2.631709,2.804465,2.89262813,2.9833725,3.137382,12,1.00183238276196
"gamma[2]",0.95,0.5,"mean",0.917892975,1.0135575,1.06951436175,1.1269875,1.21985225,12,1.00183238276196
"gamma[3]",0.95,0.5,"mean",0.1481188,0.1733035,0.186302473625,0.199383,0.224044425,12,1.00183238276196
"gamma[4]",0.95,0.5,"mean",0.197862475,0.231305,0.249031079625,0.26711225,0.299767675,12,1.00183238276196
"gamma[5]",0.95,0.5,"mean",0.0171693975,0.04783615,0.06412583207205,0.080287125,0.111840475,12,1.00183238276196
"gamma[6]",0.95,0.5,"mean",0.26436315,0.30100175,0.31981896025,0.3388445,0.374553275,12,1.00183238276196
"gamma[7]",0.95,0.5,"mean",-1.834122,-1.6932125,-1.62037436125,-1.5487375,-1.3973805,12,1.00183238276196
"gamma[8]",0.95,0.5,"mean",-1.721948,-1.567795,-1.4967816775,-1.422835,-1.29255975,12,1.00183238276196
