"parameter","outer_width","inner_width","point_est","ll","l","m","h","hh","time","rhat"
"gamma[1]",0.95,0.5,"mean",2.83782,3.00853,3.1015099275,3.1909725,3.38374225,12,1.00198522639704
"gamma[2]",0.95,0.5,"mean",0.903652475,1.0026725,1.050792576,1.0996175,1.1907215,12,1.00198522639704
"gamma[3]",0.95,0.5,"mean",0.1331929,0.16289425,0.1777234450125,0.19325,0.221578275,12,1.00198522639704
"gamma[4]",0.95,0.5,"mean",0.18577695,0.21130925,0.224120829625,0.237165,0.261812175,12,1.00198522639704
"gamma[5]",0.95,0.5,"mean",-0.00601114999999997,0.02539905,0.0418894230492,0.0584017,0.0905445375,12,1.00198522639704
"gamma[6]",0.95,0.5,"mean",0.2061015,0.2424955,0.262728243875,0.282875,0.319196075,12,1.00198522639704
"gamma[7]",0.95,0.5,"mean",-1.64638225,-1.524295,-1.46285073375,-1.399835,-1.284357,12,1.00198522639704
"gamma[8]",0.95,0.5,"mean",-1.6539205,-1.5244925,-1.45008604625,-1.3778925,-1.2393595,12,1.00198522639704
