"parameter","outer_width","inner_width","point_est","ll","l","m","h","hh","time","rhat"
"gamma[1]",0.95,0.5,"mean",2.751196,2.9671925,3.06047121125,3.1570925,3.3514685,12,1.00263360376608
"gamma[2]",0.95,0.5,"mean",0.86284635,0.98645625,1.042368972,1.09874,1.218798,12,1.00263360376608
"gamma[3]",0.95,0.5,"mean",0.188422825,0.21181625,0.2244342305,0.23734575,0.26026815,12,1.00263360376608
"gamma[4]",0.95,0.5,"mean",0.203276125,0.23115925,0.245868838,0.26033425,0.290156625,12,1.00263360376608
"gamma[5]",0.95,0.5,"mean",0.024047805,0.056530525,0.0724631896069375,0.088715725,0.120288375,12,1.00263360376608
"gamma[6]",0.95,0.5,"mean",0.2640264,0.294486,0.309355494625,0.3243295,0.3541533,12,1.00263360376608
"gamma[7]",0.95,0.5,"mean",-1.68495025,-1.568235,-1.50502825125,-1.44166,-1.32870825,12,1.00263360376608
"gamma[8]",0.95,0.5,"mean",-1.406552,-1.2770375,-1.211874689875,-1.14431,-1.0274895,12,1.00263360376608
