"parameter","outer_width","inner_width","point_est","ll","l","m","h","hh","time","rhat"
"gamma[1]",0.95,0.5,"mean",2.70581575,2.87705,2.96589309625,3.057115,3.21475125,22,1.00110269658565
"gamma[2]",0.95,0.5,"mean",1.00801875,1.1092275,1.164920036625,1.220715,1.32135575,22,1.00110269658565
"gamma[3]",0.95,0.5,"mean",0.172644775,0.19985125,0.21383296525,0.227744,0.25430715,22,1.00110269658565
"gamma[4]",0.95,0.5,"mean",0.2305057,0.261605,0.278435817375,0.29493625,0.328310125,22,1.00110269658565
"gamma[5]",0.95,0.5,"mean",0.013979475,0.0474394,0.06536623274525,0.083237325,0.117767175,22,1.00110269658565
"gamma[6]",0.95,0.5,"mean",0.2428612,0.2834085,0.304522207125,0.3253605,0.3658,22,1.00110269658565
"gamma[7]",0.95,0.5,"mean",-1.6737405,-1.5557375,-1.49401399125,-1.4310375,-1.316669,22,1.00110269658565
"gamma[8]",0.95,0.5,"mean",-1.581331,-1.420125,-1.340656936,-1.2601325,-1.1020235,22,1.00110269658565
