"parameter","outer_width","inner_width","point_est","ll","l","m","h","hh","time","rhat"
"gamma[1]",0.95,0.5,"mean",2.79635275,2.968435,3.05877072125,3.15234,3.3167485,16,1.00254134188598
"gamma[2]",0.95,0.5,"mean",0.91644255,1.0201275,1.072420308375,1.1248125,1.21829025,16,1.00254134188598
"gamma[3]",0.95,0.5,"mean",0.14096765,0.16891925,0.18334220075,0.19769075,0.22622015,16,1.00254134188598
"gamma[4]",0.95,0.5,"mean",0.1932945,0.22637175,0.242957535125,0.25990575,0.2915042,16,1.00254134188598
"gamma[5]",0.95,0.5,"mean",0.00510041925000001,0.03349805,0.0483315368469375,0.062918375,0.0917228925,16,1.00254134188598
"gamma[6]",0.95,0.5,"mean",0.23840025,0.274009,0.292703276625,0.31115825,0.349004325,16,1.00254134188598
"gamma[7]",0.95,0.5,"mean",-1.952188,-1.8015825,-1.7268717325,-1.6530325,-1.5045825,16,1.00254134188598
"gamma[8]",0.95,0.5,"mean",-1.7608005,-1.6108325,-1.5391606675,-1.46595,-1.32784475,16,1.00254134188598
