"parameter","outer_width","inner_width","point_est","ll","l","m","h","hh","time","rhat"
"gamma[1]",0.95,0.5,"mean",2.705787,2.91399,3.0102223825,3.1081775,3.316179,12,1.0045460397665
"gamma[2]",0.95,0.5,"mean",0.877592275,1.0031875,1.065062714375,1.1305,1.24089075,12,1.0045460397665
"gamma[3]",0.95,0.5,"mean",0.129408575,0.1577105,0.171629670925,0.1857805,0.21345905,12,1.0045460397665
"gamma[4]",0.95,0.5,"mean",0.19354975,0.2256775,0.24188778625,0.2586755,0.2892238,12,1.0045460397665
"gamma[5]",0.95,0.5,"mean",-0.0423243575,-0.0149465,0.00015024329110875,0.0150572,0.04321216,12,1.0045460397665
"gamma[6]",0.95,0.5,"mean",0.240592075,0.27492125,0.292179307875,0.31014925,0.3444981,12,1.0045460397665
"gamma[7]",0.95,0.5,"mean",-1.87943175,-1.7606525,-1.6983465675,-1.63496,-1.51711875,12,1.0045460397665
"gamma[8]",0.95,0.5,"mean",-1.555222,-1.417705,-1.351793057375,-1.2868425,-1.154858,12,1.0045460397665
