"parameter","outer_width","inner_width","point_est","ll","l","m","h","hh","time","rhat"
"gamma[1]",0.95,0.5,"mean",2.5850195,2.7556725,2.83961179875,2.92547,3.09424875,11,1.00183902124507
"gamma[2]",0.95,0.5,"mean",0.74513155,0.847568,0.90263082725,0.958734,1.0594825,11,1.00183902124507
"gamma[3]",0.95,0.5,"mean",0.132218825,0.16051475,0.1752923712,0.190357,0.217949475,11,1.00183902124507
"gamma[4]",0.95,0.5,"mean",0.2217117,0.252788,0.268795760875,0.284731,0.31576475,11,1.00183902124507
"gamma[5]",0.95,0.5,"mean",0.0625258225,0.095042625,0.1111514610125,0.1272275,0.1597722,11,1.00183902124507
"gamma[6]",0.95,0.5,"mean",0.29231255,0.33220125,0.351074169625,0.37020325,0.408639025,11,1.00183902124507
"gamma[7]",0.95,0.5,"mean",-1.73694025,-1.602035,-1.53336801375,-1.4648575,-1.32723125,11,1.00183902124507
"gamma[8]",0.95,0.5,"mean",-1.547712,-1.4210925,-1.353102871375,-1.286035,-1.15315175,11,1.00183902124507
