"parameter","outer_width","inner_width","point_est","ll","l","m","h","hh","time","rhat"
"gamma[1]",0.95,0.5,"mean",2.701005,2.8826975,2.9719092925,3.064655,3.24654425,16,1.0028114688629
"gamma[2]",0.95,0.5,"mean",0.88967645,0.9997955,1.059986811125,1.12134,1.22784025,16,1.0028114688629
"gamma[3]",0.95,0.5,"mean",0.152768925,0.18468425,0.2011238111875,0.21763025,0.2514513,16,1.0028114688629
"gamma[4]",0.95,0.5,"mean",0.170698575,0.200677,0.215831077875,0.23124525,0.260023875,16,1.0028114688629
"gamma[5]",0.95,0.5,"mean",0.0316565575,0.061737325,0.07811136043125,0.09413395,0.1272084,16,1.0028114688629
"gamma[6]",0.95,0.5,"mean",0.251945525,0.2911575,0.31048672725,0.33050825,0.36543635,16,1.0028114688629
"gamma[7]",0.95,0.5,"mean",-1.86210075,-1.73353,-1.66971347625,-1.6046575,-1.477385,16,1.0028114688629
"gamma[8]",0.95,0.5,"mean",-1.59826825,-1.46771,-1.40336564625,-1.3396025,-1.21688925,16,1.0028114688629
