"parameter","outer_width","inner_width","point_est","ll","l","m","h","hh","time","rhat"
"gamma[1]",0.95,0.5,"mean",2.83884225,2.99912,3.08470315,3.17144,3.33201575,12,1.00229379348143
"gamma[2]",0.95,0.5,"mean",0.92901525,1.0406675,1.096252258375,1.1523475,1.25811075,12,1.00229379348143
"gamma[3]",0.95,0.5,"mean",0.18383555,0.21509975,0.230811156875,0.246791,0.276428675,12,1.00229379348143
"gamma[4]",0.95,0.5,"mean",0.2207745,0.252421,0.268604013,0.2847445,0.315348775,12,1.00229379348143
"gamma[5]",0.95,0.5,"mean",0.0199757725,0.0551797,0.072665699007625,0.090713425,0.124639925,12,1.00229379348143
"gamma[6]",0.95,0.5,"mean",0.2590216,0.29578175,0.314440195375,0.33307975,0.370636525,12,1.00229379348143
"gamma[7]",0.95,0.5,"mean",-1.87415375,-1.7007825,-1.61665422875,-1.5309125,-1.37222775,12,1.00229379348143
"gamma[8]",0.95,0.5,"mean",-1.5905505,-1.4377225,-1.367597018625,-1.2961075,-1.15001975,12,1.00229379348143
