"parameter","outer_width","inner_width","point_est","ll","l","m","h","hh","time","rhat"
"gamma[1]",0.95,0.5,"mean",2.654219,2.8284075,2.9205103825,3.007485,3.200357,12,1.00332334650125
"gamma[2]",0.95,0.5,"mean",0.933589,1.03528,1.08567603925,1.1385875,1.2300245,12,1.00332334650125
"gamma[3]",0.95,0.5,"mean",0.12964685,0.1571885,0.1718294503625,0.186449,0.2158724,12,1.00332334650125
"gamma[4]",0.95,0.5,"mean",0.1781268,0.20516875,0.219177572125,0.233154,0.259547025,12,1.00332334650125
"gamma[5]",0.95,0.5,"mean",0.00624075125,0.0392893,0.056172393635125,0.07320875,0.105223025,12,1.00332334650125
"gamma[6]",0.95,0.5,"mean",0.242691375,0.2743915,0.290138595375,0.3058195,0.336619075,12,1.00332334650125
"gamma[7]",0.95,0.5,"mean",-1.82693075,-1.69172,-1.6173718375,-1.54512,-1.39971875,12,1.00332334650125
"gamma[8]",0.95,0.5,"mean",-1.473354,-1.35967,-1.297287062375,-1.23544,-1.114019,12,1.00332334650125
