"parameter","outer_width","inner_width","point_est","ll","l","m","h","hh","time","rhat"
"gamma[1]",0.95,0.5,"mean",2.796826,2.97643,3.070821835,3.1575125,3.3763905,13,1.00404869983007
"gamma[2]",0.95,0.5,"mean",0.937549975,1.03376,1.0883228425,1.14034,1.2478425,13,1.00404869983007
"gamma[3]",0.95,0.5,"mean",0.1510461,0.178052,0.191804808,0.20556025,0.2323607,13,1.00404869983007
"gamma[4]",0.95,0.5,"mean",0.194715625,0.220686,0.234717542875,0.2486815,0.275295575,13,1.00404869983007
"gamma[5]",0.95,0.5,"mean",0.0197413775,0.0529433,0.0687778481701,0.085298325,0.11555845,13,1.00404869983007
"gamma[6]",0.95,0.5,"mean",0.259675025,0.2917975,0.307386355375,0.3234275,0.353595225,13,1.00404869983007
"gamma[7]",0.95,0.5,"mean",-1.83196375,-1.6890675,-1.61578509875,-1.54165,-1.3953585,13,1.00404869983007
"gamma[8]",0.95,0.5,"mean",-1.4609185,-1.3217625,-1.2534250985,-1.1831125,-1.06310625,13,1.00404869983007
