"parameter","outer_width","inner_width","point_est","ll","l","m","h","hh","time","rhat"
"gamma[1]",0.95,0.5,"mean",2.62347775,2.795215,2.8789923475,2.9650725,3.123324,17,1.00151776932395
"gamma[2]",0.95,0.5,"mean",0.8170141,0.921056,0.97679946025,1.032075,1.1347045,17,1.00151776932395
"gamma[3]",0.95,0.5,"mean",0.1874714,0.2200475,0.237261990875,0.254334,0.28745565,17,1.00151776932395
"gamma[4]",0.95,0.5,"mean",0.198960625,0.2286265,0.2429023005,0.25740525,0.284770475,17,1.00151776932395
"gamma[5]",0.95,0.5,"mean",-0.0200491075,0.01084015,0.0255157636833787,0.040285875,0.0686288175,17,1.00151776932395
"gamma[6]",0.95,0.5,"mean",0.229053475,0.2663115,0.286266381375,0.305941,0.3437585,17,1.00151776932395
"gamma[7]",0.95,0.5,"mean",-2.08946625,-1.9302,-1.85751991375,-1.7799625,-1.64065625,17,1.00151776932395
"gamma[8]",0.95,0.5,"mean",-1.72416,-1.5943825,-1.5257987425,-1.4584025,-1.315149,17,1.00151776932395
