"parameter","outer_width","inner_width","point_est","ll","l","m","h","hh","time","rhat"
"gamma[1]",0.95,0.5,"mean",2.879879,3.0749625,3.1772822175,3.2774525,3.466354,16,1.00357079491058
"gamma[2]",0.95,0.5,"mean",1.00364525,1.108525,1.160695074,1.21535,1.3154115,16,1.00357079491058
"gamma[3]",0.95,0.5,"mean",0.174173125,0.202219,0.216276714625,0.2304505,0.257905175,16,1.00357079491058
"gamma[4]",0.95,0.5,"mean",0.201660075,0.22973275,0.244612257375,0.25890825,0.28901035,16,1.00357079491058
"gamma[5]",0.95,0.5,"mean",-0.0180569825,0.0077167125,0.0213257693845875,0.0352004,0.060156605,16,1.00357079491058
"gamma[6]",0.95,0.5,"mean",0.27375215,0.3069665,0.323470029375,0.34058675,0.37114675,16,1.00357079491058
"gamma[7]",0.95,0.5,"mean",-1.858042,-1.7324425,-1.6669814875,-1.6019375,-1.478905,16,1.00357079491058
"gamma[8]",0.95,0.5,"mean",-1.67467475,-1.5284225,-1.45731790125,-1.3860525,-1.24623525,16,1.00357079491058
