"parameter","outer_width","inner_width","point_est","ll","l","m","h","hh","time","rhat"
"gamma[1]",0.95,0.5,"mean",2.87273575,3.04518,3.13768743625,3.2292225,3.4047015,12,1.00160854042677
"gamma[2]",0.95,0.5,"mean",0.859496925,0.957042,1.00441538125,1.0521975,1.144192,12,1.00160854042677
"gamma[3]",0.95,0.5,"mean",0.184064575,0.20944775,0.22296789825,0.23652575,0.261948275,12,1.00160854042677
"gamma[4]",0.95,0.5,"mean",0.243217875,0.2736495,0.28868803775,0.304021,0.331781525,12,1.00160854042677
"gamma[5]",0.95,0.5,"mean",0.0397677775,0.0683303,0.08344525794,0.09837635,0.12659385,12,1.00160854042677
"gamma[6]",0.95,0.5,"mean",0.264623725,0.29753575,0.3144529075,0.33147475,0.365173875,12,1.00160854042677
"gamma[7]",0.95,0.5,"mean",-1.9733245,-1.858975,-1.79796745375,-1.7371925,-1.61672725,12,1.00160854042677
"gamma[8]",0.95,0.5,"mean",-1.63799075,-1.51727,-1.4565705125,-1.3955875,-1.27237225,12,1.00160854042677
