"parameter","outer_width","inner_width","point_est","ll","l","m","h","hh","time","rhat"
"gamma[1]",0.95,0.5,"mean",2.69406225,2.88361,2.9816110175,3.08371,3.26321175,13,1.00289353720689
"gamma[2]",0.95,0.5,"mean",0.834150375,0.93306875,0.9802820375,1.0297425,1.1143015,13,1.00289353720689
"gamma[3]",0.95,0.5,"mean",0.129095375,0.15792025,0.1730000882625,0.18861525,0.21791025,13,1.00289353720689
"gamma[4]",0.95,0.5,"mean",0.1948565,0.223621,0.23755144125,0.2518875,0.2785458,13,1.00289353720689
"gamma[5]",0.95,0.5,"mean",0.0250166425,0.054581225,0.0684084092823125,0.082360825,0.1100723,13,1.00289353720689
"gamma[6]",0.95,0.5,"mean",0.259813225,0.29660525,0.31593587325,0.3349115,0.3737588,13,1.00289353720689
"gamma[7]",0.95,0.5,"mean",-1.6355505,-1.51691,-1.45216394375,-1.3880975,-1.276881,13,1.00289353720689
"gamma[8]",0.95,0.5,"mean",-1.568762,-1.4357375,-1.36813184525,-1.30091,-1.172807,13,1.00289353720689
