"parameter","outer_width","inner_width","point_est","ll","l","m","h","hh","time","rhat"
"gamma[1]",0.95,0.5,"mean",2.7040825,2.884895,2.97057305,3.0599725,3.22888175,44,1.00161742845623
"gamma[2]",0.95,0.5,"mean",0.798466125,0.89626925,0.944560836875,0.99371575,1.083915,44,1.00161742845623
"gamma[3]",0.95,0.5,"mean",0.183267425,0.213315,0.2286063745,0.24391875,0.2729071,44,1.00161742845623
"gamma[4]",0.95,0.5,"mean",0.18825795,0.21550575,0.230393609375,0.24502925,0.272736175,44,1.00161742845623
"gamma[5]",0.95,0.5,"mean",0.00385270150000002,0.03482325,0.0497424848680125,0.065194325,0.0928448575,44,1.00161742845623
"gamma[6]",0.95,0.5,"mean",0.236769775,0.2750265,0.29374410475,0.3132425,0.3491758,44,1.00161742845623
"gamma[7]",0.95,0.5,"mean",-1.80798375,-1.6627525,-1.5917253725,-1.5205325,-1.37467725,44,1.00161742845623
"gamma[8]",0.95,0.5,"mean",-1.60534075,-1.4706525,-1.4047526225,-1.33713,-1.21407,44,1.00161742845623
