"parameter","outer_width","inner_width","point_est","ll","l","m","h","hh","time","rhat"
"gamma[1]",0.95,0.5,"mean",2.78223875,2.9367075,3.02379042625,3.109585,3.277013,16,1.00148443076965
"gamma[2]",0.95,0.5,"mean",0.880244,0.9839695,1.0325399245,1.080745,1.187387,16,1.00148443076965
"gamma[3]",0.95,0.5,"mean",0.16041095,0.19047175,0.20658643225,0.22264375,0.252843275,16,1.00148443076965
"gamma[4]",0.95,0.5,"mean",0.1853137,0.2159525,0.231002410875,0.24647625,0.275944575,16,1.00148443076965
"gamma[5]",0.95,0.5,"mean",0.01150568,0.0402924,0.05502972003975,0.069800825,0.09980218,16,1.00148443076965
"gamma[6]",0.95,0.5,"mean",0.202240575,0.236257,0.25342360675,0.270245,0.305311625,16,1.00148443076965
"gamma[7]",0.95,0.5,"mean",-1.65125775,-1.4954275,-1.416055516,-1.3369175,-1.191303,16,1.00148443076965
"gamma[8]",0.95,0.5,"mean",-1.59550375,-1.456075,-1.38815285375,-1.3182325,-1.19084675,16,1.00148443076965
