"parameter","outer_width","inner_width","point_est","ll","l","m","h","hh","time","rhat"
"gamma[1]",0.95,0.5,"mean",2.61231925,2.817375,2.9184265925,3.01931,3.223124,13,1.00317853907809
"gamma[2]",0.95,0.5,"mean",0.8452104,0.9596105,1.015337835375,1.0722,1.176517,13,1.00317853907809
"gamma[3]",0.95,0.5,"mean",0.173769775,0.199394,0.213663173,0.22759525,0.254652325,13,1.00317853907809
"gamma[4]",0.95,0.5,"mean",0.2147148,0.24473225,0.26029524575,0.27584,0.3065252,13,1.00317853907809
"gamma[5]",0.95,0.5,"mean",-0.01258285,0.020479675,0.0381202665539,0.055384275,0.088712715,13,1.00317853907809
"gamma[6]",0.95,0.5,"mean",0.249292375,0.28446475,0.302872420125,0.32121,0.3572309,13,1.00317853907809
"gamma[7]",0.95,0.5,"mean",-1.6481015,-1.531375,-1.46486381375,-1.4021075,-1.26731275,13,1.00317853907809
"gamma[8]",0.95,0.5,"mean",-1.47054775,-1.3246,-1.25080968325,-1.17578,-1.02644,13,1.00317853907809
