"parameter","outer_width","inner_width","point_est","ll","l","m","h","hh","time","rhat"
"gamma[1]",0.95,0.5,"mean",2.49926225,2.67857,2.7657050825,2.853015,3.0128515,11,1.00340783739381
"gamma[2]",0.95,0.5,"mean",0.859507375,0.9530135,1.00281880225,1.0512275,1.150232,11,1.00340783739381
"gamma[3]",0.95,0.5,"mean",0.165034975,0.19127025,0.20586498625,0.21990025,0.248838525,11,1.00340783739381
"gamma[4]",0.95,0.5,"mean",0.2136489,0.2447645,0.261056005,0.277136,0.308234175,11,1.00340783739381
"gamma[5]",0.95,0.5,"mean",0.03780901,0.06302185,0.07618003801075,0.089130275,0.11392565,11,1.00340783739381
"gamma[6]",0.95,0.5,"mean",0.292360225,0.33045275,0.350523335625,0.37065825,0.40690875,11,1.00340783739381
"gamma[7]",0.95,0.5,"mean",-1.843366,-1.7072325,-1.64114059625,-1.5744775,-1.44800875,11,1.00340783739381
"gamma[8]",0.95,0.5,"mean",-1.774123,-1.630255,-1.56048115,-1.4912675,-1.34922,11,1.00340783739381
