"parameter","outer_width","inner_width","point_est","ll","l","m","h","hh","time","rhat"
"gamma[1]",0.95,0.5,"mean",2.622187,2.78912,2.869720525,2.95034,3.12402425,11,1.00147684906264
"gamma[2]",0.95,0.5,"mean",0.68017905,0.78999375,0.84629700975,0.9050495,1.00755275,11,1.00147684906264
"gamma[3]",0.95,0.5,"mean",0.17444685,0.20389925,0.218512737,0.23326075,0.261460725,11,1.00147684906264
"gamma[4]",0.95,0.5,"mean",0.18052845,0.2104495,0.22559303725,0.240741,0.269666425,11,1.00147684906264
"gamma[5]",0.95,0.5,"mean",0.0405360825,0.071341125,0.08688338258375,0.1027675,0.132082775,11,1.00147684906264
"gamma[6]",0.95,0.5,"mean",0.281813775,0.31599775,0.3329502065,0.34989375,0.382476875,11,1.00147684906264
"gamma[7]",0.95,0.5,"mean",-1.73908,-1.608085,-1.54552841375,-1.4810875,-1.36313675,11,1.00147684906264
"gamma[8]",0.95,0.5,"mean",-1.4771305,-1.352725,-1.288994714,-1.2263775,-1.09465625,11,1.00147684906264
