"parameter","outer_width","inner_width","point_est","ll","l","m","h","hh","time","rhat"
"gamma[1]",0.95,0.5,"mean",2.692578,2.8623425,2.96043551625,3.05425,3.24790225,12,1.00510910685651
"gamma[2]",0.95,0.5,"mean",0.839745525,0.95669225,1.005601141125,1.0567025,1.1589135,12,1.00510910685651
"gamma[3]",0.95,0.5,"mean",0.136856475,0.164547,0.1784460418125,0.19241375,0.219423625,12,1.00510910685651
"gamma[4]",0.95,0.5,"mean",0.16820665,0.19697925,0.21217331675,0.22769575,0.25531815,12,1.00510910685651
"gamma[5]",0.95,0.5,"mean",0.02779215,0.059386175,0.075295092306875,0.091065125,0.12197485,12,1.00510910685651
"gamma[6]",0.95,0.5,"mean",0.2539103,0.288258,0.306224707625,0.32397175,0.359881075,12,1.00510910685651
"gamma[7]",0.95,0.5,"mean",-2.0629515,-1.93073,-1.85867826625,-1.7849725,-1.654134,12,1.00510910685651
"gamma[8]",0.95,0.5,"mean",-1.65677425,-1.52901,-1.4613214,-1.395975,-1.2482115,12,1.00510910685651
