"parameter","outer_width","inner_width","point_est","ll","l","m","h","hh","time","rhat"
"gamma[1]",0.95,0.5,"mean",2.7510275,2.916635,3.003593805,3.09256,3.2505155,11,1.00174461105005
"gamma[2]",0.95,0.5,"mean",0.83141655,0.926546,0.976929224875,1.026375,1.1238725,11,1.00174461105005
"gamma[3]",0.95,0.5,"mean",0.144048075,0.1734405,0.1879538473,0.202827,0.2311931,11,1.00174461105005
"gamma[4]",0.95,0.5,"mean",0.201470725,0.2294575,0.2445113385,0.259509,0.288295275,11,1.00174461105005
"gamma[5]",0.95,0.5,"mean",0.01539862,0.0489581,0.0673774892405,0.08556005,0.120459975,11,1.00174461105005
"gamma[6]",0.95,0.5,"mean",0.2067343,0.24289125,0.262404826,0.281847,0.3193715,11,1.00174461105005
"gamma[7]",0.95,0.5,"mean",-1.78886325,-1.6738875,-1.616300795,-1.55809,-1.44115625,11,1.00174461105005
"gamma[8]",0.95,0.5,"mean",-1.438992,-1.2887425,-1.2171565125,-1.1426525,-1.00500525,11,1.00174461105005
