"parameter","outer_width","inner_width","point_est","ll","l","m","h","hh","time","rhat"
"gamma[1]",0.95,0.5,"mean",2.70740525,2.89323,2.98582772125,3.080035,3.24561275,12,1.00210686391693
"gamma[2]",0.95,0.5,"mean",0.862645425,0.95848825,1.005612531625,1.0532775,1.15086025,12,1.00210686391693
"gamma[3]",0.95,0.5,"mean",0.154085125,0.1842715,0.199346753,0.21488325,0.2429867,12,1.00210686391693
"gamma[4]",0.95,0.5,"mean",0.2393578,0.27172125,0.28819761075,0.3046365,0.335504725,12,1.00210686391693
"gamma[5]",0.95,0.5,"mean",0.030221455,0.060445025,0.076222557699125,0.09168665,0.12394275,12,1.00210686391693
"gamma[6]",0.95,0.5,"mean",0.217444625,0.252842,0.27050609475,0.28859925,0.3253479,12,1.00210686391693
"gamma[7]",0.95,0.5,"mean",-1.78264625,-1.6576025,-1.59215923375,-1.527525,-1.3950675,12,1.00210686391693
"gamma[8]",0.95,0.5,"mean",-1.49169325,-1.3716425,-1.305041090375,-1.24015,-1.11024475,12,1.00210686391693
