"parameter","outer_width","inner_width","point_est","ll","l","m","h","hh","time","rhat"
"gamma[1]",0.95,0.5,"mean",2.64821775,2.80996,2.899689325,2.9856175,3.1597225,15,1.0028561921609
"gamma[2]",0.95,0.5,"mean",0.736716775,0.8318635,0.88347783325,0.9349845,1.0316415,15,1.0028561921609
"gamma[3]",0.95,0.5,"mean",0.168161775,0.19519,0.208670575375,0.22251725,0.247686425,15,1.0028561921609
"gamma[4]",0.95,0.5,"mean",0.2154432,0.24434525,0.259386025625,0.27452975,0.3034394,15,1.0028561921609
"gamma[5]",0.95,0.5,"mean",0.04515285,0.0761127,0.09314931320375,0.11001,0.141776475,15,1.0028561921609
"gamma[6]",0.95,0.5,"mean",0.2673929,0.3054255,0.32565124175,0.3460525,0.38312375,15,1.0028561921609
"gamma[7]",0.95,0.5,"mean",-2.02960075,-1.8720075,-1.7970248225,-1.72057,-1.574682,15,1.0028561921609
"gamma[8]",0.95,0.5,"mean",-1.5023465,-1.376635,-1.309776371,-1.2450575,-1.11282875,15,1.0028561921609
