"parameter","outer_width","inner_width","point_est","ll","l","m","h","hh","time","rhat"
"gamma[1]",0.95,0.5,"mean",2.8347275,3.007785,3.0955170825,3.1853625,3.34845,12,1.00198755439511
"gamma[2]",0.95,0.5,"mean",0.9301068,1.01268,1.065214943375,1.114995,1.212011,12,1.00198755439511
"gamma[3]",0.95,0.5,"mean",0.14544205,0.1706385,0.18329193275,0.19653125,0.220253025,12,1.00198755439511
"gamma[4]",0.95,0.5,"mean",0.228504725,0.25642075,0.269703868375,0.28332675,0.308983075,12,1.00198755439511
"gamma[5]",0.95,0.5,"mean",0.0314017625,0.0577711,0.0706762527975,0.083609925,0.108614525,12,1.00198755439511
"gamma[6]",0.95,0.5,"mean",0.243823,0.27585375,0.292827470625,0.30943025,0.342176975,12,1.00198755439511
"gamma[7]",0.95,0.5,"mean",-1.676871,-1.5584275,-1.49602516,-1.4331625,-1.31564525,12,1.00198755439511
"gamma[8]",0.95,0.5,"mean",-1.4256935,-1.2975725,-1.225343081875,-1.15288,-1.0257025,12,1.00198755439511
