"parameter","outer_width","inner_width","point_est","ll","l","m","h","hh","time","rhat"
"gamma[1]",0.95,0.5,"mean",2.54702975,2.74276,2.84066652375,2.9440875,3.1147915,10,1.00245455474866
"gamma[2]",0.95,0.5,"mean",0.86695375,0.982055,1.0384239575,1.09697,1.20821425,10,1.00245455474866
"gamma[3]",0.95,0.5,"mean",0.1507714,0.179295,0.19498487,0.210477,0.2392945,10,1.00245455474866
"gamma[4]",0.95,0.5,"mean",0.215284575,0.25080075,0.268192930125,0.28540775,0.320696675,10,1.00245455474866
"gamma[5]",0.95,0.5,"mean",0.001432897,0.03519115,0.0521062174089,0.068932175,0.10399775,10,1.00245455474866
"gamma[6]",0.95,0.5,"mean",0.2080247,0.243783,0.262066721,0.280109,0.316009925,10,1.00245455474866
"gamma[7]",0.95,0.5,"mean",-1.83516575,-1.7044625,-1.63476840125,-1.5661775,-1.43067975,10,1.00245455474866
"gamma[8]",0.95,0.5,"mean",-1.46015375,-1.3285225,-1.2630292735,-1.197515,-1.06928925,10,1.00245455474866
