"parameter","outer_width","inner_width","point_est","ll","l","m","h","hh","time","rhat"
"gamma[1]",0.95,0.5,"mean",2.88713925,3.079065,3.17666834,3.27502,3.451961,12,1.00160448015785
"gamma[2]",0.95,0.5,"mean",0.948379225,1.055575,1.110220425,1.1656825,1.2738235,12,1.00160448015785
"gamma[3]",0.95,0.5,"mean",0.1655555,0.194491,0.210083804625,0.2259785,0.253953,12,1.00160448015785
"gamma[4]",0.95,0.5,"mean",0.15800315,0.19040025,0.206724773125,0.223073,0.254835925,12,1.00160448015785
"gamma[5]",0.95,0.5,"mean",0.00694403875000001,0.040368875,0.0572153664934,0.0742485,0.108113375,12,1.00160448015785
"gamma[6]",0.95,0.5,"mean",0.190547275,0.230876,0.250652113375,0.27071225,0.30851185,12,1.00160448015785
"gamma[7]",0.95,0.5,"mean",-1.801923,-1.665675,-1.59645121,-1.52515,-1.392528,12,1.00160448015785
"gamma[8]",0.95,0.5,"mean",-1.49463325,-1.3573,-1.285687879,-1.21332,-1.08569075,12,1.00160448015785
