"parameter","outer_width","inner_width","point_est","ll","l","m","h","hh","time","rhat"
"gamma[1]",0.95,0.5,"mean",2.677814,2.8720725,2.97377268125,3.0775025,3.27771875,25,1.00224081785499
"gamma[2]",0.95,0.5,"mean",0.905029175,1.0139225,1.073688782625,1.1345475,1.2412805,25,1.00224081785499
"gamma[3]",0.95,0.5,"mean",0.16918675,0.197325,0.212816342375,0.22819225,0.257116425,25,1.00224081785499
"gamma[4]",0.95,0.5,"mean",0.2206024,0.24744575,0.260742695875,0.27415975,0.2995824,25,1.00224081785499
"gamma[5]",0.95,0.5,"mean",-0.0548308175,-0.026349825,-0.0119596624040375,0.002620225,0.031617605,25,1.00224081785499
"gamma[6]",0.95,0.5,"mean",0.2651058,0.30116775,0.32034330325,0.33915075,0.375783175,25,1.00224081785499
"gamma[7]",0.95,0.5,"mean",-1.83077,-1.685805,-1.6133862875,-1.5399725,-1.39937525,25,1.00224081785499
"gamma[8]",0.95,0.5,"mean",-1.6154615,-1.48689,-1.415725483625,-1.3461925,-1.2139745,25,1.00224081785499
