"parameter","outer_width","inner_width","point_est","ll","l","m","h","hh","time","rhat"
"gamma[1]",0.95,0.5,"mean",2.95076775,3.11239,3.20469615625,3.29636,3.46873125,12,1.0025610651718
"gamma[2]",0.95,0.5,"mean",0.7735395,0.884869,0.937956919,0.99126425,1.0967025,12,1.0025610651718
"gamma[3]",0.95,0.5,"mean",0.1434061,0.17626,0.1925458415,0.20906925,0.2402197,12,1.0025610651718
"gamma[4]",0.95,0.5,"mean",0.170751875,0.20519475,0.222078699375,0.2388165,0.273794625,12,1.0025610651718
"gamma[5]",0.95,0.5,"mean",0.00582377300000001,0.037218975,0.053246529696075,0.069226675,0.100807075,12,1.0025610651718
"gamma[6]",0.95,0.5,"mean",0.235124675,0.27326175,0.29320805175,0.31256725,0.353136425,12,1.0025610651718
"gamma[7]",0.95,0.5,"mean",-1.7001825,-1.5653425,-1.49559224125,-1.42676,-1.2921485,12,1.0025610651718
"gamma[8]",0.95,0.5,"mean",-1.71133375,-1.576755,-1.50273413375,-1.43053,-1.28175875,12,1.0025610651718
