"parameter","outer_width","inner_width","point_est","ll","l","m","h","hh","time","rhat"
"gamma[1]",0.95,0.5,"mean",2.74429025,2.90299,2.9864444,3.067085,3.24329275,15,1.00374693179088
"gamma[2]",0.95,0.5,"mean",0.8644116,0.9667215,1.021183407375,1.0735075,1.189155,15,1.00374693179088
"gamma[3]",0.95,0.5,"mean",0.12107535,0.14974425,0.16546661345,0.18115375,0.20910005,15,1.00374693179088
"gamma[4]",0.95,0.5,"mean",0.213359975,0.2449885,0.261448648,0.2785535,0.30785765,15,1.00374693179088
"gamma[5]",0.95,0.5,"mean",-0.033645945,-0.00434557,0.01138052352324,0.026880875,0.0586863725,15,1.00374693179088
"gamma[6]",0.95,0.5,"mean",0.2601368,0.29163625,0.3081241055,0.32489525,0.357352325,15,1.00374693179088
"gamma[7]",0.95,0.5,"mean",-1.612417,-1.4804675,-1.40886815875,-1.338915,-1.20707725,15,1.00374693179088
"gamma[8]",0.95,0.5,"mean",-1.578086,-1.438595,-1.3649249865,-1.2896625,-1.15836675,15,1.00374693179088
