"parameter","outer_width","inner_width","point_est","ll","l","m","h","hh","time","rhat"
"gamma[1]",0.95,0.5,"mean",2.7603455,2.944565,3.04259669875,3.1396475,3.3266705,12,1.00327499660429
"gamma[2]",0.95,0.5,"mean",0.868992175,0.97581075,1.031242453875,1.0838025,1.19888575,12,1.00327499660429
"gamma[3]",0.95,0.5,"mean",0.17110225,0.199409,0.213828393625,0.2283925,0.25581325,12,1.00327499660429
"gamma[4]",0.95,0.5,"mean",0.20664155,0.2366775,0.25211797325,0.26762875,0.2973529,12,1.00327499660429
"gamma[5]",0.95,0.5,"mean",-0.0298538075,0.0018737,0.0177322981236663,0.033606325,0.0649172825,12,1.00327499660429
"gamma[6]",0.95,0.5,"mean",0.270856325,0.30333075,0.319145829625,0.33544175,0.365535225,12,1.00327499660429
"gamma[7]",0.95,0.5,"mean",-1.9646505,-1.833765,-1.759331545,-1.684905,-1.54508975,12,1.00327499660429
"gamma[8]",0.95,0.5,"mean",-1.57219725,-1.4448925,-1.368164750125,-1.29365,-1.1563675,12,1.00327499660429
