"parameter","outer_width","inner_width","point_est","ll","l","m","h","hh","time","rhat"
"gamma[1]",0.95,0.5,"mean",2.51218875,2.745875,2.84139746875,2.94684,3.13091325,77,1.00882633450563
"gamma[2]",0.95,0.5,"mean",0.863126575,0.9805655,1.03569635425,1.088825,1.2167805,77,1.00882633450563
"gamma[3]",0.95,0.5,"mean",0.1613806,0.187802,0.20148608625,0.21526525,0.241548325,77,1.00882633450563
"gamma[4]",0.95,0.5,"mean",0.2337382,0.26201975,0.276565096625,0.29133075,0.31947425,77,1.00882633450563
"gamma[5]",0.95,0.5,"mean",0.00507599700000002,0.034864025,0.0511749526023551,0.067282675,0.0996898225,77,1.00882633450563
"gamma[6]",0.95,0.5,"mean",0.243626975,0.28354325,0.30378666275,0.32367725,0.362479125,77,1.00882633450563
"gamma[7]",0.95,0.5,"mean",-1.86962525,-1.735385,-1.6681144725,-1.60211,-1.47034075,77,1.00882633450563
"gamma[8]",0.95,0.5,"mean",-1.49063975,-1.3553225,-1.282282264625,-1.2126,-1.0608265,77,1.00882633450563
