"parameter","outer_width","inner_width","point_est","ll","l","m","h","hh","time","rhat"
"gamma[1]",0.95,0.5,"mean",2.60481975,2.7583475,2.83390535916667,2.90977,3.06430325,41,1.00150470577998
"gamma[2]",0.95,0.5,"mean",0.8303524,0.92244475,0.9711762555,1.0196625,1.10971275,41,1.00150470577998
"gamma[3]",0.95,0.5,"mean",0.153273775,0.1754155,0.186742802333333,0.19810475,0.220137475,41,1.00150470577998
"gamma[4]",0.95,0.5,"mean",0.21829495,0.2407125,0.252318871583333,0.26388625,0.286074525,41,1.00150470577998
"gamma[5]",0.95,0.5,"mean",0.01611082,0.0379852,0.0493385591142667,0.06056125,0.082294375,41,1.00150470577998
"gamma[6]",0.95,0.5,"mean",0.261499775,0.28304775,0.294203190333333,0.305542,0.326676175,41,1.00150470577998
"gamma[7]",0.95,0.5,"mean",-1.70047675,-1.62855,-1.59094547833333,-1.5532075,-1.479669,41,1.00150470577998
"gamma[8]",0.95,0.5,"mean",-1.62098075,-1.53625,-1.49362410416667,-1.450595,-1.3670685,41,1.00150470577998
