"parameter","outer_width","inner_width","point_est","ll","l","m","h","hh","time","rhat"
"gamma[1]",0.95,0.5,"mean",2.6805095,2.8190225,2.8909141375,2.96172,3.099521,17,1.03694854421495
"gamma[2]",0.95,0.5,"mean",0.8230054,0.91294775,0.958161876,1.00474,1.0912205,17,1.03694854421495
"gamma[3]",0.95,0.5,"mean",0.17889585,0.20250775,0.214556867583333,0.226726,0.249701575,17,1.03694854421495
"gamma[4]",0.95,0.5,"mean",0.21670045,0.24138275,0.25337027525,0.26564425,0.289373125,17,1.03694854421495
"gamma[5]",0.95,0.5,"mean",0.0176103275,0.0404665,0.0525867078850833,0.06458925,0.0875154975,17,1.03694854421495
"gamma[6]",0.95,0.5,"mean",0.24941995,0.270438,0.28171943925,0.29300375,0.314845025,17,1.03694854421495
"gamma[7]",0.95,0.5,"mean",-1.73898075,-1.654305,-1.60980659166667,-1.5647,-1.47918,17,1.03694854421495
"gamma[8]",0.95,0.5,"mean",-1.55221025,-1.4648025,-1.42030448083333,-1.375075,-1.29213875,17,1.03694854421495
