"parameter","outer_width","inner_width","point_est","ll","l","m","h","hh","time","rhat"
"gamma[1]",0.95,0.5,"mean",2.844764,3.0272125,3.11872145916667,3.21131,3.3901535,17,1.03698353374894
"gamma[2]",0.95,0.5,"mean",0.947566775,1.0520325,1.10271109783333,1.1540325,1.25157375,17,1.03698353374894
"gamma[3]",0.95,0.5,"mean",0.18066795,0.20061425,0.210796153,0.22108175,0.241003675,17,1.03698353374894
"gamma[4]",0.95,0.5,"mean",0.23080965,0.25732375,0.271126442916667,0.2846615,0.3116192,17,1.03698353374894
"gamma[5]",0.95,0.5,"mean",0.0133414175,0.0381656,0.050599185240625,0.06314215,0.086950095,17,1.03698353374894
"gamma[6]",0.95,0.5,"mean",0.284077025,0.307691,0.320178015,0.33238375,0.357445625,17,1.03698353374894
"gamma[7]",0.95,0.5,"mean",-1.70460125,-1.62192,-1.57622228833333,-1.5316475,-1.44388825,17,1.03698353374894
"gamma[8]",0.95,0.5,"mean",-1.35774075,-1.2755525,-1.23019220483333,-1.1853975,-1.0993895,17,1.03698353374894
