"parameter","outer_width","inner_width","point_est","ll","l","m","h","hh","time","rhat"
"gamma[1]",0.95,0.5,"mean",2.5411595,2.7116575,2.79951242416667,2.889645,3.061879,23,1.04187897607984
"gamma[2]",0.95,0.5,"mean",0.746612475,0.85364525,0.904399340583333,0.95629425,1.052442,23,1.04187897607984
"gamma[3]",0.95,0.5,"mean",0.15969555,0.181133,0.192095323833333,0.20296225,0.2243664,23,1.04187897607984
"gamma[4]",0.95,0.5,"mean",0.2145806,0.2366615,0.247904455416667,0.25933225,0.280534125,23,1.04187897607984
"gamma[5]",0.95,0.5,"mean",-0.000322611224999998,0.021139525,0.0322397848761408,0.043707475,0.06416513,23,1.04187897607984
"gamma[6]",0.95,0.5,"mean",0.2264356,0.24943275,0.262233517583333,0.274624,0.298185125,23,1.04187897607984
"gamma[7]",0.95,0.5,"mean",-1.705211,-1.6229075,-1.581459575,-1.539875,-1.461164,23,1.04187897607984
"gamma[8]",0.95,0.5,"mean",-1.572781,-1.487985,-1.44160339416667,-1.3952275,-1.30750975,23,1.04187897607984
