"parameter","outer_width","inner_width","point_est","ll","l","m","h","hh","time","rhat"
"gamma[1]",0.95,0.5,"mean",2.779699,2.9535175,3.0355965975,3.11728,3.2862715,19,1.05398524148274
"gamma[2]",0.95,0.5,"mean",0.8787407,0.97883375,1.02465505233333,1.07157,1.1702405,19,1.05398524148274
"gamma[3]",0.95,0.5,"mean",0.143815875,0.16645375,0.177693390916667,0.18977025,0.20873555,19,1.05398524148274
"gamma[4]",0.95,0.5,"mean",0.2056553,0.227402,0.237751595166667,0.24847425,0.26994725,19,1.05398524148274
"gamma[5]",0.95,0.5,"mean",0.0281164925,0.0491218,0.06221820743725,0.074625,0.0973192025,19,1.05398524148274
"gamma[6]",0.95,0.5,"mean",0.2808483,0.300773,0.31111830025,0.3218815,0.33890205,19,1.05398524148274
"gamma[7]",0.95,0.5,"mean",-1.7660205,-1.6808,-1.63899127,-1.5943975,-1.511339,19,1.05398524148274
"gamma[8]",0.95,0.5,"mean",-1.54633175,-1.4446375,-1.39923678666667,-1.3528275,-1.254898,19,1.05398524148274
