"parameter","outer_width","inner_width","point_est","ll","l","m","h","hh","time","rhat"
"gamma[1]",0.95,0.5,"mean",2.775847,2.932665,3.01922336,3.1011675,3.27865275,15,1.04111532968391
"gamma[2]",0.95,0.5,"mean",0.842265275,0.93909275,0.989241959166667,1.0379625,1.1403855,15,1.04111532968391
"gamma[3]",0.95,0.5,"mean",0.17578245,0.198504,0.209977885166667,0.221704,0.243899375,15,1.04111532968391
"gamma[4]",0.95,0.5,"mean",0.210768825,0.23419875,0.24589228275,0.2580765,0.28061815,15,1.04111532968391
"gamma[5]",0.95,0.5,"mean",0.00722822275,0.032759675,0.0454067309039592,0.0582185,0.081894105,15,1.04111532968391
"gamma[6]",0.95,0.5,"mean",0.28223315,0.3032285,0.3139723015,0.3244675,0.34668235,15,1.04111532968391
"gamma[7]",0.95,0.5,"mean",-1.8078045,-1.71385,-1.66490903166667,-1.61609,-1.52304975,15,1.04111532968391
"gamma[8]",0.95,0.5,"mean",-1.66123125,-1.5639,-1.5120161975,-1.4601,-1.35872525,15,1.04111532968391
