"parameter","outer_width","inner_width","point_est","ll","l","m","h","hh","time","rhat"
"gamma[1]",0.95,0.5,"mean",2.807844,2.9685,3.04547830916667,3.123855,3.277614,16,1.0303661400535
"gamma[2]",0.95,0.5,"mean",0.951513975,1.0399825,1.08487550558333,1.128815,1.2274135,16,1.0303661400535
"gamma[3]",0.95,0.5,"mean",0.156113525,0.1778235,0.188475056833333,0.19917275,0.220554325,16,1.0303661400535
"gamma[4]",0.95,0.5,"mean",0.257539975,0.279925,0.2908639475,0.3022625,0.322893925,16,1.0303661400535
"gamma[5]",0.95,0.5,"mean",0.0141654775,0.03849725,0.05110242002225,0.063827625,0.08785005,16,1.0303661400535
"gamma[6]",0.95,0.5,"mean",0.2336683,0.25949975,0.272638712333333,0.28589,0.311515525,16,1.0303661400535
"gamma[7]",0.95,0.5,"mean",-1.63042175,-1.54945,-1.51013538666667,-1.470005,-1.3917295,16,1.0303661400535
"gamma[8]",0.95,0.5,"mean",-1.479164,-1.3992225,-1.35762853083333,-1.3150475,-1.237429,16,1.0303661400535
