"parameter","outer_width","inner_width","point_est","ll","l","m","h","hh","time","rhat"
"gamma[1]",0.95,0.5,"mean",2.7116275,2.87828,2.96752497583333,3.0555825,3.228695,31,1.03873276970484
"gamma[2]",0.95,0.5,"mean",0.774947975,0.87551425,0.92770709175,0.9783055,1.0797355,31,1.03873276970484
"gamma[3]",0.95,0.5,"mean",0.183716225,0.207536,0.2197068525,0.2319175,0.255247775,31,1.03873276970484
"gamma[4]",0.95,0.5,"mean",0.2039229,0.2264965,0.23806227775,0.249847,0.271995,31,1.03873276970484
"gamma[5]",0.95,0.5,"mean",0.0279650975,0.051470625,0.0632765248475,0.074948275,0.098797065,31,1.03873276970484
"gamma[6]",0.95,0.5,"mean",0.23676635,0.2629785,0.2759417145,0.28908375,0.3144579,31,1.03873276970484
"gamma[7]",0.95,0.5,"mean",-1.70123175,-1.6141575,-1.56991069833333,-1.52567,-1.438227,31,1.03873276970484
"gamma[8]",0.95,0.5,"mean",-1.61181125,-1.52775,-1.48257163,-1.4385525,-1.34861975,31,1.03873276970484
