"parameter","outer_width","inner_width","point_est","ll","l","m","h","hh","time","rhat"
"gamma[1]",0.95,0.5,"mean",2.777496,2.9365275,3.01182005166667,3.088425,3.2436215,18,1.03401854288654
"gamma[2]",0.95,0.5,"mean",0.912908925,1.01085,1.06295306991667,1.1127325,1.2132665,18,1.03401854288654
"gamma[3]",0.95,0.5,"mean",0.160681825,0.18227025,0.193017794333333,0.203624,0.2247716,18,1.03401854288654
"gamma[4]",0.95,0.5,"mean",0.206023,0.229698,0.242103755416667,0.25486275,0.27748515,18,1.03401854288654
"gamma[5]",0.95,0.5,"mean",-0.00627213,0.027273,0.0377654843765333,0.04973625,0.07096598,18,1.03401854288654
"gamma[6]",0.95,0.5,"mean",0.238085975,0.26218325,0.273813945083333,0.28592825,0.31052385,18,1.03401854288654
"gamma[7]",0.95,0.5,"mean",-1.71273125,-1.6290725,-1.57909811833333,-1.53084,-1.440676,18,1.03401854288654
"gamma[8]",0.95,0.5,"mean",-1.4845415,-1.39917,-1.35691955416667,-1.3154975,-1.23042825,18,1.03401854288654
