"parameter","outer_width","inner_width","point_est","ll","l","m","h","hh","time","rhat"
"gamma[1]",0.95,0.5,"mean",2.88575725,3.04216,3.1227334425,3.20037,3.360531,27,1.02962134283698
"gamma[2]",0.95,0.5,"mean",0.94913915,1.0463475,1.09839747825,1.1498,1.24958,27,1.02962134283698
"gamma[3]",0.95,0.5,"mean",0.1445965,0.167636,0.179700666166667,0.19180525,0.21523935,27,1.02962134283698
"gamma[4]",0.95,0.5,"mean",0.243806975,0.265988,0.27756002975,0.28922575,0.31137785,27,1.02962134283698
"gamma[5]",0.95,0.5,"mean",0.00705295700000001,0.03530305,0.0483724734823917,0.061685525,0.0877285975,27,1.02962134283698
"gamma[6]",0.95,0.5,"mean",0.273061625,0.291224,0.300388991,0.30961,0.327608425,27,1.02962134283698
"gamma[7]",0.95,0.5,"mean",-1.84023075,-1.7417625,-1.69424208666667,-1.6460275,-1.55462775,27,1.02962134283698
"gamma[8]",0.95,0.5,"mean",-1.470631,-1.381455,-1.34008314583333,-1.297285,-1.21409775,27,1.02962134283698
