"parameter","outer_width","inner_width","point_est","ll","l","m","h","hh","time","rhat"
"gamma[1]",0.95,0.5,"mean",2.75768625,2.91998,3.00369916083333,3.0803,3.254332,15,1.03608762921614
"gamma[2]",0.95,0.5,"mean",0.86274595,0.95674875,1.0059695665,1.05398,1.14563,15,1.03608762921614
"gamma[3]",0.95,0.5,"mean",0.16021155,0.182217,0.192592179333333,0.2029135,0.224587,15,1.03608762921614
"gamma[4]",0.95,0.5,"mean",0.214825475,0.235189,0.248238481666667,0.26031925,0.283648425,15,1.03608762921614
"gamma[5]",0.95,0.5,"mean",0.00323750400000001,0.02541605,0.037891600829785,0.050539475,0.072521785,15,1.03608762921614
"gamma[6]",0.95,0.5,"mean",0.253045175,0.27832425,0.29161861,0.3059205,0.32877455,15,1.03608762921614
"gamma[7]",0.95,0.5,"mean",-1.7059445,-1.62585,-1.58042015166667,-1.5361875,-1.452923,15,1.03608762921614
"gamma[8]",0.95,0.5,"mean",-1.57827025,-1.4987325,-1.4575662825,-1.415875,-1.331596,15,1.03608762921614
