"parameter","outer_width","inner_width","point_est","ll","l","m","h","hh","time","rhat"
"gamma[1]",0.95,0.5,"mean",2.7862435,2.92461,2.99597016333333,3.0688375,3.20552,11,1.03967272583676
"gamma[2]",0.95,0.5,"mean",0.864937575,0.953483,0.99970498,1.0457025,1.1364505,11,1.03967272583676
"gamma[3]",0.95,0.5,"mean",0.1596125,0.1788195,0.188748837416667,0.19886825,0.218071025,11,1.03967272583676
"gamma[4]",0.95,0.5,"mean",0.226761075,0.24812675,0.259489081583333,0.2708495,0.292755425,11,1.03967272583676
"gamma[5]",0.95,0.5,"mean",0.017156045,0.041748,0.0543524027945833,0.066953225,0.0910927025,11,1.03967272583676
"gamma[6]",0.95,0.5,"mean",0.26662515,0.288508,0.29987703175,0.31111325,0.333191325,11,1.03967272583676
"gamma[7]",0.95,0.5,"mean",-1.63383,-1.556505,-1.51864169416667,-1.47956,-1.407229,11,1.03967272583676
"gamma[8]",0.95,0.5,"mean",-1.4696265,-1.3953325,-1.35478400416667,-1.3145375,-1.238468,11,1.03967272583676
