"parameter","outer_width","inner_width","point_est","ll","l","m","h","hh","time","rhat"
"gamma[1]",0.95,0.5,"mean",2.63547775,2.7991,2.88406827416667,2.9707475,3.130567,30,1.02714232273481
"gamma[2]",0.95,0.5,"mean",0.8000165,0.898939,0.948959186083333,0.99890875,1.0943345,30,1.02714232273481
"gamma[3]",0.95,0.5,"mean",0.15493865,0.17685775,0.188115327,0.19938875,0.220041225,30,1.02714232273481
"gamma[4]",0.95,0.5,"mean",0.219332975,0.24349275,0.255857083583333,0.268466,0.29222935,30,1.02714232273481
"gamma[5]",0.95,0.5,"mean",0.03258813,0.054276225,0.0655307943230667,0.076964225,0.09850159,30,1.02714232273481
"gamma[6]",0.95,0.5,"mean",0.26848075,0.29108775,0.302704390833333,0.31468025,0.3368267,30,1.02714232273481
"gamma[7]",0.95,0.5,"mean",-1.744803,-1.6512625,-1.60462992166667,-1.55657,-1.46916825,30,1.02714232273481
"gamma[8]",0.95,0.5,"mean",-1.70233225,-1.6180925,-1.57240842333333,-1.5264675,-1.4433215,30,1.02714232273481
