"parameter","outer_width","inner_width","point_est","ll","l","m","h","hh","time","rhat"
"gamma[1]",0.95,0.5,"mean",2.8646985,3.0194025,3.09824190083333,3.1787625,3.327082,22,1.02729227983299
"gamma[2]",0.95,0.5,"mean",0.842902075,0.92921675,0.979320499666667,1.029975,1.1186805,22,1.02729227983299
"gamma[3]",0.95,0.5,"mean",0.166254325,0.1884375,0.199652742916667,0.21100025,0.233080475,22,1.02729227983299
"gamma[4]",0.95,0.5,"mean",0.247093375,0.268026,0.279189905,0.2902585,0.31172085,22,1.02729227983299
"gamma[5]",0.95,0.5,"mean",0.0455471175,0.066142275,0.0768385624166667,0.087721525,0.10926855,22,1.02729227983299
"gamma[6]",0.95,0.5,"mean",0.2906817,0.31078175,0.321302537916667,0.3318345,0.35170925,22,1.02729227983299
"gamma[7]",0.95,0.5,"mean",-1.647921,-1.5683,-1.52671825,-1.48533,-1.405019,22,1.02729227983299
"gamma[8]",0.95,0.5,"mean",-1.52087,-1.44101,-1.39637649,-1.352735,-1.26892725,22,1.02729227983299
