"parameter","outer_width","inner_width","point_est","ll","l","m","h","hh","time","rhat"
"gamma[1]",0.95,0.5,"mean",2.63554975,2.8067025,2.896053295,2.986075,3.156202,15,1.02766841806929
"gamma[2]",0.95,0.5,"mean",0.8232655,0.92344775,0.977956783666667,1.031245,1.13836975,15,1.02766841806929
"gamma[3]",0.95,0.5,"mean",0.21054465,0.2335785,0.245188373,0.25705925,0.279104575,15,1.02766841806929
"gamma[4]",0.95,0.5,"mean",0.2499448,0.27236825,0.283810024666667,0.29527125,0.31727565,15,1.02766841806929
"gamma[5]",0.95,0.5,"mean",0.009082603,0.032148025,0.0439069994330917,0.055845,0.0775134525,15,1.02766841806929
"gamma[6]",0.95,0.5,"mean",0.235365275,0.25461025,0.26506469325,0.2750635,0.29580675,15,1.02766841806929
"gamma[7]",0.95,0.5,"mean",-1.79392325,-1.7083525,-1.665010325,-1.621555,-1.5376875,15,1.02766841806929
"gamma[8]",0.95,0.5,"mean",-1.61072075,-1.5212525,-1.47317001,-1.42687,-1.33433625,15,1.02766841806929
