"parameter","outer_width","inner_width","point_est","ll","l","m","h","hh","time","rhat"
"gamma[1]",0.95,0.5,"mean",2.9301635,3.100315,3.1862137325,3.273365,3.43651425,11,1.02747744051831
"gamma[2]",0.95,0.5,"mean",1.0222775,1.1103275,1.15750562225,1.20548,1.2923945,11,1.02747744051831
"gamma[3]",0.95,0.5,"mean",0.211116425,0.23063875,0.24030992525,0.2499975,0.269322025,11,1.02747744051831
"gamma[4]",0.95,0.5,"mean",0.235763,0.25631875,0.267287631166667,0.2782,0.2988472,11,1.02747744051831
"gamma[5]",0.95,0.5,"mean",0.0136470375,0.0354444,0.0462993231110833,0.057385525,0.07929443,11,1.02747744051831
"gamma[6]",0.95,0.5,"mean",0.2652016,0.28642575,0.297318733583333,0.30840525,0.32906585,11,1.02747744051831
"gamma[7]",0.95,0.5,"mean",-1.641244,-1.55495,-1.50814279,-1.461585,-1.37310675,11,1.02747744051831
"gamma[8]",0.95,0.5,"mean",-1.45876725,-1.35457,-1.30243969916667,-1.250115,-1.145975,11,1.02747744051831
