"parameter","outer_width","inner_width","point_est","ll","l","m","h","hh","time","rhat"
"gamma[1]",0.95,0.5,"mean",2.620939,2.7781175,2.86046164083333,2.9429975,3.094394,22,1.02697428537964
"gamma[2]",0.95,0.5,"mean",0.801986525,0.90430475,0.953439195,1.0025425,1.101971,22,1.02697428537964
"gamma[3]",0.95,0.5,"mean",0.1551528,0.17623575,0.186915953,0.19764425,0.217891025,22,1.02697428537964
"gamma[4]",0.95,0.5,"mean",0.2134921,0.23730625,0.249634389583333,0.26226075,0.285089225,22,1.02697428537964
"gamma[5]",0.95,0.5,"mean",0.0045662355,0.02953775,0.0416562833331858,0.054005175,0.0777349849999999,22,1.02697428537964
"gamma[6]",0.95,0.5,"mean",0.264241575,0.28754625,0.299391495916667,0.31140625,0.33394765,22,1.02697428537964
"gamma[7]",0.95,0.5,"mean",-1.92956675,-1.8219125,-1.77189498916667,-1.720135,-1.6196775,22,1.02697428537964
"gamma[8]",0.95,0.5,"mean",-1.58348125,-1.485905,-1.43917713166667,-1.3911775,-1.30067,22,1.02697428537964
