"parameter","outer_width","inner_width","point_est","ll","l","m","h","hh","time","rhat"
"gamma[1]",0.95,0.5,"mean",2.70216925,2.84737,2.9264390725,3.0025675,3.1565705,24,1.03982591513825
"gamma[2]",0.95,0.5,"mean",0.82505725,0.91160625,0.955493461583333,0.9989215,1.085528,24,1.03982591513825
"gamma[3]",0.95,0.5,"mean",0.171963975,0.1942045,0.20541872975,0.21692675,0.238279275,24,1.03982591513825
"gamma[4]",0.95,0.5,"mean",0.2379716,0.25991325,0.271399154083333,0.28263025,0.30553445,24,1.03982591513825
"gamma[5]",0.95,0.5,"mean",-0.01739885,0.002717365,0.0131947230626467,0.0236229,0.04398694,24,1.03982591513825
"gamma[6]",0.95,0.5,"mean",0.259392975,0.28116375,0.292771621,0.304465,0.3267208,24,1.03982591513825
"gamma[7]",0.95,0.5,"mean",-1.73017625,-1.6478425,-1.60816214583333,-1.56751,-1.4912495,24,1.03982591513825
"gamma[8]",0.95,0.5,"mean",-1.614882,-1.5366975,-1.49692579583333,-1.4566,-1.385344,24,1.03982591513825
