"parameter","outer_width","inner_width","point_est","ll","l","m","h","hh","time","rhat"
"gamma[1]",0.95,0.5,"mean",2.81370725,2.98392,3.07036745,3.15553,3.314842,33,1.02983647341366
"gamma[2]",0.95,0.5,"mean",0.936938725,1.0410425,1.092382665,1.1432675,1.24458075,33,1.02983647341366
"gamma[3]",0.95,0.5,"mean",0.17295295,0.19391975,0.205101809583333,0.2161755,0.237680275,33,1.02983647341366
"gamma[4]",0.95,0.5,"mean",0.2057137,0.2277765,0.239530055083333,0.25122225,0.2736864,33,1.02983647341366
"gamma[5]",0.95,0.5,"mean",0.0479897925,0.073411,0.0867314589294167,0.0996852,0.1258591,33,1.02983647341366
"gamma[6]",0.95,0.5,"mean",0.278622475,0.30114725,0.3135652815,0.32560625,0.3489273,33,1.02983647341366
"gamma[7]",0.95,0.5,"mean",-1.8098545,-1.7163725,-1.670730105,-1.6251275,-1.5338255,33,1.02983647341366
"gamma[8]",0.95,0.5,"mean",-1.49491325,-1.4099675,-1.36703802833333,-1.323735,-1.24057775,33,1.02983647341366
