"parameter","outer_width","inner_width","point_est","ll","l","m","h","hh","time","rhat"
"gamma[1]",0.95,0.5,"mean",2.87744725,3.037545,3.11891338083333,3.1989125,3.36673275,15,1.02825714809496
"gamma[2]",0.95,0.5,"mean",0.90024415,0.9899315,1.0356070405,1.08224,1.1722815,15,1.02825714809496
"gamma[3]",0.95,0.5,"mean",0.168668025,0.191073,0.202087764833333,0.2135115,0.234267,15,1.02825714809496
"gamma[4]",0.95,0.5,"mean",0.20431965,0.2267335,0.239020357,0.25132,0.273955675,15,1.02825714809496
"gamma[5]",0.95,0.5,"mean",0.04676202,0.0698562,0.0819005871991667,0.0939257,0.1175231,15,1.02825714809496
"gamma[6]",0.95,0.5,"mean",0.281260875,0.3016345,0.312341326916667,0.32279525,0.343872325,15,1.02825714809496
"gamma[7]",0.95,0.5,"mean",-1.74490025,-1.6552125,-1.61025222583333,-1.5649175,-1.478347,15,1.02825714809496
"gamma[8]",0.95,0.5,"mean",-1.551253,-1.4758925,-1.43619644333333,-1.395935,-1.322505,15,1.02825714809496
