"parameter","outer_width","inner_width","point_est","ll","l","m","h","hh","time","rhat"
"gamma[1]",0.95,0.5,"mean",2.58959525,2.7848075,2.87942238166667,2.9765325,3.1580505,36,1.02939757851563
"gamma[2]",0.95,0.5,"mean",0.809602525,0.91873825,0.974311590583333,1.029835,1.13827525,36,1.02939757851563
"gamma[3]",0.95,0.5,"mean",0.1343979,0.15932775,0.172220943825,0.18537875,0.209353275,36,1.02939757851563
"gamma[4]",0.95,0.5,"mean",0.233348225,0.257897,0.270472743083333,0.2831095,0.306506075,36,1.02939757851563
"gamma[5]",0.95,0.5,"mean",-0.01757388,0.005692245,0.0174090568523817,0.0292243,0.052080485,36,1.02939757851563
"gamma[6]",0.95,0.5,"mean",0.270072,0.2928835,0.304236786083333,0.3157675,0.337121175,36,1.02939757851563
"gamma[7]",0.95,0.5,"mean",-1.7390925,-1.6469725,-1.59920975166667,-1.5509375,-1.46119675,36,1.02939757851563
"gamma[8]",0.95,0.5,"mean",-1.5179415,-1.42684,-1.37768183083333,-1.328255,-1.237208,36,1.02939757851563
