"parameter","outer_width","inner_width","point_est","ll","l","m","h","hh","time","rhat"
"gamma[1]",0.95,0.5,"mean",2.76540275,2.9467825,3.03114085916667,3.1223675,3.293851,32,1.00723687989424
"gamma[2]",0.95,0.5,"mean",0.8401931,0.9419585,0.993640204833333,1.04494,1.1434725,32,1.00723687989424
"gamma[3]",0.95,0.5,"mean",0.183095925,0.20235025,0.2122622955,0.2222725,0.242268475,32,1.00723687989424
"gamma[4]",0.95,0.5,"mean",0.189268675,0.2137755,0.22563155225,0.23809,0.260421825,32,1.00723687989424
"gamma[5]",0.95,0.5,"mean",0.0248773775,0.046554075,0.0568488603761667,0.067434275,0.0885023575,32,1.00723687989424
"gamma[6]",0.95,0.5,"mean",0.295221475,0.317438,0.32844476225,0.339641,0.361216325,32,1.00723687989424
"gamma[7]",0.95,0.5,"mean",-1.69823225,-1.6094075,-1.56267436166667,-1.51318,-1.4351295,32,1.00723687989424
"gamma[8]",0.95,0.5,"mean",-1.5253105,-1.4375125,-1.39185231833333,-1.34479,-1.26483825,32,1.00723687989424
