"parameter","outer_width","inner_width","point_est","ll","l","m","h","hh","time","rhat"
"gamma[1]",0.95,0.5,"mean",2.7888275,2.950395,3.03736224,3.121285,3.288453,20,1.0408472555496
"gamma[2]",0.95,0.5,"mean",0.7668263,0.86952475,0.923760125083333,0.97879325,1.0757905,20,1.0408472555496
"gamma[3]",0.95,0.5,"mean",0.171658975,0.191535,0.201790959166667,0.21222425,0.231009375,20,1.0408472555496
"gamma[4]",0.95,0.5,"mean",0.232059825,0.2564805,0.268734321333333,0.2812545,0.303912775,20,1.0408472555496
"gamma[5]",0.95,0.5,"mean",-0.015947335,0.0075067975,0.0197159252203467,0.031937325,0.05541191,20,1.0408472555496
"gamma[6]",0.95,0.5,"mean",0.25032205,0.274616,0.287222738083333,0.29985575,0.324120425,20,1.0408472555496
"gamma[7]",0.95,0.5,"mean",-1.796902,-1.7026775,-1.65455228666667,-1.60494,-1.5176025,20,1.0408472555496
"gamma[8]",0.95,0.5,"mean",-1.60949125,-1.52063,-1.47510654583333,-1.4292575,-1.34036975,20,1.0408472555496
