"parameter","outer_width","inner_width","point_est","ll","l","m","h","hh","time","rhat"
"gamma[1]",0.95,0.5,"mean",2.7270785,2.8828875,2.96602812916667,3.0496325,3.21238375,18,1.0014311254164
"gamma[2]",0.95,0.5,"mean",0.7203021,0.8237265,0.879228935416667,0.93248275,1.04189625,18,1.0014311254164
"gamma[3]",0.95,0.5,"mean",0.17002375,0.1912805,0.202450730916667,0.2135855,0.23476925,18,1.0014311254164
"gamma[4]",0.95,0.5,"mean",0.2105139,0.23539625,0.248646755166667,0.26190475,0.286891425,18,1.0014311254164
"gamma[5]",0.95,0.5,"mean",0.02257819,0.04683905,0.059435313512,0.07209195,0.0968130275,18,1.0014311254164
"gamma[6]",0.95,0.5,"mean",0.237675575,0.26013275,0.271241326,0.28244225,0.304063575,18,1.0014311254164
"gamma[7]",0.95,0.5,"mean",-1.6984515,-1.60422,-1.554447785,-1.50479,-1.40830925,18,1.0014311254164
"gamma[8]",0.95,0.5,"mean",-1.51719175,-1.4361275,-1.39620507083333,-1.3554475,-1.27677,18,1.0014311254164
