"parameter","outer_width","inner_width","point_est","ll","l","m","h","hh","time","rhat"
"gamma[1]",0.95,0.5,"mean",2.70711675,2.873455,2.96296355166667,3.05125,3.2233545,74,1.00150522188377
"gamma[2]",0.95,0.5,"mean",0.781951725,0.87445275,0.928189051416667,0.98063275,1.079471,74,1.00150522188377
"gamma[3]",0.95,0.5,"mean",0.18848235,0.21177925,0.223486537583333,0.23544325,0.2577526,74,1.00150522188377
"gamma[4]",0.95,0.5,"mean",0.233890175,0.25560875,0.26704566525,0.27845125,0.3006653,74,1.00150522188377
"gamma[5]",0.95,0.5,"mean",0.00895700625,0.032285925,0.0441982522153767,0.0561903,0.0788046725,74,1.00150522188377
"gamma[6]",0.95,0.5,"mean",0.274826725,0.295914,0.3063994585,0.316883,0.3384052,74,1.00150522188377
"gamma[7]",0.95,0.5,"mean",-1.735642,-1.6573625,-1.61573450083333,-1.57503,-1.493999,74,1.00150522188377
"gamma[8]",0.95,0.5,"mean",-1.57186075,-1.48346,-1.43657317416667,-1.38959,-1.2985695,74,1.00150522188377
