"parameter","outer_width","inner_width","point_est","ll","l","m","h","hh","time","rhat"
"gamma[1]",0.95,0.5,"mean",2.7791365,2.9256225,3.00235315833333,3.077455,3.22334,52,1.03054398901492
"gamma[2]",0.95,0.5,"mean",0.917439225,1.0044475,1.0481316545,1.0917625,1.18144475,52,1.03054398901492
"gamma[3]",0.95,0.5,"mean",0.15371715,0.17742875,0.188792825833333,0.2006165,0.22224225,52,1.03054398901492
"gamma[4]",0.95,0.5,"mean",0.196522675,0.21962075,0.231510947,0.24352275,0.2657453,52,1.03054398901492
"gamma[5]",0.95,0.5,"mean",0.00951452925,0.031688325,0.0436024929865917,0.05527475,0.0778792075,52,1.03054398901492
"gamma[6]",0.95,0.5,"mean",0.273360475,0.29625625,0.308271172916667,0.320244,0.3436447,52,1.03054398901492
"gamma[7]",0.95,0.5,"mean",-1.72337675,-1.639095,-1.59565157416667,-1.55191,-1.46584875,52,1.03054398901492
"gamma[8]",0.95,0.5,"mean",-1.565633,-1.48415,-1.44364471416667,-1.4025675,-1.32448675,52,1.03054398901492
