"parameter","outer_width","inner_width","point_est","ll","l","m","h","hh","time","rhat"
"gamma[1]",0.95,0.5,"mean",2.72029925,2.8716975,2.95588146166667,3.0365825,3.19971125,15,1.02740318240016
"gamma[2]",0.95,0.5,"mean",0.83372695,0.927259,0.975221108916667,1.0228275,1.12153175,15,1.02740318240016
"gamma[3]",0.95,0.5,"mean",0.16825685,0.1897965,0.200549875416667,0.21137175,0.23196025,15,1.02740318240016
"gamma[4]",0.95,0.5,"mean",0.214185425,0.23498675,0.246210192,0.25748725,0.277827225,15,1.02740318240016
"gamma[5]",0.95,0.5,"mean",-0.00739177949999999,0.018524075,0.0314101330212833,0.044371575,0.0699192225,15,1.02740318240016
"gamma[6]",0.95,0.5,"mean",0.275073675,0.297001,0.308566626333333,0.32027925,0.342651825,15,1.02740318240016
"gamma[7]",0.95,0.5,"mean",-1.83094275,-1.7433625,-1.69662504166667,-1.6508575,-1.5600695,15,1.02740318240016
"gamma[8]",0.95,0.5,"mean",-1.46328675,-1.37295,-1.32603881,-1.278595,-1.1861795,15,1.02740318240016
