"parameter","outer_width","inner_width","point_est","ll","l","m","h","hh","time","rhat"
"gamma[1]",0.95,0.5,"mean",2.859979,3.0069375,3.08603346916667,3.1648625,3.314313,15,1.02555012222302
"gamma[2]",0.95,0.5,"mean",0.956761775,1.037235,1.08049036983333,1.123465,1.2079625,15,1.02555012222302
"gamma[3]",0.95,0.5,"mean",0.1622589,0.18865075,0.201710113916667,0.214792,0.24033785,15,1.02555012222302
"gamma[4]",0.95,0.5,"mean",0.2041549,0.22620275,0.237659116083333,0.2490205,0.270480275,15,1.02555012222302
"gamma[5]",0.95,0.5,"mean",0.019694095,0.0436481,0.0556741577726667,0.067931975,0.0913630925,15,1.02555012222302
"gamma[6]",0.95,0.5,"mean",0.27070735,0.293957,0.30505169275,0.31648375,0.33843815,15,1.02555012222302
"gamma[7]",0.95,0.5,"mean",-1.732063,-1.650415,-1.6108336425,-1.5709575,-1.48855975,15,1.02555012222302
"gamma[8]",0.95,0.5,"mean",-1.44157075,-1.3607,-1.31925072166667,-1.27835,-1.19765825,15,1.02555012222302
