"parameter","outer_width","inner_width","point_est","ll","l","m","h","hh","time","rhat"
"gamma[1]",0.95,0.5,"mean",2.68207975,2.8426075,2.928685505,3.014415,3.18737425,75,1.03052975166979
"gamma[2]",0.95,0.5,"mean",0.8346723,0.9377065,0.992783856833333,1.046025,1.15913075,75,1.03052975166979
"gamma[3]",0.95,0.5,"mean",0.1600133,0.180424,0.191163231666667,0.201877,0.2225491,75,1.03052975166979
"gamma[4]",0.95,0.5,"mean",0.177312325,0.2010125,0.21333138,0.225664,0.24886345,75,1.03052975166979
"gamma[5]",0.95,0.5,"mean",0.0461282125,0.068826325,0.0810393602086667,0.0931311,0.1164145,75,1.03052975166979
"gamma[6]",0.95,0.5,"mean",0.2725317,0.2952195,0.307059196,0.31901525,0.341680275,75,1.03052975166979
"gamma[7]",0.95,0.5,"mean",-1.63605,-1.5485325,-1.50203213916667,-1.4556675,-1.36315975,75,1.03052975166979
"gamma[8]",0.95,0.5,"mean",-1.468643,-1.3892075,-1.34496241166667,-1.301135,-1.21896975,75,1.03052975166979
