"parameter","outer_width","inner_width","point_est","ll","l","m","h","hh","time","rhat"
"gamma[1]",0.95,0.5,"mean",2.43743175,2.586575,2.66299487416667,2.7391825,2.89019175,35,1.0295628633907
"gamma[2]",0.95,0.5,"mean",0.637101925,0.7289535,0.776582859166667,0.82421175,0.9132579,35,1.0295628633907
"gamma[3]",0.95,0.5,"mean",0.13732675,0.15963775,0.170772351166667,0.182107,0.203474275,35,1.0295628633907
"gamma[4]",0.95,0.5,"mean",0.205606475,0.2284765,0.241060285083333,0.25346825,0.277695125,35,1.0295628633907
"gamma[5]",0.95,0.5,"mean",0.00556101475,0.028810125,0.0399649409657,0.051303,0.0728702775,35,1.0295628633907
"gamma[6]",0.95,0.5,"mean",0.265397,0.2865325,0.298047687083333,0.30933875,0.33192415,35,1.0295628633907
"gamma[7]",0.95,0.5,"mean",-1.85459075,-1.7774525,-1.73725271833333,-1.69789,-1.62006875,35,1.0295628633907
"gamma[8]",0.95,0.5,"mean",-1.62648025,-1.5438725,-1.50150457916667,-1.4588375,-1.37768625,35,1.0295628633907
