"parameter","outer_width","inner_width","point_est","ll","l","m","h","hh","time","rhat"
"gamma[1]",0.95,0.5,"mean",3.080987,3.2274775,3.30126010583333,3.37564,3.51592325,15,1.03476251470605
"gamma[2]",0.95,0.5,"mean",1.0375485,1.1235,1.1674437465,1.2113925,1.29448025,15,1.03476251470605
"gamma[3]",0.95,0.5,"mean",0.1796446,0.201501,0.212713542416667,0.224094,0.24516315,15,1.03476251470605
"gamma[4]",0.95,0.5,"mean",0.218605475,0.24255475,0.254937080333333,0.26719125,0.290313125,15,1.03476251470605
"gamma[5]",0.95,0.5,"mean",0.0504708825,0.073920525,0.0859420770916667,0.097851325,0.122046075,15,1.03476251470605
"gamma[6]",0.95,0.5,"mean",0.26615885,0.29010875,0.302195151833333,0.314293,0.337682425,15,1.03476251470605
"gamma[7]",0.95,0.5,"mean",-1.644265,-1.5633825,-1.52196055083333,-1.47989,-1.39747475,15,1.03476251470605
"gamma[8]",0.95,0.5,"mean",-1.444712,-1.356535,-1.3136063375,-1.27028,-1.1859695,15,1.03476251470605
