"parameter","outer_width","inner_width","point_est","ll","l","m","h","hh","time","rhat"
"gamma[1]",0.95,0.5,"mean",2.710077,2.85441,2.93094688083333,3.0079875,3.15273375,16,1.0280166444466
"gamma[2]",0.95,0.5,"mean",0.8137733,0.90756925,0.957040511,1.0056625,1.1019305,16,1.0280166444466
"gamma[3]",0.95,0.5,"mean",0.1508845,0.170963,0.181944481416667,0.19247625,0.213403975,16,1.0280166444466
"gamma[4]",0.95,0.5,"mean",0.22665125,0.252113,0.264696725416667,0.27707525,0.30175115,16,1.0280166444466
"gamma[5]",0.95,0.5,"mean",0.0237192925,0.04584305,0.0573772768728333,0.068769175,0.0912746625,16,1.0280166444466
"gamma[6]",0.95,0.5,"mean",0.27407895,0.29547075,0.306766651083333,0.3179615,0.3395483,16,1.0280166444466
"gamma[7]",0.95,0.5,"mean",-1.747427,-1.65755,-1.61162094583333,-1.5656025,-1.476726,16,1.0280166444466
"gamma[8]",0.95,0.5,"mean",-1.607156,-1.5380075,-1.50095000333333,-1.4638025,-1.39175,16,1.0280166444466
