"parameter","outer_width","inner_width","point_est","ll","l","m","h","hh","time","rhat"
"gamma[1]",0.95,0.5,"mean",2.560299,2.7080325,2.78915626083333,2.86689,3.015369,21,1.0288276516949
"gamma[2]",0.95,0.5,"mean",0.775855375,0.862992,0.913602365916667,0.96237925,1.05722025,21,1.0288276516949
"gamma[3]",0.95,0.5,"mean",0.15236455,0.17498225,0.186641159166667,0.19867425,0.2202057,21,1.0288276516949
"gamma[4]",0.95,0.5,"mean",0.227511575,0.248599,0.259617423583333,0.27051875,0.2920721,21,1.0288276516949
"gamma[5]",0.95,0.5,"mean",0.0264029575,0.04853995,0.0600844727645833,0.071236825,0.094379705,21,1.0288276516949
"gamma[6]",0.95,0.5,"mean",0.265785825,0.2842915,0.29510528675,0.30532975,0.325803075,21,1.0288276516949
"gamma[7]",0.95,0.5,"mean",-1.72556075,-1.63513,-1.58741285,-1.540995,-1.45053775,21,1.0288276516949
"gamma[8]",0.95,0.5,"mean",-1.62158725,-1.5390925,-1.49697324916667,-1.4541375,-1.37420725,21,1.0288276516949
