"parameter","outer_width","inner_width","point_est","ll","l","m","h","hh","time","rhat"
"gamma[1]",0.95,0.5,"mean",2.75440425,2.9341375,3.0293306225,3.124935,3.301713,15,1.02858120292338
"gamma[2]",0.95,0.5,"mean",0.88926955,0.98670675,1.03572095358333,1.0842625,1.18145075,15,1.02858120292338
"gamma[3]",0.95,0.5,"mean",0.192841575,0.2128295,0.223652653333333,0.23440925,0.25478895,15,1.02858120292338
"gamma[4]",0.95,0.5,"mean",0.215809825,0.2374495,0.248808547833333,0.26038925,0.28187155,15,1.02858120292338
"gamma[5]",0.95,0.5,"mean",0.00478643625,0.03355565,0.04757310906045,0.061730475,0.089538195,15,1.02858120292338
"gamma[6]",0.95,0.5,"mean",0.3009701,0.32267025,0.33376936775,0.3449715,0.366428325,15,1.02858120292338
"gamma[7]",0.95,0.5,"mean",-1.73048025,-1.6433975,-1.59925848083333,-1.55412,-1.4710895,15,1.02858120292338
"gamma[8]",0.95,0.5,"mean",-1.480002,-1.39499,-1.351852125,-1.3079675,-1.22476,15,1.02858120292338
