"parameter","outer_width","inner_width","point_est","ll","l","m","h","hh","time","rhat"
"gamma[1]",0.95,0.5,"mean",3.012998,3.1559075,3.22760512166667,3.2996625,3.4375235,17,1.02862871493826
"gamma[2]",0.95,0.5,"mean",0.894031025,0.97232475,1.01421718941667,1.05616,1.137865,17,1.02862871493826
"gamma[3]",0.95,0.5,"mean",0.15828485,0.181789,0.193146465666667,0.20456875,0.227340975,17,1.02862871493826
"gamma[4]",0.95,0.5,"mean",0.2499283,0.271081,0.282384286916667,0.29345925,0.315378325,17,1.02862871493826
"gamma[5]",0.95,0.5,"mean",-0.00726374624999999,0.01742,0.0298346672189925,0.0424085,0.0662069775,17,1.02862871493826
"gamma[6]",0.95,0.5,"mean",0.276123975,0.29671275,0.307573497833333,0.3182925,0.3389825,17,1.02862871493826
"gamma[7]",0.95,0.5,"mean",-1.7270905,-1.65475,-1.6169509025,-1.5786775,-1.5061185,17,1.02862871493826
"gamma[8]",0.95,0.5,"mean",-1.3725165,-1.2903725,-1.24824800291667,-1.20588,-1.12415875,17,1.02862871493826
