"parameter","outer_width","inner_width","point_est","ll","l","m","h","hh","time","rhat"
"gamma[1]",0.95,0.5,"mean",2.785469,2.944595,3.02954668166667,3.1139275,3.275214,29,1.03944845976922
"gamma[2]",0.95,0.5,"mean",0.865449925,0.9618235,1.01392329725,1.0647825,1.166445,29,1.03944845976922
"gamma[3]",0.95,0.5,"mean",0.18139775,0.2023315,0.213128198166667,0.22403375,0.2443789,29,1.03944845976922
"gamma[4]",0.95,0.5,"mean",0.2370246,0.26238725,0.275299759166667,0.28831625,0.3123286,29,1.03944845976922
"gamma[5]",0.95,0.5,"mean",0.0212579475,0.044101725,0.0555893450435833,0.067170625,0.089155265,29,1.03944845976922
"gamma[6]",0.95,0.5,"mean",0.247756675,0.272879,0.28547666175,0.2981475,0.322951,29,1.03944845976922
"gamma[7]",0.95,0.5,"mean",-1.70563175,-1.62368,-1.58195159,-1.54087,-1.4563475,29,1.03944845976922
"gamma[8]",0.95,0.5,"mean",-1.57615325,-1.4931425,-1.44986435416667,-1.4067575,-1.323988,29,1.03944845976922
