"parameter","outer_width","inner_width","point_est","ll","l","m","h","hh","time","rhat"
"gamma[1]",0.95,0.5,"mean",2.75559375,2.9484575,3.03928949,3.131955,3.3025125,16,1.03961817391768
"gamma[2]",0.95,0.5,"mean",0.85838925,0.95330425,1.00794359875,1.06189,1.1653705,16,1.03961817391768
"gamma[3]",0.95,0.5,"mean",0.1814486,0.20376,0.215204252333333,0.22652525,0.248920075,16,1.03961817391768
"gamma[4]",0.95,0.5,"mean",0.22306635,0.24449525,0.255927113416667,0.2675185,0.288067175,16,1.03961817391768
"gamma[5]",0.95,0.5,"mean",0.0216636575,0.04336925,0.0540139646343417,0.0649817,0.0858347075,16,1.03961817391768
"gamma[6]",0.95,0.5,"mean",0.234889,0.26197975,0.274396226333333,0.287295,0.31148245,16,1.03961817391768
"gamma[7]",0.95,0.5,"mean",-1.6837035,-1.5959625,-1.54689658916667,-1.49967,-1.4091,16,1.03961817391768
"gamma[8]",0.95,0.5,"mean",-1.55434125,-1.467625,-1.4188513225,-1.37147,-1.27829875,16,1.03961817391768
