"parameter","outer_width","inner_width","point_est","ll","l","m","h","hh","time","rhat"
"gamma[1]",0.95,0.5,"mean",2.84046875,2.98821,3.06704070666667,3.1465075,3.29176675,18,1.00043645373553
"gamma[2]",0.95,0.5,"mean",0.931631775,1.0108125,1.05318855158333,1.0954125,1.1788735,18,1.00043645373553
"gamma[3]",0.95,0.5,"mean",0.151586775,0.17197575,0.18305040525,0.19390075,0.214474,18,1.00043645373553
"gamma[4]",0.95,0.5,"mean",0.24945005,0.27251175,0.284467307416667,0.29623,0.31997695,18,1.00043645373553
"gamma[5]",0.95,0.5,"mean",0.0160622275,0.0365485,0.04747626462275,0.058358375,0.07958275,18,1.00043645373553
"gamma[6]",0.95,0.5,"mean",0.276611575,0.299234,0.3113311545,0.32357475,0.3468584,18,1.00043645373553
"gamma[7]",0.95,0.5,"mean",-1.7106245,-1.62331,-1.57710364416667,-1.5308175,-1.4393985,18,1.00043645373553
"gamma[8]",0.95,0.5,"mean",-1.50378125,-1.425595,-1.38435127583333,-1.3435225,-1.2651685,18,1.00043645373553
