"parameter","outer_width","inner_width","point_est","ll","l","m","h","hh","time","rhat"
"gamma[1]",0.95,0.5,"mean",2.58677975,2.755185,2.84144529833333,2.9274075,3.09768625,18,1.0362982089843
"gamma[2]",0.95,0.5,"mean",0.86337765,0.95764075,1.00761692775,1.056925,1.151901,18,1.0362982089843
"gamma[3]",0.95,0.5,"mean",0.166985825,0.186646,0.196704968083333,0.206791,0.2263668,18,1.0362982089843
"gamma[4]",0.95,0.5,"mean",0.194888925,0.21940775,0.231700617,0.24418225,0.267488725,18,1.0362982089843
"gamma[5]",0.95,0.5,"mean",0.01957951,0.045750125,0.0590904613678333,0.07224675,0.0988421625,18,1.0362982089843
"gamma[6]",0.95,0.5,"mean",0.282580975,0.306947,0.319898922,0.33295625,0.357088025,18,1.0362982089843
"gamma[7]",0.95,0.5,"mean",-1.76109425,-1.680145,-1.63835522916667,-1.597495,-1.51386575,18,1.0362982089843
"gamma[8]",0.95,0.5,"mean",-1.56816,-1.470315,-1.4191173575,-1.36784,-1.27400125,18,1.0362982089843
