"parameter","outer_width","inner_width","point_est","ll","l","m","h","hh","time","rhat"
"gamma[1]",0.95,0.5,"mean",2.6430075,2.8236875,2.91434443833333,3.00654,3.17589775,16,1.02489884919996
"gamma[2]",0.95,0.5,"mean",0.792633575,0.893639,0.944775283916667,0.9969305,1.09779225,16,1.02489884919996
"gamma[3]",0.95,0.5,"mean",0.1480779,0.17062475,0.182418508458333,0.194207,0.21639115,16,1.02489884919996
"gamma[4]",0.95,0.5,"mean",0.212406625,0.23654875,0.248789491833333,0.26146025,0.284649175,16,1.02489884919996
"gamma[5]",0.95,0.5,"mean",0.0148071,0.039278725,0.0517920494493083,0.06409965,0.0890678475,16,1.02489884919996
"gamma[6]",0.95,0.5,"mean",0.268813775,0.29121575,0.303013510416667,0.3147205,0.337334825,16,1.02489884919996
"gamma[7]",0.95,0.5,"mean",-1.80066025,-1.70747,-1.659252785,-1.6114,-1.518227,16,1.02489884919996
"gamma[8]",0.95,0.5,"mean",-1.65419175,-1.56171,-1.51701494166667,-1.4707675,-1.38254975,16,1.02489884919996
