"parameter","outer_width","inner_width","point_est","ll","l","m","h","hh","time","rhat"
"gamma[1]",0.95,0.5,"mean",2.79354,2.9557275,3.03988403416667,3.1241975,3.28318325,30,1.03096287990184
"gamma[2]",0.95,0.5,"mean",0.820987825,0.913329,0.962227309166667,1.01113,1.1016625,30,1.03096287990184
"gamma[3]",0.95,0.5,"mean",0.173386725,0.19488075,0.206323461916667,0.217793,0.23899275,30,1.03096287990184
"gamma[4]",0.95,0.5,"mean",0.2161889,0.23844975,0.249964241916667,0.2616305,0.28349745,30,1.03096287990184
"gamma[5]",0.95,0.5,"mean",0.0142458775,0.036222025,0.0480273652598083,0.05990555,0.08258622,30,1.03096287990184
"gamma[6]",0.95,0.5,"mean",0.281302175,0.302755,0.313654679083333,0.324544,0.34503005,30,1.03096287990184
"gamma[7]",0.95,0.5,"mean",-1.777511,-1.6864125,-1.64310799916667,-1.59866,-1.51265475,30,1.03096287990184
"gamma[8]",0.95,0.5,"mean",-1.56188025,-1.484995,-1.44244432,-1.399475,-1.3213375,30,1.03096287990184
