"parameter","outer_width","inner_width","point_est","ll","l","m","h","hh","time","rhat"
"gamma[1]",0.95,0.5,"mean",2.67718675,2.8423375,2.92838297916667,3.015255,3.178972,15,1.00042511249612
"gamma[2]",0.95,0.5,"mean",0.7087548,0.8123835,0.864700009416667,0.9173935,1.017113,15,1.00042511249612
"gamma[3]",0.95,0.5,"mean",0.174927575,0.19816025,0.210333508833333,0.222436,0.245776225,15,1.00042511249612
"gamma[4]",0.95,0.5,"mean",0.2005361,0.22517875,0.237749905916667,0.25051325,0.274591775,15,1.00042511249612
"gamma[5]",0.95,0.5,"mean",0.0284758825,0.052184025,0.06470647702575,0.077051525,0.1016091,15,1.00042511249612
"gamma[6]",0.95,0.5,"mean",0.263983725,0.2885305,0.301477264333333,0.3140925,0.339302575,15,1.00042511249612
"gamma[7]",0.95,0.5,"mean",-1.7847865,-1.6922925,-1.6470340775,-1.600965,-1.513347,15,1.00042511249612
"gamma[8]",0.95,0.5,"mean",-1.5137005,-1.43661,-1.3981055325,-1.35925,-1.2861485,15,1.00042511249612
