"parameter","outer_width","inner_width","point_est","ll","l","m","h","hh","time","rhat"
"gamma[1]",0.95,0.5,"mean",2.8186885,2.97157,3.05466259583333,3.13557,3.2894,27,1.02745875437382
"gamma[2]",0.95,0.5,"mean",0.917810825,1.01363,1.06333453275,1.112775,1.2100245,27,1.02745875437382
"gamma[3]",0.95,0.5,"mean",0.18747275,0.20803075,0.218813461666667,0.22992925,0.25005235,27,1.02745875437382
"gamma[4]",0.95,0.5,"mean",0.21747425,0.239338,0.250956060083333,0.26256225,0.284420575,27,1.02745875437382
"gamma[5]",0.95,0.5,"mean",0.0248458775,0.0471798,0.058811081587825,0.070541125,0.09290894,27,1.02745875437382
"gamma[6]",0.95,0.5,"mean",0.2597599,0.28174575,0.293386719166667,0.3047295,0.32799215,27,1.02745875437382
"gamma[7]",0.95,0.5,"mean",-1.7989525,-1.71294,-1.66930625583333,-1.6245875,-1.54031,27,1.02745875437382
"gamma[8]",0.95,0.5,"mean",-1.538813,-1.45648,-1.41146414416667,-1.366095,-1.28284775,27,1.02745875437382
