"parameter","outer_width","inner_width","point_est","ll","l","m","h","hh","time","rhat"
"gamma[1]",0.95,0.5,"mean",2.65667975,2.82012,2.9018706,2.9845525,3.1444725,17,1.03540983497803
"gamma[2]",0.95,0.5,"mean",0.825145325,0.9210145,0.969876766333333,1.0188575,1.11323325,17,1.03540983497803
"gamma[3]",0.95,0.5,"mean",0.184719075,0.204825,0.214788729333333,0.22492025,0.24410945,17,1.03540983497803
"gamma[4]",0.95,0.5,"mean",0.225538625,0.2512005,0.264041300583333,0.277071,0.30148595,17,1.03540983497803
"gamma[5]",0.95,0.5,"mean",0.0164077175,0.044008125,0.058223968197425,0.07249125,0.100883625,17,1.03540983497803
"gamma[6]",0.95,0.5,"mean",0.2520029,0.2760915,0.288967896166667,0.30182475,0.32599545,17,1.03540983497803
"gamma[7]",0.95,0.5,"mean",-1.835406,-1.7550325,-1.71068613666667,-1.6670975,-1.58039575,17,1.03540983497803
"gamma[8]",0.95,0.5,"mean",-1.4852235,-1.39843,-1.35455829083333,-1.3101325,-1.225594,17,1.03540983497803
