"parameter","outer_width","inner_width","point_est","ll","l","m","h","hh","time","rhat"
"gamma[1]",0.95,0.5,"mean",2.5529175,2.7130475,2.78929125833333,2.87124,3.03457575,23,1.0381890289386
"gamma[2]",0.95,0.5,"mean",0.802821075,0.90055475,0.944914095916667,0.99090575,1.086803,23,1.0381890289386
"gamma[3]",0.95,0.5,"mean",0.1635089,0.187208,0.199077459333333,0.21093,0.23306625,23,1.0381890289386
"gamma[4]",0.95,0.5,"mean",0.2253806,0.2459975,0.258235200916667,0.269739,0.292736075,23,1.0381890289386
"gamma[5]",0.95,0.5,"mean",0.0159773975,0.035737025,0.0472128726902,0.05821675,0.0787455625,23,1.0381890289386
"gamma[6]",0.95,0.5,"mean",0.267556825,0.28903125,0.299249326916667,0.30980475,0.331301025,23,1.0381890289386
"gamma[7]",0.95,0.5,"mean",-1.6937875,-1.6171825,-1.5702088775,-1.525485,-1.4427165,23,1.0381890289386
"gamma[8]",0.95,0.5,"mean",-1.49305025,-1.40609,-1.36246884333333,-1.3201,-1.23498575,23,1.0381890289386
