"parameter","outer_width","inner_width","point_est","ll","l","m","h","hh","time","rhat"
"gamma[1]",0.95,0.5,"mean",2.64363425,2.8050825,2.87742516166667,2.9543625,3.12372975,17,1.02244079309839
"gamma[2]",0.95,0.5,"mean",0.840419575,0.9278575,0.972903322833333,1.0143575,1.11256225,17,1.02244079309839
"gamma[3]",0.95,0.5,"mean",0.1743543,0.19571725,0.206658061916667,0.218042,0.235370125,17,1.02244079309839
"gamma[4]",0.95,0.5,"mean",0.173411875,0.1958155,0.20768279825,0.22073725,0.239778475,17,1.02244079309839
"gamma[5]",0.95,0.5,"mean",0.00213436375,0.0261471,0.0403921738528458,0.05418475,0.080246595,17,1.02244079309839
"gamma[6]",0.95,0.5,"mean",0.29484385,0.31667875,0.326574233416667,0.336552,0.356542225,17,1.02244079309839
"gamma[7]",0.95,0.5,"mean",-1.710828,-1.6392875,-1.59828673833333,-1.5587175,-1.4783285,17,1.02244079309839
"gamma[8]",0.95,0.5,"mean",-1.525405,-1.445575,-1.4098268625,-1.372475,-1.2938495,17,1.02244079309839
