"parameter","outer_width","inner_width","point_est","ll","l","m","h","hh","time","rhat"
"gamma[1]",0.95,0.5,"mean",2.8194195,2.9823875,3.06348300416667,3.14608,3.307681,15,1.03278307532948
"gamma[2]",0.95,0.5,"mean",0.822716525,0.92525825,0.976888686916667,1.027375,1.13122075,15,1.03278307532948
"gamma[3]",0.95,0.5,"mean",0.1989108,0.221373,0.233240946666667,0.245186,0.26721435,15,1.03278307532948
"gamma[4]",0.95,0.5,"mean",0.2158648,0.2383425,0.24974546725,0.26134725,0.282894725,15,1.03278307532948
"gamma[5]",0.95,0.5,"mean",0.0138155525,0.0392935,0.0524652586703992,0.065385925,0.09163848,15,1.03278307532948
"gamma[6]",0.95,0.5,"mean",0.253826925,0.278612,0.29128345375,0.30405375,0.3286184,15,1.03278307532948
"gamma[7]",0.95,0.5,"mean",-1.66354,-1.57872,-1.53322652666667,-1.487695,-1.4004425,15,1.03278307532948
"gamma[8]",0.95,0.5,"mean",-1.4070005,-1.3284375,-1.288340925,-1.2485575,-1.169556,15,1.03278307532948
