"parameter","outer_width","inner_width","point_est","ll","l","m","h","hh","time","rhat"
"gamma[1]",0.95,0.5,"mean",2.699472,2.8458175,2.9283600225,3.009925,3.161357,37,1.04315049130347
"gamma[2]",0.95,0.5,"mean",0.8788575,0.97285825,1.02412678908333,1.0754175,1.1750825,37,1.04315049130347
"gamma[3]",0.95,0.5,"mean",0.173692775,0.19380775,0.20444444825,0.2150135,0.235561425,37,1.04315049130347
"gamma[4]",0.95,0.5,"mean",0.1875537,0.209752,0.221256994416667,0.23289225,0.25474135,37,1.04315049130347
"gamma[5]",0.95,0.5,"mean",0.0257318225,0.049204275,0.0609830310514167,0.072742475,0.0955951075,37,1.04315049130347
"gamma[6]",0.95,0.5,"mean",0.282753525,0.3065345,0.318466254416667,0.33062275,0.35332965,37,1.04315049130347
"gamma[7]",0.95,0.5,"mean",-1.6889405,-1.610975,-1.56944970583333,-1.52772,-1.44884925,37,1.04315049130347
"gamma[8]",0.95,0.5,"mean",-1.4713205,-1.3888475,-1.34426156583333,-1.2995975,-1.2144595,37,1.04315049130347
