"parameter","outer_width","inner_width","point_est","ll","l","m","h","hh","time","rhat"
"gamma[1]",0.95,0.5,"mean",2.8684585,3.0122175,3.08779189583333,3.16237,3.30433175,12,1.03585875343245
"gamma[2]",0.95,0.5,"mean",0.907438375,0.99603975,1.03947870908333,1.083825,1.1661815,12,1.03585875343245
"gamma[3]",0.95,0.5,"mean",0.1771568,0.19636625,0.20616815625,0.21606675,0.23515795,12,1.03585875343245
"gamma[4]",0.95,0.5,"mean",0.208104925,0.22983175,0.241336162416667,0.25275575,0.273914325,12,1.03585875343245
"gamma[5]",0.95,0.5,"mean",0.0035836665,0.029494775,0.0432453201118964,0.05708735,0.0832395475,12,1.03585875343245
"gamma[6]",0.95,0.5,"mean",0.30159365,0.3201695,0.330471360583333,0.34051525,0.360235125,12,1.03585875343245
"gamma[7]",0.95,0.5,"mean",-1.72219025,-1.6390625,-1.59612184833333,-1.553665,-1.47075975,12,1.03585875343245
"gamma[8]",0.95,0.5,"mean",-1.41280225,-1.32808,-1.28215320883333,-1.2371675,-1.14736675,12,1.03585875343245
