"parameter","outer_width","inner_width","point_est","ll","l","m","h","hh","time","rhat"
"gamma[1]",0.95,0.5,"mean",2.770669,2.9129325,2.9846695725,3.0546925,3.198613,13,1.03960943217678
"gamma[2]",0.95,0.5,"mean",0.77920525,0.8683135,0.9118658915,0.95528225,1.049902,13,1.03960943217678
"gamma[3]",0.95,0.5,"mean",0.16939655,0.18938275,0.199963337083333,0.21057675,0.230152225,13,1.03960943217678
"gamma[4]",0.95,0.5,"mean",0.2389837,0.2634275,0.276175692333333,0.2891565,0.312534725,13,1.03960943217678
"gamma[5]",0.95,0.5,"mean",0.0142854875,0.037522725,0.0497138516695583,0.0618578,0.084869395,13,1.03960943217678
"gamma[6]",0.95,0.5,"mean",0.2406903,0.26152025,0.2724856875,0.28344825,0.3041847,13,1.03960943217678
"gamma[7]",0.95,0.5,"mean",-1.8107105,-1.72437,-1.67986782083333,-1.63493,-1.55056,13,1.03960943217678
"gamma[8]",0.95,0.5,"mean",-1.4929915,-1.4158325,-1.376361265,-1.3369475,-1.2577465,13,1.03960943217678
