"parameter","outer_width","inner_width","point_est","ll","l","m","h","hh","time","rhat"
"gamma[1]",0.95,0.5,"mean",2.67462,2.81457,2.88138709,2.9496425,3.080791,13,1.02846435370944
"gamma[2]",0.95,0.5,"mean",0.81397425,0.91322,0.959246013333333,1.0060125,1.101071,13,1.02846435370944
"gamma[3]",0.95,0.5,"mean",0.15469585,0.174181,0.184284817083333,0.19444925,0.21317535,13,1.02846435370944
"gamma[4]",0.95,0.5,"mean",0.214635625,0.2372185,0.248775985833333,0.26063925,0.28212845,13,1.02846435370944
"gamma[5]",0.95,0.5,"mean",0.0336206375,0.0541175,0.0652845764016667,0.076244675,0.098074305,13,1.02846435370944
"gamma[6]",0.95,0.5,"mean",0.250535875,0.27112325,0.282027427333333,0.2925905,0.314277575,13,1.02846435370944
"gamma[7]",0.95,0.5,"mean",-1.79540025,-1.70183,-1.65376709,-1.60467,-1.5160685,13,1.02846435370944
"gamma[8]",0.95,0.5,"mean",-1.4611615,-1.3807925,-1.33838318333333,-1.29687,-1.2153985,13,1.02846435370944
