"parameter","outer_width","inner_width","point_est","ll","l","m","h","hh","time","rhat"
"gamma[1]",0.95,0.5,"mean",2.69713975,2.870675,2.96066786,3.048945,3.229432,38,1.04253674691154
"gamma[2]",0.95,0.5,"mean",0.8021581,0.90771025,0.966899836916667,1.0254625,1.13743075,38,1.04253674691154
"gamma[3]",0.95,0.5,"mean",0.161024575,0.1824045,0.1934205535,0.204552,0.225392325,38,1.04253674691154
"gamma[4]",0.95,0.5,"mean",0.194715725,0.21777725,0.230292249916667,0.24260775,0.266228125,38,1.04253674691154
"gamma[5]",0.95,0.5,"mean",0.0272996725,0.0487409,0.0597798396191667,0.0708321,0.09207842,38,1.04253674691154
"gamma[6]",0.95,0.5,"mean",0.253340925,0.2767175,0.28895778025,0.3013975,0.324725225,38,1.04253674691154
"gamma[7]",0.95,0.5,"mean",-1.78016025,-1.6821225,-1.63251828416667,-1.582875,-1.4844895,38,1.04253674691154
"gamma[8]",0.95,0.5,"mean",-1.4759505,-1.3885,-1.343644085,-1.2994,-1.2120495,38,1.04253674691154
