"parameter","outer_width","inner_width","point_est","ll","l","m","h","hh","time","rhat"
"gamma[1]",0.95,0.5,"mean",2.74511675,2.912475,2.99908394333333,3.0879225,3.25140075,16,1.02607937441644
"gamma[2]",0.95,0.5,"mean",0.911832775,1.0041375,1.05211775758333,1.099835,1.19339225,16,1.02607937441644
"gamma[3]",0.95,0.5,"mean",0.164639975,0.18661525,0.198108130333333,0.209525,0.2315888,16,1.02607937441644
"gamma[4]",0.95,0.5,"mean",0.213230075,0.23783325,0.250197517666667,0.26286025,0.28608905,16,1.02607937441644
"gamma[5]",0.95,0.5,"mean",-0.00904536599999998,0.01629645,0.028322431238625,0.040468,0.0641689775,16,1.02607937441644
"gamma[6]",0.95,0.5,"mean",0.2611024,0.2815325,0.291917188,0.3023215,0.322320425,16,1.02607937441644
"gamma[7]",0.95,0.5,"mean",-1.63131025,-1.5428625,-1.49675648916667,-1.4508175,-1.36252625,16,1.02607937441644
"gamma[8]",0.95,0.5,"mean",-1.5358405,-1.4537,-1.4094592325,-1.365455,-1.282132,16,1.02607937441644
