"parameter","outer_width","inner_width","point_est","ll","l","m","h","hh","time","rhat"
"gamma[1]",0.95,0.5,"mean",2.719739,2.8694725,2.95313779416667,3.03373,3.1940465,17,1.02940419258756
"gamma[2]",0.95,0.5,"mean",0.83024215,0.916198,0.963069588583333,1.01039,1.09739125,17,1.02940419258756
"gamma[3]",0.95,0.5,"mean",0.1829059,0.2025045,0.21323360025,0.2238485,0.24393025,17,1.02940419258756
"gamma[4]",0.95,0.5,"mean",0.2015446,0.22235625,0.233465001583333,0.244651,0.266279125,17,1.02940419258756
"gamma[5]",0.95,0.5,"mean",0.0277898775,0.051935,0.0645305382775,0.07725465,0.10051315,17,1.02940419258756
"gamma[6]",0.95,0.5,"mean",0.272317525,0.29342975,0.304468116833333,0.315605,0.336675175,17,1.02940419258756
"gamma[7]",0.95,0.5,"mean",-1.78066125,-1.695015,-1.65066929333333,-1.60614,-1.52320025,17,1.02940419258756
"gamma[8]",0.95,0.5,"mean",-1.505141,-1.4226425,-1.380832165,-1.3380375,-1.259459,17,1.02940419258756
