"parameter","outer_width","inner_width","point_est","ll","l","m","h","hh","time","rhat"
"gamma[1]",0.95,0.5,"mean",2.71785925,2.87614,2.95177501333333,3.0316525,3.17320225,13,1.00110482488509
"gamma[2]",0.95,0.5,"mean",0.863874975,0.96127525,1.00571609383333,1.05223,1.13291375,13,1.00110482488509
"gamma[3]",0.95,0.5,"mean",0.152831775,0.17577975,0.187387892583333,0.199051,0.221988425,13,1.00110482488509
"gamma[4]",0.95,0.5,"mean",0.2163306,0.23996275,0.2516507115,0.26336775,0.28591965,13,1.00110482488509
"gamma[5]",0.95,0.5,"mean",0.009054095,0.0355433,0.0488258353335833,0.062372175,0.0880895775,13,1.00110482488509
"gamma[6]",0.95,0.5,"mean",0.264874275,0.2853915,0.295980912083333,0.30651025,0.327995475,13,1.00110482488509
"gamma[7]",0.95,0.5,"mean",-1.7067105,-1.62748,-1.58555159416667,-1.54293,-1.4663475,13,1.00110482488509
"gamma[8]",0.95,0.5,"mean",-1.56342075,-1.4800525,-1.43715810166667,-1.3932775,-1.3127885,13,1.00110482488509
