"parameter","outer_width","inner_width","point_est","ll","l","m","h","hh","time","rhat"
"gamma[1]",0.95,0.5,"mean",2.82863,3.0043975,3.08224795916667,3.1633475,3.30327125,105,1.03839066332615
"gamma[2]",0.95,0.5,"mean",0.935736375,1.0253025,1.06967525525,1.11719,1.195081,105,1.03839066332615
"gamma[3]",0.95,0.5,"mean",0.1952218,0.21638425,0.227387811666667,0.2383915,0.259863625,105,1.03839066332615
"gamma[4]",0.95,0.5,"mean",0.22674185,0.24838325,0.259656943083333,0.2709825,0.2928305,105,1.03839066332615
"gamma[5]",0.95,0.5,"mean",0.03286498,0.05519015,0.0668659206358333,0.078411,0.101821775,105,1.03839066332615
"gamma[6]",0.95,0.5,"mean",0.2716918,0.29077275,0.300389040666667,0.310163,0.3284411,105,1.03839066332615
"gamma[7]",0.95,0.5,"mean",-1.65838325,-1.568545,-1.52434394,-1.4805675,-1.389057,105,1.03839066332615
"gamma[8]",0.95,0.5,"mean",-1.46597175,-1.3935375,-1.3520761875,-1.31069,-1.2378875,105,1.03839066332615
