"parameter","outer_width","inner_width","point_est","ll","l","m","h","hh","time","rhat"
"gamma[1]",0.95,0.5,"mean",2.989459,3.146435,3.23052673083333,3.3143725,3.47260125,24,1.03053499553447
"gamma[2]",0.95,0.5,"mean",0.945091075,1.03541,1.08314329316667,1.1306725,1.222799,24,1.03053499553447
"gamma[3]",0.95,0.5,"mean",0.186229675,0.20639875,0.217019423083333,0.22758125,0.2481732,24,1.03053499553447
"gamma[4]",0.95,0.5,"mean",0.25129395,0.27271075,0.283952949166667,0.29524725,0.316058075,24,1.03053499553447
"gamma[5]",0.95,0.5,"mean",0.01709723,0.04153805,0.0547691135125,0.0678431,0.0930688775,24,1.03053499553447
"gamma[6]",0.95,0.5,"mean",0.266727775,0.29131875,0.303713568666667,0.3163275,0.340279025,24,1.03053499553447
"gamma[7]",0.95,0.5,"mean",-1.65357025,-1.5682375,-1.5225514625,-1.4767775,-1.390519,24,1.03053499553447
"gamma[8]",0.95,0.5,"mean",-1.48356125,-1.397825,-1.35419226666667,-1.3109525,-1.22612825,24,1.03053499553447
