"parameter","outer_width","inner_width","point_est","ll","l","m","h","hh","time","rhat"
"gamma[1]",0.95,0.5,"mean",2.94696475,3.109555,3.198440265,3.28522,3.4621025,16,1.03017043955772
"gamma[2]",0.95,0.5,"mean",0.913273575,1.0097425,1.06526896608333,1.117875,1.22514075,16,1.03017043955772
"gamma[3]",0.95,0.5,"mean",0.16474495,0.185324,0.196018191416667,0.20692275,0.22718435,16,1.03017043955772
"gamma[4]",0.95,0.5,"mean",0.2160696,0.23789,0.24879109575,0.2599465,0.28073505,16,1.03017043955772
"gamma[5]",0.95,0.5,"mean",0.02839315,0.051827925,0.0648468763165833,0.07748525,0.102577175,16,1.03017043955772
"gamma[6]",0.95,0.5,"mean",0.2758839,0.2996,0.311705927583333,0.32402275,0.347313025,16,1.03017043955772
"gamma[7]",0.95,0.5,"mean",-1.6431405,-1.56604,-1.52619123,-1.48586,-1.4066595,16,1.03017043955772
"gamma[8]",0.95,0.5,"mean",-1.4821465,-1.39036,-1.33822267333333,-1.2872875,-1.186128,16,1.03017043955772
