"parameter","outer_width","inner_width","point_est","ll","l","m","h","hh","time","rhat"
"gamma[1]",0.95,0.5,"mean",2.74666925,2.9002925,2.98000425916667,3.0613575,3.221428,17,1.00100961506777
"gamma[2]",0.95,0.5,"mean",0.80538555,0.89389375,0.940617461083333,0.9875865,1.07764025,17,1.00100961506777
"gamma[3]",0.95,0.5,"mean",0.151985075,0.173967,0.1851326065,0.19618025,0.218048475,17,1.00100961506777
"gamma[4]",0.95,0.5,"mean",0.22327995,0.24611475,0.257994994333333,0.2699605,0.29244865,17,1.00100961506777
"gamma[5]",0.95,0.5,"mean",0.01298042,0.0349525,0.0464168172620583,0.057793525,0.079552845,17,1.00100961506777
"gamma[6]",0.95,0.5,"mean",0.2585328,0.28328375,0.29567842675,0.30817575,0.33282695,17,1.00100961506777
"gamma[7]",0.95,0.5,"mean",-1.73482475,-1.6528025,-1.60781397,-1.5637775,-1.47457525,17,1.00100961506777
"gamma[8]",0.95,0.5,"mean",-1.46080075,-1.3815625,-1.34170539416667,-1.3019375,-1.22065575,17,1.00100961506777
