"parameter","outer_width","inner_width","point_est","ll","l","m","h","hh","time","rhat"
"gamma[1]",0.95,0.5,"mean",2.7615695,2.89879,2.97424191333333,3.04759,3.19467075,19,1.00115368585089
"gamma[2]",0.95,0.5,"mean",0.881139525,0.97395725,1.020522862,1.0676825,1.15802075,19,1.00115368585089
"gamma[3]",0.95,0.5,"mean",0.1588834,0.17981675,0.190506314083333,0.20126875,0.221625075,19,1.00115368585089
"gamma[4]",0.95,0.5,"mean",0.237330575,0.25981175,0.271493714416667,0.28320325,0.3056333,19,1.00115368585089
"gamma[5]",0.95,0.5,"mean",0.035743545,0.059184325,0.071397069025,0.083300475,0.107471525,19,1.00115368585089
"gamma[6]",0.95,0.5,"mean",0.255338,0.277387,0.288505044,0.29987775,0.321540175,19,1.00115368585089
"gamma[7]",0.95,0.5,"mean",-1.8021515,-1.72787,-1.69040668916667,-1.65333,-1.57978875,19,1.00115368585089
"gamma[8]",0.95,0.5,"mean",-1.50909275,-1.4196725,-1.37296505083333,-1.3269375,-1.23048975,19,1.00115368585089
