"parameter","outer_width","inner_width","point_est","ll","l","m","h","hh","time","rhat"
"gamma[1]",0.95,0.5,"mean",2.92047325,3.0846275,3.16500006416667,3.2463425,3.4018125,35,1.02841171625417
"gamma[2]",0.95,0.5,"mean",0.958388875,1.06248,1.1163540335,1.1701125,1.277687,35,1.02841171625417
"gamma[3]",0.95,0.5,"mean",0.18802565,0.212051,0.2235422,0.235332,0.257866025,35,1.02841171625417
"gamma[4]",0.95,0.5,"mean",0.2069343,0.233444,0.2474207155,0.26164475,0.2884698,35,1.02841171625417
"gamma[5]",0.95,0.5,"mean",0.019761255,0.0445399,0.0568701436079333,0.0695386,0.09346876,35,1.02841171625417
"gamma[6]",0.95,0.5,"mean",0.283194675,0.30716075,0.319630648416667,0.3323335,0.35554165,35,1.02841171625417
"gamma[7]",0.95,0.5,"mean",-1.67410075,-1.5956125,-1.552518765,-1.5103375,-1.427719,35,1.02841171625417
"gamma[8]",0.95,0.5,"mean",-1.4147105,-1.33459,-1.292907115,-1.2518975,-1.16900725,35,1.02841171625417
