"parameter","outer_width","inner_width","point_est","ll","l","m","h","hh","time","rhat"
"gamma[1]",0.95,0.5,"mean",2.72096975,2.873065,2.94940393916667,3.0296125,3.17400375,17,1.03341528948862
"gamma[2]",0.95,0.5,"mean",0.7927986,0.8836605,0.929430125833333,0.97611475,1.06591075,17,1.03341528948862
"gamma[3]",0.95,0.5,"mean",0.17738545,0.198306,0.208815475916667,0.21929825,0.239597175,17,1.03341528948862
"gamma[4]",0.95,0.5,"mean",0.227934525,0.2517675,0.264229872416667,0.27652825,0.300623,17,1.03341528948862
"gamma[5]",0.95,0.5,"mean",0.00129702325000001,0.025296575,0.03727162078655,0.049177425,0.07179562,17,1.03341528948862
"gamma[6]",0.95,0.5,"mean",0.24476475,0.2661855,0.277357836416667,0.288538,0.310050025,17,1.03341528948862
"gamma[7]",0.95,0.5,"mean",-1.848882,-1.7648775,-1.72102931916667,-1.6773675,-1.594478,17,1.03341528948862
"gamma[8]",0.95,0.5,"mean",-1.438856,-1.3500475,-1.30507715916667,-1.2594875,-1.173559,17,1.03341528948862
