"parameter","outer_width","inner_width","point_est","ll","l","m","h","hh","time","rhat"
"gamma[1]",0.95,0.5,"mean",2.89401475,3.03912,3.10917295083333,3.180055,3.32197,11,1.02485435640943
"gamma[2]",0.95,0.5,"mean",0.898976625,0.9782135,1.02013871391667,1.06275,1.14057125,11,1.02485435640943
"gamma[3]",0.95,0.5,"mean",0.19024595,0.2110185,0.222233482416667,0.23332275,0.2535903,11,1.02485435640943
"gamma[4]",0.95,0.5,"mean",0.234855,0.256975,0.26836062325,0.27976775,0.300996125,11,1.02485435640943
"gamma[5]",0.95,0.5,"mean",0.0288807425,0.054716725,0.0681855036325,0.081692925,0.1066563,11,1.02485435640943
"gamma[6]",0.95,0.5,"mean",0.2930739,0.31597875,0.328058460333333,0.33999025,0.36375015,11,1.02485435640943
"gamma[7]",0.95,0.5,"mean",-1.708282,-1.6191025,-1.57631261416667,-1.5324775,-1.4463,11,1.02485435640943
"gamma[8]",0.95,0.5,"mean",-1.57299025,-1.492975,-1.45282349833333,-1.41173,-1.3349,11,1.02485435640943
