"parameter","outer_width","inner_width","point_est","ll","l","m","h","hh","time","rhat"
"gamma[1]",0.95,0.5,"mean",2.82393175,2.98433,3.0727550875,3.160935,3.32166425,30,1.0016825716573
"gamma[2]",0.95,0.5,"mean",0.96703515,1.06315,1.11475044108333,1.1663425,1.2646705,30,1.0016825716573
"gamma[3]",0.95,0.5,"mean",0.20371135,0.2250715,0.235767931416667,0.2465485,0.26680225,30,1.0016825716573
"gamma[4]",0.95,0.5,"mean",0.207479575,0.2334675,0.245985755,0.258858,0.282944,30,1.0016825716573
"gamma[5]",0.95,0.5,"mean",0.05702576,0.07940145,0.0905438814166667,0.101863,0.12374485,30,1.0016825716573
"gamma[6]",0.95,0.5,"mean",0.281751825,0.3016155,0.311902006333333,0.32211825,0.343627175,30,1.0016825716573
"gamma[7]",0.95,0.5,"mean",-1.67652325,-1.5802125,-1.53281573666667,-1.4846125,-1.394418,30,1.0016825716573
"gamma[8]",0.95,0.5,"mean",-1.46349175,-1.3799925,-1.33689657166667,-1.293605,-1.21301675,30,1.0016825716573
