"parameter","outer_width","inner_width","point_est","ll","l","m","h","hh","time","rhat"
"gamma[1]",0.95,0.5,"mean",2.78557625,2.95601,3.04321969333333,3.130585,3.30450625,19,1.02946445213167
"gamma[2]",0.95,0.5,"mean",0.852529925,0.95203925,1.00378812033333,1.055255,1.157801,19,1.02946445213167
"gamma[3]",0.95,0.5,"mean",0.178486975,0.1987525,0.209496632,0.22015525,0.240432725,19,1.02946445213167
"gamma[4]",0.95,0.5,"mean",0.21090515,0.23218175,0.243618201916667,0.255094,0.27669375,19,1.02946445213167
"gamma[5]",0.95,0.5,"mean",0.02236058,0.0468512,0.059370409467,0.0721138,0.0969834325,19,1.02946445213167
"gamma[6]",0.95,0.5,"mean",0.2759878,0.295508,0.305586954833333,0.31569025,0.3345637,19,1.02946445213167
"gamma[7]",0.95,0.5,"mean",-1.774033,-1.69134,-1.647137005,-1.6028475,-1.51908725,19,1.02946445213167
"gamma[8]",0.95,0.5,"mean",-1.511384,-1.4188525,-1.3712062625,-1.32396,-1.232059,19,1.02946445213167
