"parameter","outer_width","inner_width","point_est","ll","l","m","h","hh","time","rhat"
"gamma[1]",0.95,0.5,"mean",2.71342975,2.86324,2.9404707275,3.0192725,3.159379,18,1.00066969893266
"gamma[2]",0.95,0.5,"mean",0.83996025,0.93723575,0.986376979416667,1.0365425,1.13130375,18,1.00066969893266
"gamma[3]",0.95,0.5,"mean",0.2066009,0.2275125,0.238339900166667,0.24940825,0.270161125,18,1.00066969893266
"gamma[4]",0.95,0.5,"mean",0.18462385,0.20964725,0.222326867916667,0.2351285,0.258543125,18,1.00066969893266
"gamma[5]",0.95,0.5,"mean",0.0302277225,0.0515836,0.0631397072058333,0.07423455,0.09715018,18,1.00066969893266
"gamma[6]",0.95,0.5,"mean",0.26168645,0.28345,0.29455943025,0.3055855,0.327469975,18,1.00066969893266
"gamma[7]",0.95,0.5,"mean",-1.692447,-1.60634,-1.56106921583333,-1.515595,-1.4303945,18,1.00066969893266
"gamma[8]",0.95,0.5,"mean",-1.4296325,-1.3503,-1.30873534666667,-1.2674975,-1.1909795,18,1.00066969893266
