"parameter","outer_width","inner_width","point_est","ll","l","m","h","hh","time","rhat"
"gamma[1]",0.95,0.5,"mean",2.7968795,2.94158,3.01686006833333,3.0924825,3.23921,16,1.0299271742117
"gamma[2]",0.95,0.5,"mean",0.914658625,1.005805,1.05226174166667,1.0985625,1.19457375,16,1.0299271742117
"gamma[3]",0.95,0.5,"mean",0.1895436,0.20829875,0.218448629833333,0.22859025,0.2476131,16,1.0299271742117
"gamma[4]",0.95,0.5,"mean",0.236570875,0.25855125,0.269716439833333,0.281098,0.3016078,16,1.0299271742117
"gamma[5]",0.95,0.5,"mean",0.0256051075,0.05136945,0.064844903759,0.07830855,0.10413,16,1.0299271742117
"gamma[6]",0.95,0.5,"mean",0.263742975,0.28621725,0.29804355725,0.30967025,0.332055125,16,1.0299271742117
"gamma[7]",0.95,0.5,"mean",-1.65947225,-1.575485,-1.53103448833333,-1.487205,-1.39839825,16,1.0299271742117
"gamma[8]",0.95,0.5,"mean",-1.49538625,-1.411895,-1.36777859833333,-1.3242525,-1.23943,16,1.0299271742117
