"parameter","outer_width","inner_width","point_est","ll","l","m","h","hh","time","rhat"
"gamma[1]",0.95,0.5,"mean",2.735189,2.900795,2.98273809083333,3.06556,3.22968525,20,1.02540965599436
"gamma[2]",0.95,0.5,"mean",0.83634985,0.9212675,0.964799819916667,1.007755,1.092871,20,1.02540965599436
"gamma[3]",0.95,0.5,"mean",0.16250585,0.184751,0.1965772585,0.20806025,0.23145505,20,1.02540965599436
"gamma[4]",0.95,0.5,"mean",0.174767775,0.196933,0.2088000785,0.22053175,0.242290425,20,1.02540965599436
"gamma[5]",0.95,0.5,"mean",0.028449955,0.0555201,0.0695271938106667,0.0834787,0.111083575,20,1.02540965599436
"gamma[6]",0.95,0.5,"mean",0.2586956,0.27916075,0.290123670666667,0.30095325,0.321742075,20,1.02540965599436
"gamma[7]",0.95,0.5,"mean",-1.6978305,-1.60481,-1.55878990333333,-1.5122375,-1.42068675,20,1.02540965599436
"gamma[8]",0.95,0.5,"mean",-1.53162075,-1.440965,-1.39704822333333,-1.352195,-1.268329,20,1.02540965599436
