"parameter","outer_width","inner_width","point_est","ll","l","m","h","hh","time","rhat"
"gamma[1]",0.95,0.5,"mean",2.78348975,2.9401875,3.02066253,3.101035,3.26148525,22,1.0279440491661
"gamma[2]",0.95,0.5,"mean",0.853597275,0.94686375,0.998744339916667,1.0510725,1.146151,22,1.0279440491661
"gamma[3]",0.95,0.5,"mean",0.15281025,0.17600375,0.18745042525,0.198912,0.221735825,22,1.0279440491661
"gamma[4]",0.95,0.5,"mean",0.217778725,0.24170175,0.253129359416667,0.26503325,0.286786225,22,1.0279440491661
"gamma[5]",0.95,0.5,"mean",0.015473495,0.038632075,0.0501962103900083,0.061649475,0.0845215125,22,1.0279440491661
"gamma[6]",0.95,0.5,"mean",0.253449975,0.27661075,0.287916604166667,0.29954075,0.3210274,22,1.0279440491661
"gamma[7]",0.95,0.5,"mean",-1.7529815,-1.6689025,-1.62314889833333,-1.5777,-1.49022875,22,1.0279440491661
"gamma[8]",0.95,0.5,"mean",-1.47794,-1.40894,-1.37367288833333,-1.338575,-1.271259,22,1.0279440491661
