"parameter","outer_width","inner_width","point_est","ll","l","m","h","hh","time","rhat"
"gamma[1]",0.95,0.5,"mean",2.7107275,2.8618375,2.95491442833333,3.0444075,3.220662,20,1.04832684250677
"gamma[2]",0.95,0.5,"mean",0.928484975,1.0283275,1.07690940725,1.1260025,1.238243,20,1.04832684250677
"gamma[3]",0.95,0.5,"mean",0.169650575,0.19073175,0.203591733833333,0.21564575,0.238646325,20,1.04832684250677
"gamma[4]",0.95,0.5,"mean",0.193641,0.217638,0.228740231083333,0.24005575,0.2633434,20,1.04832684250677
"gamma[5]",0.95,0.5,"mean",0.06816667,0.09024045,0.103401354591667,0.11578725,0.139884275,20,1.04832684250677
"gamma[6]",0.95,0.5,"mean",0.268125725,0.28882575,0.301314511333333,0.31315425,0.336387875,20,1.04832684250677
"gamma[7]",0.95,0.5,"mean",-1.63128225,-1.5467575,-1.50428480583333,-1.4615175,-1.37005925,20,1.04832684250677
"gamma[8]",0.95,0.5,"mean",-1.37613175,-1.2985175,-1.26087101666667,-1.2227,-1.1434145,20,1.04832684250677
