"parameter","outer_width","inner_width","point_est","ll","l","m","h","hh","time","rhat"
"gamma[1]",0.95,0.5,"mean",2.74226575,2.89576,2.97621149,3.0572125,3.2076245,22,1.03951767558897
"gamma[2]",0.95,0.5,"mean",0.859654475,0.94878025,0.997695701166667,1.04627,1.13619325,22,1.03951767558897
"gamma[3]",0.95,0.5,"mean",0.184636925,0.20561025,0.216062576083333,0.226861,0.246353675,22,1.03951767558897
"gamma[4]",0.95,0.5,"mean",0.2348959,0.25679625,0.268014355583333,0.27929425,0.300668525,22,1.03951767558897
"gamma[5]",0.95,0.5,"mean",-0.0147883475,0.00906593,0.0218290945416917,0.03435995,0.0593592525,22,1.03951767558897
"gamma[6]",0.95,0.5,"mean",0.282315825,0.30468,0.316343081,0.32787725,0.3502266,22,1.03951767558897
"gamma[7]",0.95,0.5,"mean",-1.770352,-1.6871725,-1.64362518916667,-1.60111,-1.5178685,22,1.03951767558897
"gamma[8]",0.95,0.5,"mean",-1.5170805,-1.4392725,-1.39816022,-1.3578375,-1.27906475,22,1.03951767558897
