"parameter","outer_width","inner_width","point_est","ll","l","m","h","hh","time","rhat"
"gamma[1]",0.95,0.5,"mean",2.791989,2.95127,3.03110364833333,3.1133875,3.266707,28,1.02879126497411
"gamma[2]",0.95,0.5,"mean",0.7924489,0.89198625,0.942290069333333,0.9941415,1.08981125,28,1.02879126497411
"gamma[3]",0.95,0.5,"mean",0.15261745,0.1780505,0.191110919416667,0.2042215,0.2295058,28,1.02879126497411
"gamma[4]",0.95,0.5,"mean",0.216692475,0.24055175,0.253048046,0.2655175,0.289578125,28,1.02879126497411
"gamma[5]",0.95,0.5,"mean",0.03170759,0.058522775,0.0721739349966667,0.086103225,0.11222955,28,1.02879126497411
"gamma[6]",0.95,0.5,"mean",0.2988669,0.3228045,0.33546454025,0.347978,0.371823675,28,1.02879126497411
"gamma[7]",0.95,0.5,"mean",-1.73477025,-1.6401075,-1.59082902833333,-1.5410125,-1.44815775,28,1.02879126497411
"gamma[8]",0.95,0.5,"mean",-1.48174075,-1.402125,-1.36026064583333,-1.31762,-1.24051675,28,1.02879126497411
