"parameter","outer_width","inner_width","point_est","ll","l","m","h","hh","time","rhat"
"gamma[1]",0.95,0.5,"mean",2.78845975,2.948775,3.05699758416667,3.1546225,3.3487315,19,1.03516989434869
"gamma[2]",0.95,0.5,"mean",0.825281375,0.92596375,0.990848658666667,1.051145,1.16840625,19,1.03516989434869
"gamma[3]",0.95,0.5,"mean",0.177007775,0.19895675,0.21050306975,0.22217325,0.244288775,19,1.03516989434869
"gamma[4]",0.95,0.5,"mean",0.20221505,0.227454,0.242512252916667,0.25670375,0.2848051,19,1.03516989434869
"gamma[5]",0.95,0.5,"mean",0.00870936575,0.031414275,0.0440039276849583,0.056763675,0.07927312,19,1.03516989434869
"gamma[6]",0.95,0.5,"mean",0.254730625,0.27766825,0.288661266333333,0.30011625,0.32318535,19,1.03516989434869
"gamma[7]",0.95,0.5,"mean",-1.72730325,-1.634555,-1.58780231416667,-1.54221,-1.44521925,19,1.03516989434869
"gamma[8]",0.95,0.5,"mean",-1.54342025,-1.462225,-1.42010630666667,-1.3767875,-1.29194975,19,1.03516989434869
