"parameter","outer_width","inner_width","point_est","ll","l","m","h","hh","time","rhat"
"gamma[1]",0.95,0.5,"mean",2.8988105,3.0694,3.15275585916667,3.2381775,3.3946205,14,1.00401432716835
"gamma[2]",0.95,0.5,"mean",0.968887875,1.068845,1.12329909258333,1.17884,1.27032,14,1.00401432716835
"gamma[3]",0.95,0.5,"mean",0.20071765,0.222361,0.232848725166667,0.2437315,0.264662575,14,1.00401432716835
"gamma[4]",0.95,0.5,"mean",0.228262225,0.25225675,0.264671875333333,0.27716575,0.30270665,14,1.00401432716835
"gamma[5]",0.95,0.5,"mean",0.00641832,0.033138075,0.046093197474975,0.059280575,0.083722425,14,1.00401432716835
"gamma[6]",0.95,0.5,"mean",0.2814363,0.30386675,0.315387775416667,0.3266805,0.348463125,14,1.00401432716835
"gamma[7]",0.95,0.5,"mean",-1.74803675,-1.6526925,-1.60200674583333,-1.5540775,-1.45624675,14,1.00401432716835
"gamma[8]",0.95,0.5,"mean",-1.42517075,-1.3384325,-1.29667050666667,-1.2524925,-1.16776625,14,1.00401432716835
