"parameter","outer_width","inner_width","point_est","ll","l","m","h","hh","time","rhat"
"gamma[1]",0.95,0.5,"mean",2.7360795,2.9035375,2.98603265083333,3.070835,3.2322505,30,1.00169921590318
"gamma[2]",0.95,0.5,"mean",0.817871975,0.9113655,0.960049088916667,1.0085375,1.10147025,30,1.00169921590318
"gamma[3]",0.95,0.5,"mean",0.1880464,0.20849175,0.219283420333333,0.22995275,0.24945465,30,1.00169921590318
"gamma[4]",0.95,0.5,"mean",0.233488575,0.25649525,0.268323113,0.2802795,0.302512475,30,1.00169921590318
"gamma[5]",0.95,0.5,"mean",0.0227222675,0.0469739,0.0592241848256667,0.071541625,0.0951052175,30,1.00169921590318
"gamma[6]",0.95,0.5,"mean",0.249883425,0.2750135,0.288125157083333,0.3012225,0.326384425,30,1.00169921590318
"gamma[7]",0.95,0.5,"mean",-1.80428,-1.715415,-1.66988161666667,-1.6246825,-1.53725775,30,1.00169921590318
"gamma[8]",0.95,0.5,"mean",-1.5967835,-1.5143725,-1.47183840916667,-1.42905,-1.34850675,30,1.00169921590318
