"parameter","outer_width","inner_width","point_est","ll","l","m","h","hh","time","rhat"
"gamma[1]",0.95,0.5,"mean",2.5838455,2.754645,2.84062422,2.9263175,3.09944025,16,1.03897355862776
"gamma[2]",0.95,0.5,"mean",0.683640925,0.7815285,0.82916045225,0.87616025,0.9747156,16,1.03897355862776
"gamma[3]",0.95,0.5,"mean",0.169779125,0.19047525,0.201017014833333,0.21157375,0.231541075,16,1.03897355862776
"gamma[4]",0.95,0.5,"mean",0.2070589,0.232883,0.245537414333333,0.2582165,0.28268315,16,1.03897355862776
"gamma[5]",0.95,0.5,"mean",-0.0105315225,0.0105882,0.0217998405693967,0.032944075,0.0545592475,16,1.03897355862776
"gamma[6]",0.95,0.5,"mean",0.274317525,0.2964295,0.307790088083333,0.31920225,0.341722075,16,1.03897355862776
"gamma[7]",0.95,0.5,"mean",-1.7718015,-1.688395,-1.64658498833333,-1.604745,-1.5227375,16,1.03897355862776
"gamma[8]",0.95,0.5,"mean",-1.559782,-1.48601,-1.44453847,-1.4036625,-1.32394475,16,1.03897355862776
