"parameter","outer_width","inner_width","point_est","ll","l","m","h","hh","time","rhat"
"gamma[1]",0.95,0.5,"mean",2.8995945,3.040855,3.11694964333333,3.1904575,3.34337475,15,1.03884492271731
"gamma[2]",0.95,0.5,"mean",0.96900635,1.05674,1.1013537465,1.1459775,1.23638325,15,1.03884492271731
"gamma[3]",0.95,0.5,"mean",0.162126525,0.183608,0.194567602,0.20572125,0.2267428,15,1.03884492271731
"gamma[4]",0.95,0.5,"mean",0.2045899,0.22811825,0.240331292166667,0.25261725,0.27527425,15,1.03884492271731
"gamma[5]",0.95,0.5,"mean",0.020040605,0.04091415,0.0517628243001667,0.062741225,0.083363425,15,1.03884492271731
"gamma[6]",0.95,0.5,"mean",0.2581893,0.27980525,0.290913891166667,0.30209775,0.323425475,15,1.03884492271731
"gamma[7]",0.95,0.5,"mean",-1.70388,-1.6247225,-1.58344795333333,-1.542605,-1.46190975,15,1.03884492271731
"gamma[8]",0.95,0.5,"mean",-1.4624205,-1.37697,-1.33278115833333,-1.28899,-1.2069685,15,1.03884492271731
