"parameter","outer_width","inner_width","point_est","ll","l","m","h","hh","time","rhat"
"gamma[1]",0.95,0.5,"mean",2.827116,2.9767,3.0586075675,3.1404625,3.3015105,15,1.03206020304623
"gamma[2]",0.95,0.5,"mean",0.806874925,0.90324775,0.952193178583333,1.000035,1.0973135,15,1.03206020304623
"gamma[3]",0.95,0.5,"mean",0.1708039,0.19268675,0.203569889416667,0.21456625,0.235571825,15,1.03206020304623
"gamma[4]",0.95,0.5,"mean",0.22420565,0.24684575,0.258663720833333,0.27052775,0.2944491,15,1.03206020304623
"gamma[5]",0.95,0.5,"mean",0.00290909975000001,0.026465375,0.0390879119131583,0.051258,0.075785845,15,1.03206020304623
"gamma[6]",0.95,0.5,"mean",0.285683725,0.30792125,0.319430512916667,0.330846,0.354000025,15,1.03206020304623
"gamma[7]",0.95,0.5,"mean",-1.78296,-1.70392,-1.66252370333333,-1.621315,-1.54161925,15,1.03206020304623
"gamma[8]",0.95,0.5,"mean",-1.492407,-1.4113725,-1.36688246416667,-1.32384,-1.23838375,15,1.03206020304623
