"parameter","outer_width","inner_width","point_est","ll","l","m","h","hh","time","rhat"
"gamma[1]",0.95,0.5,"mean",2.82418725,2.9682125,3.03861944,3.1093325,3.2554115,32,1.04852950563264
"gamma[2]",0.95,0.5,"mean",0.953479875,1.0430875,1.08773607625,1.13124,1.21908025,32,1.04852950563264
"gamma[3]",0.95,0.5,"mean",0.13709885,0.15601575,0.166608773833333,0.17743875,0.197164025,32,1.04852950563264
"gamma[4]",0.95,0.5,"mean",0.227843,0.26346275,0.275625445083333,0.289369,0.31317635,32,1.04852950563264
"gamma[5]",0.95,0.5,"mean",-0.0160966625,0.00632362,0.0177418208907235,0.0290448,0.0520732375,32,1.04852950563264
"gamma[6]",0.95,0.5,"mean",0.260536775,0.27986875,0.289558151916667,0.29925425,0.317829275,32,1.04852950563264
"gamma[7]",0.95,0.5,"mean",-1.7591505,-1.673475,-1.6322968025,-1.5891075,-1.509765,32,1.04852950563264
"gamma[8]",0.95,0.5,"mean",-1.44261575,-1.352465,-1.30672261916667,-1.26339,-1.17200225,32,1.04852950563264
