"parameter","outer_width","inner_width","point_est","ll","l","m","h","hh","time","rhat"
"gamma[1]",0.95,0.5,"mean",2.759899,2.928595,3.0207523275,3.113565,3.2861815,16,1.03699962738164
"gamma[2]",0.95,0.5,"mean",0.896611475,0.99147575,1.04451343675,1.0974225,1.19785625,16,1.03699962738164
"gamma[3]",0.95,0.5,"mean",0.174977775,0.19799,0.209700567,0.2216135,0.2436346,16,1.03699962738164
"gamma[4]",0.95,0.5,"mean",0.2180485,0.24137525,0.253724633833333,0.266002,0.2893021,16,1.03699962738164
"gamma[5]",0.95,0.5,"mean",0.016244215,0.038033075,0.0492623460984167,0.060551175,0.082200405,16,1.03699962738164
"gamma[6]",0.95,0.5,"mean",0.2664447,0.2890005,0.300258380416667,0.31150625,0.333625625,16,1.03699962738164
"gamma[7]",0.95,0.5,"mean",-1.71705175,-1.62026,-1.56851601916667,-1.51785,-1.41962925,16,1.03699962738164
"gamma[8]",0.95,0.5,"mean",-1.5431435,-1.4472725,-1.3959343875,-1.3452275,-1.2472225,16,1.03699962738164
