"parameter","outer_width","inner_width","point_est","ll","l","m","h","hh","time","rhat"
"gamma[1]",0.95,0.5,"mean",2.62923875,2.782715,2.86158665083333,2.9394325,3.095371,41,1.02697171235787
"gamma[2]",0.95,0.5,"mean",0.7172454,0.81240425,0.860021375666667,0.9085535,1.001323,41,1.02697171235787
"gamma[3]",0.95,0.5,"mean",0.1626526,0.185505,0.197289420416667,0.20910125,0.231365025,41,1.02697171235787
"gamma[4]",0.95,0.5,"mean",0.1880575,0.2106405,0.222714134416667,0.23465325,0.257602075,41,1.02697171235787
"gamma[5]",0.95,0.5,"mean",0.02834534,0.05132805,0.0634807329039167,0.075791425,0.0985798275,41,1.02697171235787
"gamma[6]",0.95,0.5,"mean",0.2616528,0.2849225,0.296182406166667,0.30741575,0.33102255,41,1.02697171235787
"gamma[7]",0.95,0.5,"mean",-1.7485805,-1.6561025,-1.6093961475,-1.5621975,-1.4716995,41,1.02697171235787
"gamma[8]",0.95,0.5,"mean",-1.593633,-1.517075,-1.473750355,-1.43109,-1.3502495,41,1.02697171235787
