"parameter","outer_width","inner_width","point_est","ll","l","m","h","hh","time","rhat"
"gamma[1]",0.95,0.5,"mean",2.697595,2.8486075,2.92678756,3.0043325,3.16139525,26,1.04141665484205
"gamma[2]",0.95,0.5,"mean",0.85377715,0.94376275,0.992748276416667,1.040575,1.13943075,26,1.04141665484205
"gamma[3]",0.95,0.5,"mean",0.166037325,0.1887615,0.200192464166667,0.2116885,0.23366255,26,1.04141665484205
"gamma[4]",0.95,0.5,"mean",0.212556125,0.23616175,0.247914202083333,0.2600385,0.282906325,26,1.04141665484205
"gamma[5]",0.95,0.5,"mean",0.0273463825,0.051302625,0.06342751393325,0.0757129,0.09757778,26,1.04141665484205
"gamma[6]",0.95,0.5,"mean",0.262405975,0.282488,0.2929570765,0.303312,0.3237864,26,1.04141665484205
"gamma[7]",0.95,0.5,"mean",-1.77905175,-1.6881,-1.64082598,-1.593425,-1.50459325,26,1.04141665484205
"gamma[8]",0.95,0.5,"mean",-1.40888275,-1.32501,-1.28224051083333,-1.23932,-1.1555635,26,1.04141665484205
