"parameter","outer_width","inner_width","point_est","ll","l","m","h","hh","time","rhat"
"gamma[1]",0.95,0.5,"mean",2.64206275,2.81049,2.8865977575,2.970925,3.1506445,14,1.03603650533075
"gamma[2]",0.95,0.5,"mean",0.760285775,0.83728125,0.900532898833333,0.956658,1.0646705,14,1.03603650533075
"gamma[3]",0.95,0.5,"mean",0.160485,0.20727125,0.217346082,0.2321495,0.2547524,14,1.03603650533075
"gamma[4]",0.95,0.5,"mean",0.18132665,0.204417,0.215339710166667,0.225689,0.248410175,14,1.03603650533075
"gamma[5]",0.95,0.5,"mean",0.02501577,0.050159175,0.0649301448925833,0.07978695,0.1046435,14,1.03603650533075
"gamma[6]",0.95,0.5,"mean",0.29512395,0.314863,0.3242872105,0.334308,0.350568,14,1.03603650533075
"gamma[7]",0.95,0.5,"mean",-1.77367025,-1.6861775,-1.64497638416667,-1.6057475,-1.514744,14,1.03603650533075
"gamma[8]",0.95,0.5,"mean",-1.615099,-1.5376875,-1.47969770166667,-1.425355,-1.32742925,14,1.03603650533075
