"parameter","outer_width","inner_width","point_est","ll","l","m","h","hh","time","rhat"
"gamma[1]",0.95,0.5,"mean",-1.94599,-1.5840625,-0.769795,-0.4340775,1.3635,69,Inf
"gamma[2]",0.95,0.5,"mean",-0.60229,0.3580985,0.62667325,1.08215625,1.48182,69,Inf
"gamma[3]",0.95,0.5,"mean",-0.230979,-0.16378575,0.354448482166667,0.5828015,1.52312,69,Inf
"gamma[4]",0.95,0.5,"mean",-1.62445,-1.02072175,0.0377592609166667,1.07922375,1.73076,69,Inf
"gamma[5]",0.95,0.5,"mean",-1.00155,-0.68134425,0.00289467749999998,0.65425025,1.07317,69,Inf
"gamma[6]",0.95,0.5,"mean",-1.04106,-0.75427275,0.254684836,1.3527825,1.36962,69,Inf
"gamma[7]",0.95,0.5,"mean",-1.05873,0.125562,0.999653950833333,1.860895,3.08415,69,Inf
"gamma[8]",0.95,0.5,"mean",-1.34671,-0.53299825,-0.120194944083333,0.427831,0.836992,69,Inf
