"parameter","outer_width","inner_width","point_est","ll","l","m","h","hh","time","rhat"
"gamma[1]",0.95,0.5,"mean",2.58457975,2.7460725,2.82628892666667,2.9071425,3.06795175,26,1.03091840660054
"gamma[2]",0.95,0.5,"mean",0.743727525,0.83895,0.8851118995,0.9313,1.02423175,26,1.03091840660054
"gamma[3]",0.95,0.5,"mean",0.14181855,0.16398025,0.175515339808333,0.18724925,0.208640275,26,1.03091840660054
"gamma[4]",0.95,0.5,"mean",0.21799995,0.243197,0.255838132833333,0.268476,0.29273945,26,1.03091840660054
"gamma[5]",0.95,0.5,"mean",0.0248799725,0.0491009,0.06137867176125,0.0737295,0.0976880875,26,1.03091840660054
"gamma[6]",0.95,0.5,"mean",0.271180875,0.2933295,0.304439342416667,0.3155705,0.3374641,26,1.03091840660054
"gamma[7]",0.95,0.5,"mean",-1.78501375,-1.6974925,-1.65523310333333,-1.61242,-1.52941725,26,1.03091840660054
"gamma[8]",0.95,0.5,"mean",-1.52449225,-1.43723,-1.39605657583333,-1.3534325,-1.27321875,26,1.03091840660054
