"parameter","outer_width","inner_width","point_est","ll","l","m","h","hh","time","rhat"
"gamma[1]",0.95,0.5,"mean",2.86474925,3.0301075,3.1169126825,3.2033875,3.3681045,17,1.04213520368463
"gamma[2]",0.95,0.5,"mean",0.83400195,0.9436795,0.993222651916667,1.044315,1.14589025,17,1.04213520368463
"gamma[3]",0.95,0.5,"mean",0.16248575,0.18515975,0.196696184916667,0.208285,0.2307141,17,1.04213520368463
"gamma[4]",0.95,0.5,"mean",0.2149875,0.236653,0.248653867083333,0.260369,0.282867125,17,1.04213520368463
"gamma[5]",0.95,0.5,"mean",0.00780973150000001,0.032614525,0.0452024489499462,0.057956025,0.0816188375,17,1.04213520368463
"gamma[6]",0.95,0.5,"mean",0.25440665,0.278451,0.290919510916667,0.303445,0.328000275,17,1.04213520368463
"gamma[7]",0.95,0.5,"mean",-1.83334325,-1.7299025,-1.68030365666667,-1.628775,-1.53335925,17,1.04213520368463
"gamma[8]",0.95,0.5,"mean",-1.425122,-1.348395,-1.31084734666667,-1.27243,-1.19947875,17,1.04213520368463
