"parameter","outer_width","inner_width","point_est","ll","l","m","h","hh","time","rhat"
"gamma[1]",0.95,0.5,"mean",2.754439,2.902115,2.98420529916667,3.0651575,3.21883575,13,1.04048284676377
"gamma[2]",0.95,0.5,"mean",0.854920625,0.95479475,1.00675237683333,1.05897,1.15799325,13,1.04048284676377
"gamma[3]",0.95,0.5,"mean",0.167349675,0.18779175,0.198251708416667,0.2087495,0.22971005,13,1.04048284676377
"gamma[4]",0.95,0.5,"mean",0.16816005,0.1941045,0.207105058083333,0.220274,0.244817175,13,1.04048284676377
"gamma[5]",0.95,0.5,"mean",0.0285430075,0.053599025,0.0668373206541667,0.0800887,0.1059562,13,1.04048284676377
"gamma[6]",0.95,0.5,"mean",0.2737724,0.29548975,0.30713558125,0.3187655,0.340950325,13,1.04048284676377
"gamma[7]",0.95,0.5,"mean",-1.7448185,-1.6607925,-1.61581888583333,-1.57107,-1.48835,13,1.04048284676377
"gamma[8]",0.95,0.5,"mean",-1.50633225,-1.4191025,-1.37135982083333,-1.324355,-1.23657425,13,1.04048284676377
