"parameter","outer_width","inner_width","point_est","ll","l","m","h","hh","time","rhat"
"gamma[1]",0.95,0.5,"mean",2.81959975,2.97153,3.05202630333333,3.129065,3.28994375,17,1.02875806733042
"gamma[2]",0.95,0.5,"mean",0.88583485,0.9771435,1.02541268558333,1.072515,1.16658525,17,1.02875806733042
"gamma[3]",0.95,0.5,"mean",0.166401,0.1868165,0.19747316075,0.2081245,0.2293558,17,1.02875806733042
"gamma[4]",0.95,0.5,"mean",0.203422325,0.22547675,0.2367448445,0.247888,0.2695032,17,1.02875806733042
"gamma[5]",0.95,0.5,"mean",0.0388270075,0.06211,0.0740569761799167,0.08615825,0.108835825,17,1.02875806733042
"gamma[6]",0.95,0.5,"mean",0.271861925,0.29393125,0.30540314925,0.316385,0.339788125,17,1.02875806733042
"gamma[7]",0.95,0.5,"mean",-1.565171,-1.4796325,-1.43659901416667,-1.3930475,-1.3051075,17,1.02875806733042
"gamma[8]",0.95,0.5,"mean",-1.489726,-1.41141,-1.37006605916667,-1.3291475,-1.24801975,17,1.02875806733042
