"parameter","outer_width","inner_width","point_est","ll","l","m","h","hh","time","rhat"
"gamma[1]",0.95,0.5,"mean",2.77424,2.960395,3.05103814666667,3.1446525,3.31250275,42,1.03154172552574
"gamma[2]",0.95,0.5,"mean",0.81694275,0.92382825,0.975239052833333,1.0271625,1.12749625,42,1.03154172552574
"gamma[3]",0.95,0.5,"mean",0.164432325,0.18789375,0.199462731,0.21120525,0.233456175,42,1.03154172552574
"gamma[4]",0.95,0.5,"mean",0.1939099,0.22079275,0.234422435,0.24808225,0.274075025,42,1.03154172552574
"gamma[5]",0.95,0.5,"mean",-0.0260501,0.0012595775,0.0150374807573667,0.0290966,0.05498609,42,1.03154172552574
"gamma[6]",0.95,0.5,"mean",0.296537525,0.3188815,0.33086368975,0.342834,0.3655529,42,1.03154172552574
"gamma[7]",0.95,0.5,"mean",-1.73611,-1.65337,-1.61190897416667,-1.5701225,-1.4917385,42,1.03154172552574
"gamma[8]",0.95,0.5,"mean",-1.519641,-1.4245475,-1.37581884833333,-1.327285,-1.2369495,42,1.03154172552574
