"parameter","outer_width","inner_width","point_est","ll","l","m","h","hh","time","rhat"
"gamma[1]",0.95,0.5,"mean",2.65782725,2.79902,2.87041542166667,2.9396,3.0843925,17,1.00090132352702
"gamma[2]",0.95,0.5,"mean",0.878712525,0.9722275,1.01994262783333,1.06841,1.1596005,17,1.00090132352702
"gamma[3]",0.95,0.5,"mean",0.1621977,0.18580575,0.19739125225,0.20901625,0.23170405,17,1.00090132352702
"gamma[4]",0.95,0.5,"mean",0.2150972,0.23727375,0.24910471675,0.260645,0.2828767,17,1.00090132352702
"gamma[5]",0.95,0.5,"mean",0.0154725,0.0399803,0.0529583668479917,0.065857,0.0908271275,17,1.00090132352702
"gamma[6]",0.95,0.5,"mean",0.2461389,0.26751925,0.278898308916667,0.29026425,0.31191305,17,1.00090132352702
"gamma[7]",0.95,0.5,"mean",-1.84962175,-1.76437,-1.72101218583333,-1.6766975,-1.59280825,17,1.00090132352702
"gamma[8]",0.95,0.5,"mean",-1.5806805,-1.5068825,-1.46676207166667,-1.427115,-1.3509195,17,1.00090132352702
