"parameter","outer_width","inner_width","point_est","ll","l","m","h","hh","time","rhat"
"gamma[1]",0.95,0.5,"mean",2.777448,2.935275,3.0149338125,3.0954125,3.2496115,17,1.02791605291048
"gamma[2]",0.95,0.5,"mean",0.900911625,0.998056,1.04494097533333,1.09283,1.18521025,17,1.02791605291048
"gamma[3]",0.95,0.5,"mean",0.15892615,0.181916,0.1934485715,0.2050925,0.22729385,17,1.02791605291048
"gamma[4]",0.95,0.5,"mean",0.226133375,0.25064875,0.263271181416667,0.27598975,0.2995761,17,1.02791605291048
"gamma[5]",0.95,0.5,"mean",0.014675535,0.03484625,0.0453311216361667,0.05600735,0.0753523174999999,17,1.02791605291048
"gamma[6]",0.95,0.5,"mean",0.246202975,0.27162325,0.284982260333333,0.298431,0.322960475,17,1.02791605291048
"gamma[7]",0.95,0.5,"mean",-1.8200105,-1.73657,-1.693820995,-1.65132,-1.57050725,17,1.02791605291048
"gamma[8]",0.95,0.5,"mean",-1.5881215,-1.495995,-1.45022055,-1.403655,-1.31884925,17,1.02791605291048
