"parameter","outer_width","inner_width","point_est","ll","l","m","h","hh","time","rhat"
"gamma[1]",0.95,0.5,"mean",2.71792975,2.87502,2.9534417275,3.0330625,3.18130025,26,1.03886951886624
"gamma[2]",0.95,0.5,"mean",0.860197375,0.94715825,0.993208383833333,1.039815,1.12518125,26,1.03886951886624
"gamma[3]",0.95,0.5,"mean",0.18479985,0.20743925,0.218823422416667,0.23039375,0.251599275,26,1.03886951886624
"gamma[4]",0.95,0.5,"mean",0.253649625,0.274452,0.285378274916667,0.296245,0.317427825,26,1.03886951886624
"gamma[5]",0.95,0.5,"mean",0.00583118175000001,0.0283176,0.0396751486212667,0.0510475,0.07284689,26,1.03886951886624
"gamma[6]",0.95,0.5,"mean",0.282614575,0.30552375,0.317301881916667,0.329066,0.3523206,26,1.03886951886624
"gamma[7]",0.95,0.5,"mean",-1.63675125,-1.5412125,-1.49342544416667,-1.4452125,-1.35570975,26,1.03886951886624
"gamma[8]",0.95,0.5,"mean",-1.4971845,-1.4116825,-1.365446375,-1.319355,-1.23246875,26,1.03886951886624
