"parameter","outer_width","inner_width","point_est","ll","l","m","h","hh","time","rhat"
"gamma[1]",0.95,0.5,"mean",2.74529125,2.9058275,2.98991652833333,3.0739625,3.2387245,26,1.04546848165035
"gamma[2]",0.95,0.5,"mean",0.832137775,0.92428125,0.972967747166667,1.0195925,1.11614225,26,1.04546848165035
"gamma[3]",0.95,0.5,"mean",0.180408875,0.20430625,0.21608600575,0.227953,0.25144465,26,1.04546848165035
"gamma[4]",0.95,0.5,"mean",0.185940175,0.20674575,0.218635677,0.22977675,0.253545175,26,1.04546848165035
"gamma[5]",0.95,0.5,"mean",0.036048935,0.056989125,0.0688096858333333,0.080318475,0.10252705,26,1.04546848165035
"gamma[6]",0.95,0.5,"mean",0.2295841,0.25130175,0.2626276445,0.273807,0.296452425,26,1.04546848165035
"gamma[7]",0.95,0.5,"mean",-1.67962125,-1.607085,-1.570469115,-1.53373,-1.4608275,26,1.04546848165035
"gamma[8]",0.95,0.5,"mean",-1.5272805,-1.44194,-1.39861481416667,-1.35529,-1.2718475,26,1.04546848165035
