"parameter","outer_width","inner_width","point_est","ll","l","m","h","hh","time","rhat"
"gamma[1]",0.95,0.5,"mean",2.8627405,3.01363,3.08979932666667,3.16787,3.31880125,17,1.04068111904312
"gamma[2]",0.95,0.5,"mean",0.93160905,1.0173875,1.06316211233333,1.107955,1.19647525,17,1.04068111904312
"gamma[3]",0.95,0.5,"mean",0.180113675,0.19932475,0.209519705333333,0.219667,0.238839025,17,1.04068111904312
"gamma[4]",0.95,0.5,"mean",0.201134775,0.22512575,0.23745059925,0.24982325,0.273238925,17,1.04068111904312
"gamma[5]",0.95,0.5,"mean",0.02606392,0.048218175,0.0603716060283333,0.072499975,0.09549588,17,1.04068111904312
"gamma[6]",0.95,0.5,"mean",0.26406385,0.287776,0.299626287166667,0.311866,0.333722275,17,1.04068111904312
"gamma[7]",0.95,0.5,"mean",-1.64877075,-1.56774,-1.52643022333333,-1.484405,-1.40705825,17,1.04068111904312
"gamma[8]",0.95,0.5,"mean",-1.4528965,-1.37042,-1.32881973583333,-1.2855675,-1.2074865,17,1.04068111904312
