"parameter","outer_width","inner_width","point_est","ll","l","m","h","hh","time","rhat"
"gamma[1]",0.95,0.5,"mean",2.80366825,2.97528,3.06614743416667,3.155995,3.33363075,27,1.02746539247773
"gamma[2]",0.95,0.5,"mean",0.887792375,0.996179,1.05139665733333,1.1069725,1.21376175,27,1.02746539247773
"gamma[3]",0.95,0.5,"mean",0.1759471,0.1956535,0.2060675095,0.2164505,0.23657775,27,1.02746539247773
"gamma[4]",0.95,0.5,"mean",0.231780425,0.25596325,0.268335259916667,0.28060925,0.3047639,27,1.02746539247773
"gamma[5]",0.95,0.5,"mean",0.032040205,0.054135925,0.0656628240483333,0.07697965,0.0997976,27,1.02746539247773
"gamma[6]",0.95,0.5,"mean",0.285928075,0.30980475,0.3225120165,0.33508675,0.35913175,27,1.02746539247773
"gamma[7]",0.95,0.5,"mean",-1.68587075,-1.59871,-1.55273093166667,-1.5069375,-1.4201275,27,1.02746539247773
"gamma[8]",0.95,0.5,"mean",-1.554331,-1.4701925,-1.42649526083333,-1.3831975,-1.300231,27,1.02746539247773
