"parameter","outer_width","inner_width","point_est","ll","l","m","h","hh","time","rhat"
"gamma[1]",0.95,0.5,"mean",2.774048,2.9148475,2.98950388916667,3.066115,3.19735175,16,1.02681462220887
"gamma[2]",0.95,0.5,"mean",0.911901475,0.99529975,1.039264016,1.08277,1.166402,16,1.02681462220887
"gamma[3]",0.95,0.5,"mean",0.18755155,0.207818,0.218200715166667,0.228661,0.248203275,16,1.02681462220887
"gamma[4]",0.95,0.5,"mean",0.23064785,0.25350625,0.26489517275,0.27629325,0.298703225,16,1.02681462220887
"gamma[5]",0.95,0.5,"mean",0.0151163825,0.040476825,0.0537056304730625,0.06697625,0.09216641,16,1.02681462220887
"gamma[6]",0.95,0.5,"mean",0.250343725,0.27442075,0.28706628575,0.2996655,0.32469025,16,1.02681462220887
"gamma[7]",0.95,0.5,"mean",-1.66472125,-1.5890025,-1.54951079166667,-1.50972,-1.43551725,16,1.02681462220887
"gamma[8]",0.95,0.5,"mean",-1.4537205,-1.365995,-1.32040893666667,-1.2746375,-1.186708,16,1.02681462220887
