"parameter","outer_width","inner_width","point_est","ll","l","m","h","hh","time","rhat"
"gamma[1]",0.95,0.5,"mean",2.88414975,3.0600725,3.17122742125,3.27566,3.47887025,11,1.01729920106141
"gamma[2]",0.95,0.5,"mean",0.8003278,0.90972625,0.96070544625,1.01326,1.113642,11,1.01729920106141
