"parameter","outer_width","inner_width","point_est","ll","l","m","h","hh","time","rhat"
"gamma[1]",0.95,0.5,"mean",2.9055995,3.08139,3.1629688375,3.24639,3.417171,21,1.01205635543176
"gamma[2]",0.95,0.5,"mean",0.91078675,1.01174,1.065611100375,1.11968,1.221996,21,1.01205635543176
