"parameter","outer_width","inner_width","point_est","ll","l","m","h","hh","time","rhat"
"gamma[1]",0.95,0.5,"mean",2.8674795,3.0306925,3.12821966375,3.21463,3.413534,10,1.02860918107385
"gamma[2]",0.95,0.5,"mean",0.742147475,0.83697375,0.892402929125,0.94853725,1.054561,10,1.02860918107385
