"parameter","outer_width","inner_width","point_est","ll","l","m","h","hh","time","rhat"
"gamma[1]",0.95,0.5,"mean",2.7040985,2.8793525,2.96307754375,3.0470325,3.19157075,9,1.01468368783803
"gamma[2]",0.95,0.5,"mean",0.855174075,0.95834525,1.00903891925,1.0590075,1.1558415,9,1.01468368783803
