"parameter","outer_width","inner_width","point_est","ll","l","m","h","hh","time","rhat"
"gamma[1]",0.95,0.5,"mean",2.90404325,3.11321,3.212452855,3.3117125,3.532755,11,1.06350931452039
"gamma[2]",0.95,0.5,"mean",0.809682225,0.9095965,0.959824392875,1.0124525,1.0959705,11,1.06350931452039
