"parameter","outer_width","inner_width","point_est","ll","l","m","h","hh","time","rhat"
"gamma[1]",0.95,0.5,"mean",2.6727005,2.84378,2.9305744725,3.014445,3.1727895,7,1.05669907792808
"gamma[2]",0.95,0.5,"mean",0.721536725,0.817759,0.864327109375,0.91224675,1.006382,7,1.05669907792808
