"parameter","outer_width","inner_width","point_est","ll","l","m","h","hh","time","rhat"
"gamma[1]",0.95,0.5,"mean",2.7394095,2.8936625,2.9610064875,3.032065,3.178907,12,1.00730160180544
"gamma[2]",0.95,0.5,"mean",0.9105751,1.005445,1.05426929475,1.1042175,1.19989025,12,1.00730160180544
