"parameter","outer_width","inner_width","point_est","ll","l","m","h","hh","time","rhat"
"gamma[1]",0.95,0.5,"mean",2.539935,2.69434,2.78534262,2.8763475,3.028782,15,1.00592700225896
"gamma[2]",0.95,0.5,"mean",0.704865825,0.79520125,0.845103609125,0.89360975,0.997036025,15,1.00592700225896
