"parameter","outer_width","inner_width","point_est","ll","l","m","h","hh","time","rhat"
"gamma[1]",0.95,0.5,"mean",2.618806,2.7768875,2.86394471625,2.9465475,3.119506,10,1.02290176188524
"gamma[2]",0.95,0.5,"mean",0.91969035,1.0298225,1.082741814,1.1340175,1.24394125,10,1.02290176188524
