"parameter","outer_width","inner_width","point_est","ll","l","m","h","hh","time","rhat"
"gamma[1]",0.95,0.5,"mean",2.75766825,2.8878925,2.95674077,3.0266475,3.15634525,10,1.02497647236373
"gamma[2]",0.95,0.5,"mean",0.87910825,0.962564,1.011053154625,1.057445,1.15103575,10,1.02497647236373
