"parameter","outer_width","inner_width","point_est","ll","l","m","h","hh","time","rhat"
"gamma[1]",0.95,0.5,"mean",2.4993185,2.682575,2.77365917625,2.86351,3.0523865,11,1.01854309104341
"gamma[2]",0.95,0.5,"mean",0.9787813,1.0719675,1.121955698375,1.173055,1.2540625,11,1.01854309104341
