"parameter","outer_width","inner_width","point_est","ll","l","m","h","hh","time","rhat"
"gamma[1]",0.95,0.5,"mean",2.69993825,2.88191,2.97802183375,3.0711825,3.2478465,12,1.01742451727078
"gamma[2]",0.95,0.5,"mean",0.968415625,1.0661825,1.115143022375,1.1658525,1.265552,12,1.01742451727078
