"parameter","outer_width","inner_width","point_est","ll","l","m","h","hh","time","rhat"
"gamma[1]",0.95,0.5,"mean",2.560325,2.7366475,2.819883875,2.9061225,3.05874425,9,1.02148772712468
"gamma[2]",0.95,0.5,"mean",0.748186625,0.8407915,0.895358237,0.94565825,1.06124225,9,1.02148772712468
