"parameter","outer_width","inner_width","point_est","ll","l","m","h","hh","time","rhat"
"gamma[1]",0.95,0.5,"mean",2.83298975,3.0112525,3.0973583925,3.1878625,3.387737,11,1.02569248448269
"gamma[2]",0.95,0.5,"mean",0.72048655,0.83054875,0.89173893,0.952981,1.05511525,11,1.02569248448269
