"parameter","outer_width","inner_width","point_est","ll","l","m","h","hh","time","rhat"
"gamma[1]",0.95,0.5,"mean",2.76458575,2.97015,3.0698468875,3.170965,3.3870235,13,1.01627831708278
"gamma[2]",0.95,0.5,"mean",0.716918125,0.83491575,0.888594083,0.94487975,1.051552,13,1.01627831708278
