"parameter","outer_width","inner_width","point_est","ll","l","m","h","hh","time","rhat"
"gamma[1]",0.95,0.5,"mean",2.83240725,3.0180975,3.11283845625,3.2017025,3.4349525,17,1.00705910110157
"gamma[2]",0.95,0.5,"mean",0.777821075,0.88737625,0.939012988625,0.9916295,1.09021525,17,1.00705910110157
