"parameter","outer_width","inner_width","point_est","ll","l","m","h","hh","time","rhat"
"gamma[1]",0.95,0.5,"mean",2.93557475,3.091035,3.17523039625,3.260935,3.41225425,11,1.01413416696085
"gamma[2]",0.95,0.5,"mean",0.851166475,0.95392575,1.010528808125,1.067015,1.16811025,11,1.01413416696085
