"parameter","outer_width","inner_width","point_est","ll","l","m","h","hh","time","rhat"
"gamma[1]",0.95,0.5,"mean",2.865405,3.0424275,3.134647645,3.2257625,3.4027515,26,1.00651352233328
"gamma[2]",0.95,0.5,"mean",0.7969109,0.919577,0.981800523,1.04708,1.16261375,26,1.00651352233328
