"parameter","outer_width","inner_width","point_est","ll","l","m","h","hh","time","rhat"
"gamma[1]",0.95,0.5,"mean",2.71047825,2.89424,3.00816361,3.12508,3.3297935,17,1.01885195563385
"gamma[2]",0.95,0.5,"mean",0.762704925,0.85116225,0.906154669375,0.957974,1.07383625,17,1.01885195563385
