"parameter","outer_width","inner_width","point_est","ll","l","m","h","hh","time","rhat"
"gamma[1]",0.95,0.5,"mean",2.57395525,2.744065,2.82865997625,2.91533,3.07630775,10,1.02671090181128
"gamma[2]",0.95,0.5,"mean",0.888909175,0.9820165,1.04283528475,1.1007175,1.199381,10,1.02671090181128
