"parameter","outer_width","inner_width","point_est","ll","l","m","h","hh","time","rhat"
"gamma[1]",0.95,0.5,"mean",2.6316055,2.801755,2.8968514625,2.99237,3.169613,32,1.00706632950383
"gamma[2]",0.95,0.5,"mean",0.765520275,0.863814,0.920297634375,0.975622,1.0763805,32,1.00706632950383
