"parameter","outer_width","inner_width","point_est","ll","l","m","h","hh","time","rhat"
"gamma[1]",0.95,0.5,"mean",2.79007675,2.9558275,3.035333495,3.1134925,3.27854025,6,1.09663508081218
"gamma[2]",0.95,0.5,"mean",0.7744399,0.87896075,0.929251374875,0.97826725,1.090743,6,1.09663508081218
