"parameter","outer_width","inner_width","point_est","ll","l","m","h","hh","time","rhat"
"gamma[1]",0.95,0.5,"mean",2.71973975,2.9002375,2.992259275,3.0881825,3.27127275,13,1.01048497494598
"gamma[2]",0.95,0.5,"mean",0.867602125,0.94803425,0.9918827425,1.0315925,1.1262305,13,1.01048497494598
