"parameter","outer_width","inner_width","point_est","ll","l","m","h","hh","time","rhat"
"gamma[1]",0.95,0.5,"mean",2.56841225,2.7151675,2.78642520875,2.8597025,2.9947235,23,1.00864954914799
"gamma[2]",0.95,0.5,"mean",0.87168345,0.966679,1.015915263125,1.0639525,1.164321,23,1.00864954914799
