"parameter","outer_width","inner_width","point_est","ll","l","m","h","hh","time","rhat"
"gamma[1]",0.95,0.5,"mean",2.78347825,2.981765,3.07169522875,3.16281,3.329968,11,1.01937119999315
"gamma[2]",0.95,0.5,"mean",1.006969,1.1059275,1.155032012875,1.2050725,1.30661225,11,1.01937119999315
