"parameter","outer_width","inner_width","point_est","ll","l","m","h","hh","time","rhat"
"gamma[1]",0.95,0.5,"mean",2.8107805,3.0116475,3.10764249625,3.1991475,3.422551,13,1.46336779887279
"gamma[2]",0.95,0.5,"mean",0.72145515,0.8889075,0.953029685,1.01661,1.2158725,13,1.46336779887279
