"parameter","outer_width","inner_width","point_est","ll","l","m","h","hh","time","rhat"
"gamma[1]",0.95,0.5,"mean",2.66977975,2.84059,2.92840761,3.0110525,3.1866145,7,1.01467585703282
"gamma[2]",0.95,0.5,"mean",0.781997975,0.8769915,0.92445272075,0.971831,1.06027075,7,1.01467585703282
