"parameter","outer_width","inner_width","point_est","ll","l","m","h","hh","time","rhat"
"gamma[1]",0.95,0.5,"mean",2.697967,2.8981075,2.991776745,3.083915,3.259154,16,1.01647949424997
"gamma[2]",0.95,0.5,"mean",0.820006025,0.934973,0.986183586,1.0375125,1.130515,16,1.01647949424997
