"parameter","outer_width","inner_width","point_est","ll","l","m","h","hh","time","rhat"
"gamma[1]",0.95,0.5,"mean",2.677225,2.827385,2.916047845,3.001255,3.178226,10,1.01078723599545
"gamma[2]",0.95,0.5,"mean",0.924840575,1.0164,1.0655016965,1.1156425,1.19832775,10,1.01078723599545
