"parameter","outer_width","inner_width","point_est","ll","l","m","h","hh","time","rhat"
"gamma[1]",0.95,0.5,"mean",2.52095425,2.6870475,2.7737934275,2.861415,3.026181,10,1.02000503332331
"gamma[2]",0.95,0.5,"mean",0.62581145,0.721804,0.773827240375,0.8233515,0.9363106,10,1.02000503332331
