"parameter","outer_width","inner_width","point_est","ll","l","m","h","hh","time","rhat"
"gamma[1]",0.95,0.5,"mean",2.73924825,2.9132475,3.00177334375,3.0909975,3.26352475,9,1.01293938845968
"gamma[2]",0.95,0.5,"mean",0.768735675,0.868979,0.917696282,0.9665865,1.0698455,9,1.01293938845968
