"parameter","outer_width","inner_width","point_est","ll","l","m","h","hh","time","rhat"
"gamma[1]",0.95,0.5,"mean",2.62722525,2.80458,2.89213975125,2.983365,3.15938125,14,1.01289473460097
"gamma[2]",0.95,0.5,"mean",0.848254825,0.94968175,1.0014594185,1.0518975,1.17587525,14,1.01289473460097
