"parameter","outer_width","inner_width","point_est","ll","l","m","h","hh","time","rhat"
"gamma[1]",0.95,0.5,"mean",2.78991275,2.9713275,3.0577122825,3.1401,3.315384,13,1.00684585451214
"gamma[2]",0.95,0.5,"mean",0.952815175,1.0437975,1.100689597,1.1539675,1.26353175,13,1.00684585451214
