"parameter","outer_width","inner_width","point_est","ll","l","m","h","hh","time","rhat"
"gamma[1]",0.95,0.5,"mean",2.60192625,2.7777375,2.859605285,2.945365,3.103705,37,1.0089026472049
"gamma[2]",0.95,0.5,"mean",0.889018625,0.98542975,1.0434909725,1.0977625,1.21146125,37,1.0089026472049
