"parameter","outer_width","inner_width","point_est","ll","l","m","h","hh","time","rhat"
"gamma[1]",0.95,0.5,"mean",2.77572525,2.927095,3.022489475,3.1137425,3.2762495,10,1.01511270069593
"gamma[2]",0.95,0.5,"mean",0.799125625,0.889345,0.941301893125,0.990986,1.0900725,10,1.01511270069593
