"parameter","outer_width","inner_width","point_est","ll","l","m","h","hh","time","rhat"
"gamma[1]",0.95,0.5,"mean",2.7866045,2.952815,3.04165744875,3.1222825,3.31677425,12,1.01124316480474
"gamma[2]",0.95,0.5,"mean",1.02368925,1.1200525,1.179168499375,1.23636,1.3490625,12,1.01124316480474
