"parameter","outer_width","inner_width","point_est","ll","l","m","h","hh","time","rhat"
"gamma[1]",0.95,0.5,"mean",2.786296,2.9542675,3.04410377,3.1267925,3.32597675,14,1.0406710696744
"gamma[2]",0.95,0.5,"mean",0.712437425,0.80186675,0.846176229625,0.8919195,0.977306925,14,1.0406710696744
