"parameter","outer_width","inner_width","point_est","ll","l","m","h","hh","time","rhat"
"gamma[1]",0.95,0.5,"mean",2.7032925,2.9080375,2.99603828375,3.0950125,3.23266525,14,1.01785757913435
"gamma[2]",0.95,0.5,"mean",0.797404525,0.907593,0.9653055935,1.02193,1.15286,14,1.01785757913435
