"parameter","outer_width","inner_width","point_est","ll","l","m","h","hh","time","rhat"
"gamma[1]",0.95,0.5,"mean",2.5799075,2.755155,2.8254224625,2.8831025,3.045372,17,1.07875048722879
"gamma[2]",0.95,0.5,"mean",0.796658275,0.9198415,0.959686389875,0.99722075,1.10224175,17,1.07875048722879
