"parameter","outer_width","inner_width","point_est","ll","l","m","h","hh","time","rhat"
"gamma[1]",0.95,0.5,"mean",2.909902,3.1103075,3.2015079025,3.2968325,3.461218,14,1.03273198856848
"gamma[2]",0.95,0.5,"mean",0.897835,0.99696925,1.051562423625,1.104775,1.2033245,14,1.03273198856848
