"parameter","outer_width","inner_width","point_est","ll","l","m","h","hh","time","rhat"
"gamma[1]",0.95,0.5,"mean",2.875778,3.03572,3.13325088,3.22598,3.415511,13,1.01175195868648
"gamma[2]",0.95,0.5,"mean",0.625352175,0.72219875,0.774518403625,0.82598175,0.929453225,13,1.01175195868648
