"parameter","outer_width","inner_width","point_est","ll","l","m","h","hh","time","rhat"
"gamma[1]",0.95,0.5,"mean",2.7585955,2.936165,3.02884455125,3.1165725,3.3167005,17,1.0078104748197
"gamma[2]",0.95,0.5,"mean",0.951960775,1.04785,1.10314360425,1.156765,1.25832,17,1.0078104748197
