"parameter","outer_width","inner_width","point_est","ll","l","m","h","hh","time","rhat"
"gamma[1]",0.95,0.5,"mean",2.80076825,2.985305,3.0770596225,3.1713425,3.3348525,16,1.01742231588997
"gamma[2]",0.95,0.5,"mean",0.8206081,0.924686,0.97779146625,1.03291,1.13580875,16,1.01742231588997
