"parameter","outer_width","inner_width","point_est","ll","l","m","h","hh","time","rhat"
"gamma[1]",0.95,0.5,"mean",2.75337675,2.9363325,3.0350659475,3.1373825,3.31544,14,1.01238784977481
"gamma[2]",0.95,0.5,"mean",0.84021625,0.9303175,0.982567942875,1.03289,1.133961,14,1.01238784977481
