"parameter","outer_width","inner_width","point_est","ll","l","m","h","hh","time","rhat"
"gamma[1]",0.95,0.5,"mean",2.82484925,3.0295275,3.130716515,3.241305,3.412982,14,1.03268824478874
"gamma[2]",0.95,0.5,"mean",0.837105575,0.928762,0.976144260875,1.0213025,1.12016375,14,1.03268824478874
