"parameter","outer_width","inner_width","point_est","ll","l","m","h","hh","time","rhat"
"gamma[1]",0.95,0.5,"mean",2.70205975,2.8644475,2.96200384875,3.059305,3.1998925,10,1.01801246586582
"gamma[2]",0.95,0.5,"mean",0.724043575,0.83350325,0.884670308875,0.9385845,1.032231,10,1.01801246586582
