"parameter","outer_width","inner_width","point_est","ll","l","m","h","hh","time","rhat"
"gamma[1]",0.95,0.5,"mean",2.8388495,3.012335,3.11087475375,3.207365,3.394135,10,1.0244693290511
"gamma[2]",0.95,0.5,"mean",0.836243625,0.93400225,0.98318950225,1.0300075,1.13927825,10,1.0244693290511
