"parameter","outer_width","inner_width","point_est","ll","l","m","h","hh","time","rhat"
"gamma[1]",0.95,0.5,"mean",2.91693025,3.061945,3.15234929375,3.2476775,3.38262125,9,1.03755298333047
"gamma[2]",0.95,0.5,"mean",0.891192325,1.0188525,1.065318495875,1.1206675,1.204712,9,1.03755298333047
