"parameter","outer_width","inner_width","point_est","ll","l","m","h","hh","time","rhat"
"gamma[1]",0.95,0.5,"mean",2.77121375,2.9480925,3.05212059875,3.1546925,3.3849325,11,1.04662058075196
"gamma[2]",0.95,0.5,"mean",0.902655425,1.0065175,1.055662933375,1.1062125,1.2001665,11,1.04662058075196
