"parameter","outer_width","inner_width","point_est","ll","l","m","h","hh","time","rhat"
"gamma[1]",0.95,0.5,"mean",2.567133,2.743815,2.83492652,2.927235,3.110876,14,1.00883561377273
"gamma[2]",0.95,0.5,"mean",0.8785922,0.9779685,1.024227754625,1.0720775,1.16566125,14,1.00883561377273
