"parameter","outer_width","inner_width","point_est","ll","l","m","h","hh","time","rhat"
"gamma[1]",0.95,0.5,"mean",2.74688075,2.92422,3.01308429625,3.110305,3.2571285,13,1.02824023073973
"gamma[2]",0.95,0.5,"mean",0.88591165,1.002845,1.06193037375,1.1215975,1.22964175,13,1.02824023073973
