"parameter","outer_width","inner_width","point_est","ll","l","m","h","hh","time","rhat"
"gamma[1]",0.95,0.5,"mean",2.86453375,3.0129275,3.0977030675,3.1765625,3.359159,18,1.02501382015821
"gamma[2]",0.95,0.5,"mean",0.80297825,0.91492825,0.980333754125,1.045445,1.15446425,18,1.02501382015821
