"parameter","outer_width","inner_width","point_est","ll","l","m","h","hh","time","rhat"
"gamma[1]",0.95,0.5,"mean",2.7092185,2.92182,3.01992767625,3.122255,3.32800975,19,1.0210027165817
"gamma[2]",0.95,0.5,"mean",0.8282427,0.92471475,0.9790117425,1.032655,1.14068,19,1.0210027165817
