"parameter","outer_width","inner_width","point_est","ll","l","m","h","hh","time","rhat"
"gamma[1]",0.95,0.5,"mean",2.9012255,3.0772775,3.17175024,3.2660425,3.46854975,15,1.00665131191882
"gamma[2]",0.95,0.5,"mean",0.88359415,0.9720715,1.015385014625,1.0598,1.1446405,15,1.00665131191882
