"parameter","outer_width","inner_width","point_est","ll","l","m","h","hh","time","rhat"
"gamma[1]",0.95,0.5,"mean",2.51738725,2.6449325,2.71811103875,2.7887125,2.95063175,6,1.02594646129256
"gamma[2]",0.95,0.5,"mean",0.8154958,0.90555125,0.9507705825,0.99541125,1.0943835,6,1.02594646129256
