"parameter","outer_width","inner_width","point_est","ll","l","m","h","hh","time","rhat"
"gamma[1]",0.95,0.5,"mean",2.867435,3.0791525,3.15956633,3.24572,3.40666025,13,1.03291823164094
"gamma[2]",0.95,0.5,"mean",0.919036525,1.0169125,1.07304980525,1.125355,1.2522865,13,1.03291823164094
