"parameter","outer_width","inner_width","point_est","ll","l","m","h","hh","time","rhat"
"gamma[1]",0.95,0.5,"mean",2.536212,2.7346775,2.80759828,2.888935,3.03403675,8,1.03321665351351
"gamma[2]",0.95,0.5,"mean",0.764062,0.8666045,0.916854472125,0.966288,1.065096,8,1.03321665351351
