"parameter","outer_width","inner_width","point_est","ll","l","m","h","hh","time","rhat"
"gamma[1]",0.95,0.5,"mean",2.71788725,2.888695,2.971134805,3.0516025,3.257045,13,1.0266363745722
"gamma[2]",0.95,0.5,"mean",1.020617,1.1295325,1.1879164015,1.2460825,1.3544105,13,1.0266363745722
