"parameter","outer_width","inner_width","point_est","ll","l","m","h","hh","time","rhat"
"gamma[1]",0.95,0.5,"mean",2.86457275,3.0186625,3.10428994875,3.1892125,3.32766675,6,1.05319448580762
"gamma[2]",0.95,0.5,"mean",0.784215425,0.88792525,0.946208805375,1.007355,1.10193225,6,1.05319448580762
