"parameter","outer_width","inner_width","point_est","ll","l","m","h","hh","time","rhat"
"gamma[1]",0.95,0.5,"mean",2.73125725,2.9028775,2.98117649375,3.0616075,3.21392275,11,1.01117790627752
"gamma[2]",0.95,0.5,"mean",0.643351875,0.75457775,0.80900761475,0.86483125,0.982546375,11,1.01117790627752
