"parameter","outer_width","inner_width","point_est","ll","l","m","h","hh","time","rhat"
"gamma[1]",0.95,0.5,"mean",2.8790035,3.05711,3.13653876125,3.2164975,3.392557,9,1.01875409714602
"gamma[2]",0.95,0.5,"mean",0.7684441,0.8609085,0.906131802,0.95315175,1.039921,9,1.01875409714602
