"parameter","outer_width","inner_width","point_est","ll","l","m","h","hh","time","rhat"
"gamma[1]",0.95,0.5,"mean",2.87815975,3.09292,3.18668335875,3.2854225,3.4735205,13,1.01646531507346
"gamma[2]",0.95,0.5,"mean",0.913699075,0.999033,1.05459010625,1.108325,1.21017275,13,1.01646531507346
