"parameter","outer_width","inner_width","point_est","ll","l","m","h","hh","time","rhat"
"gamma[1]",0.95,0.5,"mean",2.79297825,2.9949925,3.0929409875,3.196485,3.35021725,8,1.03807148229519
"gamma[2]",0.95,0.5,"mean",0.871256825,0.97107525,1.02089521275,1.07087,1.1656405,8,1.03807148229519
