"parameter","outer_width","inner_width","point_est","ll","l","m","h","hh","time","rhat"
"gamma[1]",0.95,0.5,"mean",2.496439,2.66482,2.76061689625,2.8516775,3.047761,13,1.02610393215199
"gamma[2]",0.95,0.5,"mean",0.8241667,0.92832675,0.979810470125,1.0326325,1.127553,13,1.02610393215199
