"parameter","outer_width","inner_width","point_est","ll","l","m","h","hh","time","rhat"
"gamma[1]",0.95,0.5,"mean",2.60767975,2.805595,2.91944648375,3.0306925,3.259334,14,1.00955037821516
"gamma[2]",0.95,0.5,"mean",0.86267805,0.97883825,1.029835149125,1.0836925,1.193652,14,1.00955037821516
