"parameter","outer_width","inner_width","point_est","ll","l","m","h","hh","time","rhat"
"gamma[1]",0.95,0.5,"mean",2.89776475,3.0545,3.13618189375,3.216705,3.39179725,12,1.01108594681107
"gamma[2]",0.95,0.5,"mean",0.8936546,0.99148475,1.044358197125,1.096155,1.1960325,12,1.01108594681107
