"parameter","outer_width","inner_width","point_est","ll","l","m","h","hh","time","rhat"
"gamma[1]",0.95,0.5,"mean",2.800452,2.930795,3.0097543575,3.0863125,3.21761025,8,1.0185030346275
"gamma[2]",0.95,0.5,"mean",0.877120125,0.97755375,1.027903387375,1.07635,1.176194,8,1.0185030346275
