"parameter","outer_width","inner_width","point_est","ll","l","m","h","hh","time","rhat"
"gamma[1]",0.95,0.5,"mean",2.8838085,3.04175,3.1358385725,3.227315,3.4143415,13,1.00884969871371
"gamma[2]",0.95,0.5,"mean",0.832760225,0.95189475,1.0059786015,1.0645875,1.16922125,13,1.00884969871371
