"parameter","outer_width","inner_width","point_est","ll","l","m","h","hh","time","rhat"
"gamma[1]",0.95,0.5,"mean",2.76660725,2.8951675,2.9690096075,3.038305,3.20006875,11,1.01452430605319
"gamma[2]",0.95,0.5,"mean",0.843260925,0.95421525,1.00945994875,1.06435,1.17059075,11,1.01452430605319
