"parameter","outer_width","inner_width","point_est","ll","l","m","h","hh","time","rhat"
"gamma[1]",0.95,0.5,"mean",2.83976,3.02547,3.12233126125,3.221405,3.403939,13,1.01201050046357
"gamma[2]",0.95,0.5,"mean",1.070219,1.176825,1.234205059875,1.2911775,1.4121425,13,1.01201050046357
