"parameter","outer_width","inner_width","point_est","ll","l","m","h","hh","time","rhat"
"gamma[1]",0.95,0.5,"mean",2.6842395,2.8573875,2.94571071875,3.0381925,3.21394875,13,1.01417323542053
"gamma[2]",0.95,0.5,"mean",0.87301615,0.9773795,1.0332357215,1.09017,1.18569,13,1.01417323542053
