"parameter","outer_width","inner_width","point_est","ll","l","m","h","hh","time","rhat"
"gamma[1]",0.95,0.5,"mean",2.8620465,3.01472,3.103389755,3.185075,3.41413625,8,1.02040889822112
"gamma[2]",0.95,0.5,"mean",0.819313375,0.9436225,0.99508311275,1.04774,1.15367,8,1.02040889822112
