"parameter","outer_width","inner_width","point_est","ll","l","m","h","hh","time","rhat"
"gamma[1]",0.95,0.5,"mean",2.713161,2.8947175,2.9753502775,3.05828,3.21672275,15,1.01786868838502
"gamma[2]",0.95,0.5,"mean",0.8107933,0.90323525,0.948924881,0.993378,1.08857325,15,1.01786868838502
