"parameter","outer_width","inner_width","point_est","ll","l","m","h","hh","time","rhat"
"gamma[1]",0.95,0.5,"mean",2.75220525,2.949485,3.032128245,3.11938,3.31222,7,1.03721118444762
"gamma[2]",0.95,0.5,"mean",1.022649,1.12203,1.18294336075,1.2414125,1.358461,7,1.03721118444762
