"parameter","outer_width","inner_width","point_est","ll","l","m","h","hh","time","rhat"
"gamma[1]",0.95,0.5,"mean",2.573598,2.7430975,2.8340654475,2.9242325,3.08397375,10,1.02349619588143
"gamma[2]",0.95,0.5,"mean",0.874485075,0.9765665,1.030326005625,1.08455,1.182979,10,1.02349619588143
