"parameter","outer_width","inner_width","point_est","ll","l","m","h","hh","time","rhat"
"gamma[1]",0.95,0.5,"mean",2.747112,2.941695,3.02295672125,3.1120325,3.2755265,11,1.01486444490375
"gamma[2]",0.95,0.5,"mean",0.797208075,0.90084975,0.949242730875,0.9991325,1.08806075,11,1.01486444490375
