"parameter","outer_width","inner_width","point_est","ll","l","m","h","hh","time","rhat"
"gamma[1]",0.95,0.5,"mean",2.74154875,2.9095025,2.992934385,3.0822825,3.22467075,17,1.01900840517075
"gamma[2]",0.95,0.5,"mean",0.807517725,0.90391225,0.96143419475,1.0174925,1.127485,17,1.01900840517075
