"parameter","outer_width","inner_width","point_est","ll","l","m","h","hh","time","rhat"
"gamma[1]",0.95,0.5,"mean",2.92616775,3.0859075,3.16682010875,3.2480025,3.40986375,18,1.00441418729264
"gamma[2]",0.95,0.5,"mean",0.73778695,0.84478325,0.8975819615,0.95063825,1.056546,18,1.00441418729264
