"parameter","outer_width","inner_width","point_est","ll","l","m","h","hh","time","rhat"
"gamma[1]",0.95,0.5,"mean",2.61099775,2.7474725,2.83544228625,2.9195175,3.084,12,1.03433885621452
"gamma[2]",0.95,0.5,"mean",0.796792,0.89684,0.950821762375,1.0056675,1.10644625,12,1.03433885621452
