"parameter","outer_width","inner_width","point_est","ll","l","m","h","hh","time","rhat"
"gamma[1]",0.95,0.5,"mean",2.465838,2.6468575,2.74078273375,2.8350425,2.99531625,16,1.00668970229287
"gamma[2]",0.95,0.5,"mean",0.89180365,0.98603675,1.036671840625,1.08735,1.183542,16,1.00668970229287
