"parameter","outer_width","inner_width","point_est","ll","l","m","h","hh","time","rhat"
"gamma[1]",0.95,0.5,"mean",2.685635,2.86859,2.922041555,2.9937075,3.17864075,14,1.44983605095157
"gamma[2]",0.95,0.5,"mean",0.995974075,1.0888875,1.136014673875,1.18704,1.23819575,14,1.44983605095157
