"parameter","outer_width","inner_width","point_est","ll","l","m","h","hh","time","rhat"
"gamma[1]",0.95,0.5,"mean",2.71812275,2.91386,3.01080502875,3.1101425,3.2852955,11,1.01372277750043
"gamma[2]",0.95,0.5,"mean",0.686658375,0.81279925,0.875372315875,0.93999775,1.05369625,11,1.01372277750043
