"parameter","outer_width","inner_width","point_est","ll","l","m","h","hh","time","rhat"
"gamma[1]",0.95,0.5,"mean",2.66584175,2.839045,2.94079068125,3.04373,3.21851125,11,1.01507181350587
"gamma[2]",0.95,0.5,"mean",0.839469975,0.95216825,1.01363518875,1.07143,1.18712225,11,1.01507181350587
