"parameter","outer_width","inner_width","point_est","ll","l","m","h","hh","time","rhat"
"gamma[1]",0.95,0.5,"mean",2.627256,2.7891075,2.8778184375,2.966155,3.1342995,14,1.01248577827991
"gamma[2]",0.95,0.5,"mean",0.877300675,0.96435175,1.0152710415,1.0636125,1.17013125,14,1.01248577827991
