"parameter","outer_width","inner_width","point_est","ll","l","m","h","hh","time","rhat"
"gamma[1]",0.95,0.5,"mean",2.90635575,3.0834875,3.16098657375,3.23741,3.410138,10,1.01853634284361
"gamma[2]",0.95,0.5,"mean",0.901762325,1.0118275,1.062325252,1.1143725,1.20648,10,1.01853634284361
