"parameter","outer_width","inner_width","point_est","ll","l","m","h","hh","time","rhat"
"gamma[1]",0.95,0.5,"mean",2.748997,2.934835,3.02771083,3.1245225,3.29013675,16,1.01027080155365
"gamma[2]",0.95,0.5,"mean",0.73887735,0.837806,0.895260169875,0.9530065,1.06301925,16,1.01027080155365
