"parameter","outer_width","inner_width","point_est","ll","l","m","h","hh","time","rhat"
"gamma[1]",0.95,0.5,"mean",2.8333385,3.03757,3.1288569225,3.224645,3.40326275,13,1.01283815815168
"gamma[2]",0.95,0.5,"mean",0.8488917,0.9474795,1.008891685625,1.066885,1.17221025,13,1.01283815815168
