"parameter","outer_width","inner_width","point_est","ll","l","m","h","hh","time","rhat"
"gamma[1]",0.95,0.5,"mean",2.804185,2.9889775,3.1011913025,3.2115925,3.40805325,13,1.01173866636178
"gamma[2]",0.95,0.5,"mean",0.9140074,1.00775,1.060998624,1.1159725,1.2229915,13,1.01173866636178
