"parameter","outer_width","inner_width","point_est","ll","l","m","h","hh","time","rhat"
"gamma[1]",0.95,0.5,"mean",2.9604715,3.150535,3.24017085875,3.3358075,3.48837825,14,1.03396855087455
"gamma[2]",0.95,0.5,"mean",0.843740125,0.94712075,0.992647014625,1.0400925,1.12378325,14,1.03396855087455
