"parameter","outer_width","inner_width","point_est","ll","l","m","h","hh","time","rhat"
"gamma[1]",0.95,0.5,"mean",2.647944,2.8512225,2.94293463625,3.042625,3.2188005,11,1.03866660604109
"gamma[2]",0.95,0.5,"mean",0.968640025,1.0601325,1.107839683625,1.1556475,1.24453175,11,1.03866660604109
