"parameter","outer_width","inner_width","point_est","ll","l","m","h","hh","time","rhat"
"gamma[1]",0.95,0.5,"mean",2.72443975,2.893875,2.98208335125,3.06903,3.219594,10,1.01375049711373
"gamma[2]",0.95,0.5,"mean",0.9305445,1.03656,1.085000896875,1.1346625,1.242853,10,1.01375049711373
