"parameter","outer_width","inner_width","point_est","ll","l","m","h","hh","time","rhat"
"gamma[1]",0.95,0.5,"mean",2.83021275,2.993685,3.07439645625,3.1606025,3.3297205,14,1.00946453048661
"gamma[2]",0.95,0.5,"mean",1.02428825,1.119995,1.179510597375,1.23854,1.34600325,14,1.00946453048661
