"parameter","outer_width","inner_width","point_est","ll","l","m","h","hh","time","rhat"
"gamma[1]",0.95,0.5,"mean",2.623399,2.81653,2.89368861125,2.97582,3.139671,16,1.00967276734913
"gamma[2]",0.95,0.5,"mean",0.87558915,0.972431,1.026691309625,1.0806425,1.18409125,16,1.00967276734913
