"parameter","outer_width","inner_width","point_est","ll","l","m","h","hh","time","rhat"
"gamma[1]",0.95,0.5,"mean",3.113818,3.373515,3.471445255,3.5790025,3.75959425,8,1.04152292346444
"gamma[2]",0.95,0.5,"mean",0.786239175,0.87560225,0.92610055375,0.97662525,1.07218375,8,1.04152292346444
