"parameter","outer_width","inner_width","point_est","ll","l","m","h","hh","time","rhat"
"gamma[1]",0.95,0.5,"mean",2.64329475,2.8742425,2.9692531466625,3.0775675,3.3007005,25,1.05330438004878
"gamma[2]",0.95,0.5,"mean",0.83769805,1.0138975,1.05084936984612,1.11784,1.2737125,25,1.05330438004878
