"parameter","outer_width","inner_width","point_est","ll","l","m","h","hh","time","rhat"
"gamma[1]",0.95,0.5,"mean",2.51186775,2.71081,2.806449015,2.900515,3.0960025,16,1.01223518286515
"gamma[2]",0.95,0.5,"mean",0.949386825,1.0471,1.10341274375,1.15841,1.261193,16,1.01223518286515
