"parameter","outer_width","inner_width","point_est","ll","l","m","h","hh","time","rhat"
"gamma[1]",0.95,0.5,"mean",2.63319575,2.803505,2.891040625,2.9789825,3.140013,14,1.01958084515291
"gamma[2]",0.95,0.5,"mean",1.00770775,1.102215,1.152400301125,1.20268,1.29459525,14,1.01958084515291
