"parameter","outer_width","inner_width","point_est","ll","l","m","h","hh","time","rhat"
"gamma[1]",0.95,0.5,"mean",2.8477485,3.01036,3.09650841,3.18265,3.34046075,7,1.03135414323075
"gamma[2]",0.95,0.5,"mean",0.92306255,1.0084525,1.06026455625,1.110765,1.20486275,7,1.03135414323075
