"parameter","outer_width","inner_width","point_est","ll","l","m","h","hh","time","rhat"
"gamma[1]",0.95,0.5,"mean",2.61113675,2.7904025,2.89194200125,2.9911475,3.18299225,16,1.00868086811578
"gamma[2]",0.95,0.5,"mean",0.861362225,0.96292775,1.012831799625,1.062605,1.15408175,16,1.00868086811578
