"parameter","outer_width","inner_width","point_est","ll","l","m","h","hh","time","rhat"
"gamma[1]",0.95,0.5,"mean",2.6205855,2.761955,2.85604232625,2.93873,3.11285575,8,1.0396927643074
"gamma[2]",0.95,0.5,"mean",0.828527825,0.9351085,0.986982798125,1.03794,1.14697175,8,1.0396927643074
