"parameter","outer_width","inner_width","point_est","ll","l","m","h","hh","time","rhat"
"gamma[1]",0.95,0.5,"mean",2.955705,3.088615,3.1551274275,3.2201575,3.344551,12,1.00142658240693
"gamma[2]",0.95,0.5,"mean",0.958836425,1.04457,1.087666561875,1.1310425,1.21610125,12,1.00142658240693
"gamma[3]",0.95,0.5,"mean",0.184151125,0.2059855,0.217680994375,0.229282,0.251736375,12,1.00142658240693
"gamma[4]",0.95,0.5,"mean",0.1728574,0.199893,0.214506281875,0.22891725,0.25698475,12,1.00142658240693
"gamma[5]",0.95,0.5,"mean",0.005555351,0.0308727,0.0443509429834,0.057528225,0.083729285,12,1.00142658240693
"gamma[6]",0.95,0.5,"mean",0.263958425,0.29061625,0.30494390875,0.3192025,0.347273375,12,1.00142658240693
"gamma[7]",0.95,0.5,"mean",-1.915484,-1.80754,-1.756323955,-1.7027925,-1.608486,12,1.00142658240693
"gamma[8]",0.95,0.5,"mean",-1.56500425,-1.463255,-1.4111020925,-1.35848,-1.261134,12,1.00142658240693
