"parameter","outer_width","inner_width","point_est","ll","l","m","h","hh","time","rhat"
"gamma[1]",0.95,0.5,"mean",2.84392175,2.9790275,3.04796933625,3.1195225,3.25058775,11,1.00156371258256
"gamma[2]",0.95,0.5,"mean",0.9021585,0.97833575,1.01602423625,1.054195,1.1260215,11,1.00156371258256
"gamma[3]",0.95,0.5,"mean",0.138498925,0.16117225,0.17219814175,0.1835095,0.2045132,11,1.00156371258256
"gamma[4]",0.95,0.5,"mean",0.19259635,0.21773375,0.230467670125,0.2432345,0.267252125,11,1.00156371258256
"gamma[5]",0.95,0.5,"mean",0.0328126925,0.05802175,0.07051566818125,0.083229325,0.107551025,11,1.00156371258256
"gamma[6]",0.95,0.5,"mean",0.25757495,0.28696825,0.301830627875,0.31672125,0.346569525,11,1.00156371258256
"gamma[7]",0.95,0.5,"mean",-1.67486125,-1.555375,-1.493945475,-1.4323475,-1.32193175,11,1.00156371258256
"gamma[8]",0.95,0.5,"mean",-1.57353325,-1.47717,-1.426184085,-1.3750575,-1.28064675,11,1.00156371258256
