"parameter","outer_width","inner_width","point_est","ll","l","m","h","hh","time","rhat"
"gamma[1]",0.95,0.5,"mean",2.777686,2.89952,2.96735643875,3.033475,3.168005,8,1.00278268516929
"gamma[2]",0.95,0.5,"mean",0.88300115,0.95739725,0.99417095125,1.0320075,1.098095,8,1.00278268516929
"gamma[3]",0.95,0.5,"mean",0.19243375,0.2217645,0.235739034125,0.2502265,0.2783413,8,1.00278268516929
"gamma[4]",0.95,0.5,"mean",0.19246895,0.2167455,0.22800552875,0.2397945,0.26177935,8,1.00278268516929
"gamma[5]",0.95,0.5,"mean",0.0324792425,0.061221475,0.07737454777875,0.092855525,0.124413575,8,1.00278268516929
"gamma[6]",0.95,0.5,"mean",0.258646925,0.28802375,0.303624200375,0.31908125,0.350159525,8,1.00278268516929
"gamma[7]",0.95,0.5,"mean",-1.77633025,-1.67191,-1.61580435625,-1.55978,-1.4540585,8,1.00278268516929
"gamma[8]",0.95,0.5,"mean",-1.6233815,-1.5109925,-1.44963731375,-1.3899125,-1.27630225,8,1.00278268516929
