"parameter","outer_width","inner_width","point_est","ll","l","m","h","hh","time","rhat"
"gamma[1]",0.95,0.5,"mean",2.883489,3.0045875,3.06835938875,3.13146,3.24973625,10,1.00187921355421
"gamma[2]",0.95,0.5,"mean",0.84545965,0.9160675,0.955298740625,0.993488,1.07228475,10,1.00187921355421
"gamma[3]",0.95,0.5,"mean",0.18683795,0.2104675,0.222150225875,0.23413925,0.256747175,10,1.00187921355421
"gamma[4]",0.95,0.5,"mean",0.20904095,0.23626125,0.2504989875,0.2646195,0.291932275,10,1.00187921355421
"gamma[5]",0.95,0.5,"mean",0.00622563200000001,0.03195655,0.045548609638375,0.059146425,0.0860534525,10,1.00187921355421
"gamma[6]",0.95,0.5,"mean",0.29349955,0.32217375,0.337047496,0.351833,0.3818562,10,1.00187921355421
"gamma[7]",0.95,0.5,"mean",-1.8550475,-1.7579825,-1.7027606175,-1.6495325,-1.54215675,10,1.00187921355421
"gamma[8]",0.95,0.5,"mean",-1.524563,-1.430255,-1.38221750875,-1.3333825,-1.241347,10,1.00187921355421
