"parameter","outer_width","inner_width","point_est","ll","l","m","h","hh","time","rhat"
"gamma[1]",0.95,0.5,"mean",2.7587175,2.8930575,2.9606817875,3.0278575,3.158857,11,1.00127511304661
"gamma[2]",0.95,0.5,"mean",0.90699685,0.97669575,1.013259308625,1.0490625,1.12032475,11,1.00127511304661
"gamma[3]",0.95,0.5,"mean",0.1313944,0.158995,0.1736121074875,0.18835575,0.215341025,11,1.00127511304661
"gamma[4]",0.95,0.5,"mean",0.228569575,0.25774475,0.272098086,0.28720025,0.31429405,11,1.00127511304661
"gamma[5]",0.95,0.5,"mean",0.00861682225,0.03059485,0.0429004125616125,0.055235675,0.07731027,11,1.00127511304661
"gamma[6]",0.95,0.5,"mean",0.254838725,0.28671275,0.302850261375,0.31888575,0.351474275,11,1.00127511304661
"gamma[7]",0.95,0.5,"mean",-1.69424225,-1.589085,-1.5355639975,-1.48165,-1.376118,11,1.00127511304661
"gamma[8]",0.95,0.5,"mean",-1.64589075,-1.547635,-1.50219438625,-1.4544525,-1.3645465,11,1.00127511304661
