"parameter","outer_width","inner_width","point_est","ll","l","m","h","hh","time","rhat"
"gamma[1]",0.95,0.5,"mean",2.9605025,3.10002,3.1622140225,3.2269725,3.350978,11,1.00127195547802
"gamma[2]",0.95,0.5,"mean",0.898171925,0.97643975,1.01409677275,1.051365,1.13037075,11,1.00127195547802
"gamma[3]",0.95,0.5,"mean",0.13320505,0.1576465,0.1699314114875,0.18216275,0.20610295,11,1.00127195547802
"gamma[4]",0.95,0.5,"mean",0.228611125,0.254317,0.26695693125,0.27981925,0.304234925,11,1.00127195547802
"gamma[5]",0.95,0.5,"mean",0.0316825225,0.0581287,0.070786126685,0.08360635,0.1087671,11,1.00127195547802
"gamma[6]",0.95,0.5,"mean",0.25202215,0.2827795,0.297324128,0.312603,0.34045325,11,1.00127195547802
"gamma[7]",0.95,0.5,"mean",-1.65236025,-1.565635,-1.51976932375,-1.4733175,-1.3873685,11,1.00127195547802
"gamma[8]",0.95,0.5,"mean",-1.6127925,-1.511955,-1.45743995375,-1.404005,-1.29943875,11,1.00127195547802
