"parameter","outer_width","inner_width","point_est","ll","l","m","h","hh","time","rhat"
"gamma[1]",0.95,0.5,"mean",2.5905095,2.7269675,2.79267528875,2.857765,2.995925,12,1.0011077190191
"gamma[2]",0.95,0.5,"mean",0.966086975,1.046665,1.090102149125,1.132765,1.2149005,12,1.0011077190191
"gamma[3]",0.95,0.5,"mean",0.1738987,0.197621,0.20950858375,0.22152125,0.244065075,12,1.0011077190191
"gamma[4]",0.95,0.5,"mean",0.233114525,0.26121425,0.27516314475,0.28883325,0.31671815,12,1.0011077190191
"gamma[5]",0.95,0.5,"mean",0.00900650400000001,0.036882775,0.05128198483275,0.065806275,0.093256005,12,1.0011077190191
"gamma[6]",0.95,0.5,"mean",0.252519325,0.278623,0.292043072125,0.30555475,0.331827125,12,1.0011077190191
"gamma[7]",0.95,0.5,"mean",-1.71718,-1.6113875,-1.55856656375,-1.5048075,-1.40361525,12,1.0011077190191
"gamma[8]",0.95,0.5,"mean",-1.4899945,-1.3933525,-1.3392120825,-1.285985,-1.18336425,12,1.0011077190191
