"parameter","outer_width","inner_width","point_est","ll","l","m","h","hh","time","rhat"
"gamma[1]",0.95,0.5,"mean",2.927063,3.0516075,3.11586211625,3.1826675,3.29286175,9,1.00201119324125
"gamma[2]",0.95,0.5,"mean",0.8392354,0.91909125,0.963216485625,1.00657,1.087251,9,1.00201119324125
"gamma[3]",0.95,0.5,"mean",0.16658015,0.191081,0.203635609375,0.21661325,0.2413465,9,1.00201119324125
"gamma[4]",0.95,0.5,"mean",0.23375025,0.260062,0.273604966,0.2872635,0.31269605,9,1.00201119324125
"gamma[5]",0.95,0.5,"mean",0.01490714,0.04320865,0.0570295422602,0.071137975,0.0964465725,9,1.00201119324125
"gamma[6]",0.95,0.5,"mean",0.2682769,0.302048,0.318064840875,0.33464225,0.364778025,9,1.00201119324125
"gamma[7]",0.95,0.5,"mean",-1.713095,-1.62447,-1.5771193025,-1.531425,-1.43932575,9,1.00201119324125
"gamma[8]",0.95,0.5,"mean",-1.54820175,-1.4489075,-1.39556828875,-1.3432475,-1.23922225,9,1.00201119324125
