"parameter","outer_width","inner_width","point_est","ll","l","m","h","hh","time","rhat"
"gamma[1]",0.95,0.5,"mean",2.71657225,2.844365,2.91381596375,2.981755,3.1178565,16,1.00113089100385
"gamma[2]",0.95,0.5,"mean",0.902007175,0.9680595,1.003154965,1.0379725,1.1037625,16,1.00113089100385
"gamma[3]",0.95,0.5,"mean",0.150942675,0.17800675,0.19231865,0.20662525,0.232323175,16,1.00113089100385
"gamma[4]",0.95,0.5,"mean",0.1746621,0.203123,0.21712603075,0.23162075,0.258104025,16,1.00113089100385
"gamma[5]",0.95,0.5,"mean",0.0103744975,0.040838975,0.0556912394392875,0.07035715,0.0995821425,16,1.00113089100385
"gamma[6]",0.95,0.5,"mean",0.243341325,0.2683125,0.28229166275,0.29627475,0.319942775,16,1.00113089100385
"gamma[7]",0.95,0.5,"mean",-1.84311,-1.7531,-1.70540508875,-1.65875,-1.5628395,16,1.00113089100385
"gamma[8]",0.95,0.5,"mean",-1.60235725,-1.5119325,-1.4632450125,-1.414475,-1.32577775,16,1.00113089100385
