"parameter","outer_width","inner_width","point_est","ll","l","m","h","hh","time","rhat"
"gamma[1]",0.95,0.5,"mean",2.73445975,2.8685075,2.93639517625,3.0028525,3.1349335,9,1.0017207444328
"gamma[2]",0.95,0.5,"mean",0.7947623,0.8733985,0.909745483,0.947504,1.0145015,9,1.0017207444328
"gamma[3]",0.95,0.5,"mean",0.187834425,0.21240775,0.22534787025,0.2381345,0.2638871,9,1.0017207444328
"gamma[4]",0.95,0.5,"mean",0.203723675,0.2315145,0.245947877,0.26058775,0.288574875,9,1.0017207444328
"gamma[5]",0.95,0.5,"mean",-0.00430134649999999,0.022666375,0.037026473985875,0.051312325,0.0796515175,9,1.0017207444328
"gamma[6]",0.95,0.5,"mean",0.2412177,0.26720225,0.28176941525,0.295892,0.323718575,9,1.0017207444328
"gamma[7]",0.95,0.5,"mean",-1.79749125,-1.7008575,-1.64679537375,-1.5941675,-1.4862285,9,1.0017207444328
"gamma[8]",0.95,0.5,"mean",-1.561263,-1.453135,-1.3986740625,-1.3439975,-1.243393,9,1.0017207444328
