"parameter","outer_width","inner_width","point_est","ll","l","m","h","hh","time","rhat"
"gamma[1]",0.95,0.5,"mean",2.80928825,2.941235,3.0084369525,3.07526,3.21510175,12,1.00237350023863
"gamma[2]",0.95,0.5,"mean",0.88192165,0.95622125,0.99991306275,1.04277,1.128252,12,1.00237350023863
"gamma[3]",0.95,0.5,"mean",0.1674829,0.190262,0.202231627,0.21430075,0.2370445,12,1.00237350023863
"gamma[4]",0.95,0.5,"mean",0.192613625,0.2202175,0.235068712625,0.2494825,0.27847975,12,1.00237350023863
"gamma[5]",0.95,0.5,"mean",0.00748526225,0.0332632,0.0468617406130937,0.060343225,0.0858330199999999,12,1.00237350023863
"gamma[6]",0.95,0.5,"mean",0.228507375,0.257672,0.272645174,0.287742,0.316806025,12,1.00237350023863
"gamma[7]",0.95,0.5,"mean",-1.912091,-1.8039925,-1.7517784025,-1.6987,-1.5991795,12,1.00237350023863
"gamma[8]",0.95,0.5,"mean",-1.70146675,-1.596995,-1.545987355,-1.494625,-1.3896845,12,1.00237350023863
