"parameter","outer_width","inner_width","point_est","ll","l","m","h","hh","time","rhat"
"gamma[1]",0.95,0.5,"mean",2.78517025,2.922355,2.9926769425,3.0629825,3.198367,11,1.00123358470704
"gamma[2]",0.95,0.5,"mean",0.9228607,1.006505,1.045927985,1.08733,1.16517075,11,1.00123358470704
"gamma[3]",0.95,0.5,"mean",0.15960725,0.184814,0.197888427125,0.21109625,0.236100475,11,1.00123358470704
"gamma[4]",0.95,0.5,"mean",0.221948975,0.24985425,0.26454737625,0.27950375,0.308210075,11,1.00123358470704
"gamma[5]",0.95,0.5,"mean",-0.0417699,-0.0119644,0.00237506751919875,0.016615475,0.044897455,11,1.00123358470704
"gamma[6]",0.95,0.5,"mean",0.25696795,0.281133,0.293257613375,0.30563475,0.32760835,11,1.00123358470704
"gamma[7]",0.95,0.5,"mean",-1.93871425,-1.84507,-1.79873623125,-1.752305,-1.660878,11,1.00123358470704
"gamma[8]",0.95,0.5,"mean",-1.389061,-1.2938625,-1.24459411575,-1.19523,-1.1001865,11,1.00123358470704
