"parameter","outer_width","inner_width","point_est","ll","l","m","h","hh","time","rhat"
"gamma[1]",0.95,0.5,"mean",2.698149,2.819805,2.8856901875,2.9509675,3.077548,11,1.00151793366142
"gamma[2]",0.95,0.5,"mean",0.805158625,0.891177,0.93241924975,0.97466775,1.0487915,11,1.00151793366142
"gamma[3]",0.95,0.5,"mean",0.14248755,0.16820875,0.180928868375,0.1937435,0.2188847,11,1.00151793366142
"gamma[4]",0.95,0.5,"mean",0.2297437,0.25507075,0.268656126,0.28249625,0.308331025,11,1.00151793366142
"gamma[5]",0.95,0.5,"mean",-0.013533855,0.00934204,0.0214837306611963,0.033440075,0.0574989275,11,1.00151793366142
"gamma[6]",0.95,0.5,"mean",0.2597414,0.29142375,0.307919217625,0.32433425,0.35436555,11,1.00151793366142
"gamma[7]",0.95,0.5,"mean",-1.77551625,-1.6682425,-1.61158471625,-1.556655,-1.4498245,11,1.00151793366142
"gamma[8]",0.95,0.5,"mean",-1.6667645,-1.56985,-1.51885942125,-1.4674175,-1.372629,11,1.00151793366142
