"parameter","outer_width","inner_width","point_est","ll","l","m","h","hh","time","rhat"
"gamma[1]",0.95,0.5,"mean",2.755362,2.881605,2.95076447375,3.0216225,3.146032,12,1.00114618741244
"gamma[2]",0.95,0.5,"mean",0.9066488,0.98625,1.0255452,1.06622,1.14069,12,1.00114618741244
"gamma[3]",0.95,0.5,"mean",0.136334275,0.16018375,0.1727975288875,0.18547025,0.2090741,12,1.00114618741244
"gamma[4]",0.95,0.5,"mean",0.196037125,0.22337725,0.2382370025,0.253262,0.2799636,12,1.00114618741244
"gamma[5]",0.95,0.5,"mean",-0.0250523975,-0.002657975,0.00920446471375975,0.020987775,0.04447845,12,1.00114618741244
"gamma[6]",0.95,0.5,"mean",0.2500003,0.27784275,0.291785116,0.3058285,0.333631375,12,1.00114618741244
"gamma[7]",0.95,0.5,"mean",-1.7315715,-1.61452,-1.55514923375,-1.4963175,-1.3759475,12,1.00114618741244
"gamma[8]",0.95,0.5,"mean",-1.61081525,-1.498585,-1.438014135,-1.3781875,-1.2634575,12,1.00114618741244
