"parameter","outer_width","inner_width","point_est","ll","l","m","h","hh","time","rhat"
"gamma[1]",0.95,0.5,"mean",2.75734425,2.87225,2.9376314425,3.00168,3.12430425,10,1.00093907500676
"gamma[2]",0.95,0.5,"mean",0.976282325,1.0524575,1.094020927875,1.1350225,1.21964,10,1.00093907500676
"gamma[3]",0.95,0.5,"mean",0.1868257,0.211638,0.2241399895,0.23684025,0.260255875,10,1.00093907500676
"gamma[4]",0.95,0.5,"mean",0.20323445,0.227788,0.240190204625,0.25289425,0.2762857,10,1.00093907500676
"gamma[5]",0.95,0.5,"mean",0.000890134350000003,0.028940925,0.044174588305175,0.05879135,0.0888901575,10,1.00093907500676
"gamma[6]",0.95,0.5,"mean",0.260324875,0.286824,0.300269532875,0.31354425,0.33976185,10,1.00093907500676
"gamma[7]",0.95,0.5,"mean",-1.82919075,-1.7289725,-1.67871107,-1.62641,-1.528666,10,1.00093907500676
"gamma[8]",0.95,0.5,"mean",-1.51593175,-1.4061925,-1.3519577225,-1.2973275,-1.19321825,10,1.00093907500676
