"parameter","outer_width","inner_width","point_est","ll","l","m","h","hh","time","rhat"
"gamma[1]",0.95,0.5,"mean",2.78776025,2.917175,2.99097983125,3.0621325,3.20146175,13,1.00180233077566
"gamma[2]",0.95,0.5,"mean",0.935513625,1.0233675,1.064674360625,1.1075325,1.19033575,13,1.00180233077566
"gamma[3]",0.95,0.5,"mean",0.1446214,0.1690215,0.18151960075,0.1938645,0.217891175,13,1.00180233077566
"gamma[4]",0.95,0.5,"mean",0.205610925,0.231387,0.24441477875,0.257625,0.282597925,13,1.00180233077566
"gamma[5]",0.95,0.5,"mean",0.01219009,0.036817175,0.0497178258861838,0.062810625,0.0870751775,13,1.00180233077566
"gamma[6]",0.95,0.5,"mean",0.2642728,0.290472,0.3045776355,0.31838025,0.3457552,13,1.00180233077566
"gamma[7]",0.95,0.5,"mean",-1.87366075,-1.7778725,-1.72766377125,-1.67838,-1.5803485,13,1.00180233077566
"gamma[8]",0.95,0.5,"mean",-1.64877525,-1.53727,-1.4791948,-1.42146,-1.30962,13,1.00180233077566
