"parameter","outer_width","inner_width","point_est","ll","l","m","h","hh","time","rhat"
"gamma[1]",0.95,0.5,"mean",2.7378995,2.856705,2.92396349875,2.9893975,3.1261125,9,1.00350833023407
"gamma[2]",0.95,0.5,"mean",0.93868035,1.011815,1.051894819625,1.089355,1.17488025,9,1.00350833023407
"gamma[3]",0.95,0.5,"mean",0.173185875,0.199707,0.213610561375,0.2278715,0.254458375,9,1.00350833023407
"gamma[4]",0.95,0.5,"mean",0.221221475,0.245912,0.2586859535,0.271688,0.295272225,9,1.00350833023407
"gamma[5]",0.95,0.5,"mean",0.00486312825,0.0308907,0.0438298184732375,0.0570315,0.081889175,9,1.00350833023407
"gamma[6]",0.95,0.5,"mean",0.2473465,0.271853,0.284419182375,0.296846,0.32108945,9,1.00350833023407
"gamma[7]",0.95,0.5,"mean",-1.783393,-1.6833575,-1.629937575,-1.5765575,-1.481453,9,1.00350833023407
"gamma[8]",0.95,0.5,"mean",-1.69055825,-1.581795,-1.52747391625,-1.47026,-1.36954775,9,1.00350833023407
