"parameter","outer_width","inner_width","point_est","ll","l","m","h","hh","time","rhat"
"gamma[1]",0.95,0.5,"mean",2.798138,2.9516725,3.02802831875,3.1042675,3.2526245,11,1.00196455589439
"gamma[2]",0.95,0.5,"mean",0.88801635,0.96708375,1.005403654,1.0441925,1.11603225,11,1.00196455589439
"gamma[3]",0.95,0.5,"mean",0.177125975,0.20248625,0.216186522875,0.2297515,0.25524115,11,1.00196455589439
"gamma[4]",0.95,0.5,"mean",0.207476925,0.23427275,0.247821816125,0.261543,0.2870905,11,1.00196455589439
"gamma[5]",0.95,0.5,"mean",0.03072129,0.05681,0.070854579744125,0.084821025,0.111242125,11,1.00196455589439
"gamma[6]",0.95,0.5,"mean",0.250188375,0.27416975,0.286675831625,0.29944725,0.3230134,11,1.00196455589439
"gamma[7]",0.95,0.5,"mean",-1.806524,-1.6983375,-1.64338794125,-1.58817,-1.48312425,11,1.00196455589439
"gamma[8]",0.95,0.5,"mean",-1.4041305,-1.3014175,-1.24763982775,-1.1933425,-1.08950525,11,1.00196455589439
