"parameter","outer_width","inner_width","point_est","ll","l","m","h","hh","time","rhat"
"gamma[1]",0.95,0.5,"mean",2.639615,2.7667,2.833115365,2.89879,3.02340025,12,1.00121023096614
"gamma[2]",0.95,0.5,"mean",0.864337875,0.96057575,1.00945766825,1.06005,1.1487215,12,1.00121023096614
"gamma[3]",0.95,0.5,"mean",0.16744835,0.19417975,0.207608033125,0.22149375,0.246528175,12,1.00121023096614
"gamma[4]",0.95,0.5,"mean",0.215741825,0.24390325,0.258944677375,0.27378575,0.302139875,12,1.00121023096614
"gamma[5]",0.95,0.5,"mean",0.04032976,0.065669125,0.0782059606545125,0.090935725,0.1153241,12,1.00121023096614
"gamma[6]",0.95,0.5,"mean",0.270676,0.2970335,0.311482355,0.325859,0.35307795,12,1.00121023096614
"gamma[7]",0.95,0.5,"mean",-1.712644,-1.61186,-1.55912397375,-1.50748,-1.40574975,12,1.00121023096614
"gamma[8]",0.95,0.5,"mean",-1.494467,-1.3880625,-1.33736891,-1.2863225,-1.18419925,12,1.00121023096614
