"parameter","outer_width","inner_width","point_est","ll","l","m","h","hh","time","rhat"
"gamma[1]",0.95,0.5,"mean",2.78500325,2.9292375,3.0088502825,3.08561,3.231142,12,1.00221123509384
"gamma[2]",0.95,0.5,"mean",0.832718475,0.919245,0.959979820875,1.0021125,1.0866215,12,1.00221123509384
"gamma[3]",0.95,0.5,"mean",0.135981575,0.161404,0.1746903387,0.187905,0.212810025,12,1.00221123509384
"gamma[4]",0.95,0.5,"mean",0.1696746,0.196459,0.21112204675,0.225985,0.2519323,12,1.00221123509384
"gamma[5]",0.95,0.5,"mean",0.0216851375,0.04781845,0.061757429915125,0.075778825,0.10177845,12,1.00221123509384
"gamma[6]",0.95,0.5,"mean",0.255491025,0.283488,0.297612923375,0.31217375,0.337488925,12,1.00221123509384
"gamma[7]",0.95,0.5,"mean",-1.88298125,-1.7833525,-1.728261555,-1.674465,-1.5648695,12,1.00221123509384
"gamma[8]",0.95,0.5,"mean",-1.45851125,-1.37398,-1.3278367075,-1.282195,-1.1891065,12,1.00221123509384
