"parameter","outer_width","inner_width","point_est","ll","l","m","h","hh","time","rhat"
"gamma[1]",0.95,0.5,"mean",3.0262085,3.13643,3.1961205975,3.2534225,3.37277075,7,1.00132406780259
"gamma[2]",0.95,0.5,"mean",0.844930125,0.9092325,0.943637622875,0.9778615,1.04371375,7,1.00132406780259
"gamma[3]",0.95,0.5,"mean",0.1749424,0.20073375,0.2135722685,0.22651425,0.252521425,7,1.00132406780259
"gamma[4]",0.95,0.5,"mean",0.2196346,0.24260025,0.2542223815,0.265979,0.2885671,7,1.00132406780259
"gamma[5]",0.95,0.5,"mean",-0.00545972125,0.021102325,0.0349900923734235,0.048657325,0.075268395,7,1.00132406780259
"gamma[6]",0.95,0.5,"mean",0.240686775,0.26814975,0.282557879625,0.29673225,0.32500905,7,1.00132406780259
"gamma[7]",0.95,0.5,"mean",-1.6914545,-1.5950225,-1.546177385,-1.4973625,-1.39914625,7,1.00132406780259
"gamma[8]",0.95,0.5,"mean",-1.54440225,-1.442615,-1.39431768375,-1.3446775,-1.2501775,7,1.00132406780259
