"parameter","outer_width","inner_width","point_est","ll","l","m","h","hh","time","rhat"
"gamma[1]",0.95,0.5,"mean",2.69137575,2.8046175,2.86479600875,2.922355,3.04476075,16,1.00107154449835
"gamma[2]",0.95,0.5,"mean",0.82697115,0.91721825,0.962177999,1.0078125,1.09286925,16,1.00107154449835
"gamma[3]",0.95,0.5,"mean",0.123140975,0.146524,0.15845476675,0.17061875,0.194007825,16,1.00107154449835
"gamma[4]",0.95,0.5,"mean",0.169767425,0.1949825,0.2081679835,0.22126625,0.24626305,16,1.00107154449835
"gamma[5]",0.95,0.5,"mean",0.053897425,0.078426725,0.0909884728875,0.103594,0.1271904,16,1.00107154449835
"gamma[6]",0.95,0.5,"mean",0.303370725,0.330631,0.34511702475,0.35971475,0.3882579,16,1.00107154449835
"gamma[7]",0.95,0.5,"mean",-1.889561,-1.7905675,-1.73666269,-1.6830575,-1.57984925,16,1.00107154449835
"gamma[8]",0.95,0.5,"mean",-1.48399675,-1.396085,-1.3489874775,-1.3022575,-1.21594375,16,1.00107154449835
