"parameter","outer_width","inner_width","point_est","ll","l","m","h","hh","time","rhat"
"gamma[1]",0.95,0.5,"mean",2.7945085,2.91471,2.9782966675,3.0409475,3.1692625,10,1.00188637479096
"gamma[2]",0.95,0.5,"mean",0.913623,0.9980125,1.0424065675,1.086425,1.167802,10,1.00188637479096
"gamma[3]",0.95,0.5,"mean",0.1640055,0.18854175,0.20088209575,0.21332375,0.237087725,10,1.00188637479096
"gamma[4]",0.95,0.5,"mean",0.205919825,0.22818075,0.240245723,0.25204225,0.274423425,10,1.00188637479096
"gamma[5]",0.95,0.5,"mean",-0.0102248975,0.017967575,0.0333708827727337,0.049021875,0.078413985,10,1.00188637479096
"gamma[6]",0.95,0.5,"mean",0.267823775,0.295615,0.31048986,0.32546725,0.35322235,10,1.00188637479096
"gamma[7]",0.95,0.5,"mean",-1.73269075,-1.6299775,-1.57530992375,-1.521095,-1.41661625,10,1.00188637479096
"gamma[8]",0.95,0.5,"mean",-1.66334225,-1.548015,-1.48955868625,-1.43011,-1.31535975,10,1.00188637479096
