"parameter","outer_width","inner_width","point_est","ll","l","m","h","hh","time","rhat"
"gamma[1]",0.95,0.5,"mean",2.76889875,2.906005,2.97145766875,3.0386975,3.16455125,7,1.00158845940743
"gamma[2]",0.95,0.5,"mean",0.857950575,0.93276425,0.972897080625,1.012305,1.08746925,7,1.00158845940743
"gamma[3]",0.95,0.5,"mean",0.13558045,0.160637,0.173694820475,0.186756,0.21202125,7,1.00158845940743
"gamma[4]",0.95,0.5,"mean",0.201996725,0.226425,0.239056336,0.2514945,0.27599835,7,1.00158845940743
"gamma[5]",0.95,0.5,"mean",0.021194755,0.046158725,0.059131556188625,0.07211185,0.0955345975,7,1.00158845940743
"gamma[6]",0.95,0.5,"mean",0.25657905,0.28837025,0.304794318375,0.3208495,0.354175225,7,1.00158845940743
"gamma[7]",0.95,0.5,"mean",-1.6340515,-1.54184,-1.4959872875,-1.4485375,-1.36128675,7,1.00158845940743
"gamma[8]",0.95,0.5,"mean",-1.5594315,-1.4554725,-1.40000308125,-1.3458125,-1.236668,7,1.00158845940743
