"parameter","outer_width","inner_width","point_est","ll","l","m","h","hh","time","rhat"
"gamma[1]",0.95,0.5,"mean",2.80000625,2.9426725,3.0113568825,3.07954,3.22368825,13,1.00156011292021
"gamma[2]",0.95,0.5,"mean",0.9866639,1.063355,1.104460258875,1.1470475,1.22234,13,1.00156011292021
"gamma[3]",0.95,0.5,"mean",0.188504225,0.21261975,0.225702333375,0.23851425,0.26353045,13,1.00156011292021
"gamma[4]",0.95,0.5,"mean",0.23410115,0.259209,0.271891888,0.2848575,0.309425475,13,1.00156011292021
"gamma[5]",0.95,0.5,"mean",-0.0032203575,0.0202992,0.0319820862480062,0.043684525,0.0666816425,13,1.00156011292021
"gamma[6]",0.95,0.5,"mean",0.2180846,0.24616875,0.260418329375,0.27468675,0.302360375,13,1.00156011292021
"gamma[7]",0.95,0.5,"mean",-1.82387325,-1.719685,-1.667772965,-1.61476,-1.51385925,13,1.00156011292021
"gamma[8]",0.95,0.5,"mean",-1.468656,-1.364655,-1.309490635,-1.254205,-1.14823825,13,1.00156011292021
