"parameter","outer_width","inner_width","point_est","ll","l","m","h","hh","time","rhat"
"gamma[1]",0.95,0.5,"mean",2.7015025,2.8516375,2.92202363625,2.99414,3.13393375,12,1.00158157825108
"gamma[2]",0.95,0.5,"mean",0.875193325,0.9723755,1.019920212625,1.0694425,1.15712125,12,1.00158157825108
"gamma[3]",0.95,0.5,"mean",0.13288965,0.156739,0.1693855891375,0.181713,0.2067327,12,1.00158157825108
"gamma[4]",0.95,0.5,"mean",0.234246225,0.260753,0.273557326375,0.28676775,0.311942175,12,1.00158157825108
"gamma[5]",0.95,0.5,"mean",0.0356863825,0.06224825,0.07603084040375,0.08947615,0.11708585,12,1.00158157825108
"gamma[6]",0.95,0.5,"mean",0.21973465,0.24754675,0.262314454,0.27700425,0.3049881,12,1.00158157825108
"gamma[7]",0.95,0.5,"mean",-1.735032,-1.638085,-1.58749688,-1.5376575,-1.43653975,12,1.00158157825108
"gamma[8]",0.95,0.5,"mean",-1.399761,-1.29837,-1.24557597975,-1.1922925,-1.09241975,12,1.00158157825108
