"parameter","outer_width","inner_width","point_est","ll","l","m","h","hh","time","rhat"
"gamma[1]",0.95,0.5,"mean",2.76847975,2.925895,2.99783848125,3.0726525,3.20980225,8,1.00379492669283
"gamma[2]",0.95,0.5,"mean",0.8804063,0.9636565,1.00402534525,1.0451075,1.129475,8,1.00379492669283
"gamma[3]",0.95,0.5,"mean",0.1398651,0.16101075,0.17238318325,0.18370475,0.20527715,8,1.00379492669283
"gamma[4]",0.95,0.5,"mean",0.172779675,0.1975125,0.209789644,0.22240125,0.246477525,8,1.00379492669283
"gamma[5]",0.95,0.5,"mean",-0.00697371124999999,0.01806025,0.0299253614168375,0.0422656,0.065469395,8,1.00379492669283
"gamma[6]",0.95,0.5,"mean",0.246365325,0.27276075,0.285439474375,0.298128,0.3237193,8,1.00379492669283
"gamma[7]",0.95,0.5,"mean",-1.58454275,-1.479115,-1.43061161125,-1.379745,-1.2855495,8,1.00379492669283
"gamma[8]",0.95,0.5,"mean",-1.57251075,-1.464355,-1.4170175575,-1.36701,-1.27224,8,1.00379492669283
