"parameter","outer_width","inner_width","point_est","ll","l","m","h","hh","time","rhat"
"gamma[1]",0.95,0.5,"mean",2.8361215,2.986695,3.0713454375,3.151975,3.31890675,13,1.00211904607876
"gamma[2]",0.95,0.5,"mean",0.79883595,0.873348,0.915197220875,0.95690075,1.0361035,13,1.00211904607876
"gamma[3]",0.95,0.5,"mean",0.196938625,0.22012125,0.232740199625,0.24503075,0.269107725,13,1.00211904607876
"gamma[4]",0.95,0.5,"mean",0.238304975,0.264127,0.277203194875,0.29038225,0.31505295,13,1.00211904607876
"gamma[5]",0.95,0.5,"mean",0.026823055,0.0511932,0.0637018370138,0.07623035,0.10031435,13,1.00211904607876
"gamma[6]",0.95,0.5,"mean",0.197441925,0.227486,0.242946603875,0.258273,0.287471075,13,1.00211904607876
"gamma[7]",0.95,0.5,"mean",-1.65732575,-1.554145,-1.4968912575,-1.44083,-1.33342975,13,1.00211904607876
"gamma[8]",0.95,0.5,"mean",-1.48738225,-1.38356,-1.328279294375,-1.2729975,-1.16458975,13,1.00211904607876
