"parameter","outer_width","inner_width","point_est","ll","l","m","h","hh","time","rhat"
"gamma[1]",0.95,0.5,"mean",2.76249775,2.8879375,2.94884023625,3.0069575,3.13606075,10,1.00115749803708
"gamma[2]",0.95,0.5,"mean",0.91902685,0.98994575,1.025371338125,1.0606225,1.13116125,10,1.00115749803708
"gamma[3]",0.95,0.5,"mean",0.171184625,0.195762,0.208592214375,0.22133275,0.246297425,10,1.00115749803708
"gamma[4]",0.95,0.5,"mean",0.249264225,0.2733885,0.285930195125,0.29813375,0.322628025,10,1.00115749803708
"gamma[5]",0.95,0.5,"mean",-0.02851931,-0.002024375,0.0117626528684,0.0255735,0.0526890475,10,1.00115749803708
"gamma[6]",0.95,0.5,"mean",0.237296775,0.26733675,0.282572832875,0.29790375,0.32617305,10,1.00115749803708
"gamma[7]",0.95,0.5,"mean",-1.89055175,-1.79494,-1.74604489,-1.69738,-1.600599,10,1.00115749803708
"gamma[8]",0.95,0.5,"mean",-1.68384775,-1.57706,-1.52422227875,-1.471395,-1.37016825,10,1.00115749803708
