"parameter","outer_width","inner_width","point_est","ll","l","m","h","hh","time","rhat"
"gamma[1]",0.95,0.5,"mean",2.82567675,2.9583325,3.02895567125,3.1004325,3.23039575,9,1.00177059813396
"gamma[2]",0.95,0.5,"mean",0.8062507,0.88555325,0.928266636625,0.969915,1.05018225,9,1.00177059813396
"gamma[3]",0.95,0.5,"mean",0.150746825,0.17361975,0.185569576125,0.19751625,0.221549325,9,1.00177059813396
"gamma[4]",0.95,0.5,"mean",0.158959625,0.189663,0.2041881957375,0.218879,0.248263775,9,1.00177059813396
"gamma[5]",0.95,0.5,"mean",0.0120220325,0.039782625,0.0548236519949862,0.069571625,0.098389825,9,1.00177059813396
"gamma[6]",0.95,0.5,"mean",0.2940968,0.3227965,0.337914350625,0.35293425,0.382125475,9,1.00177059813396
"gamma[7]",0.95,0.5,"mean",-1.8414015,-1.7382975,-1.68583098,-1.6325775,-1.532582,9,1.00177059813396
"gamma[8]",0.95,0.5,"mean",-1.483903,-1.38576,-1.3361608,-1.2864625,-1.189503,9,1.00177059813396
