"parameter","outer_width","inner_width","point_est","ll","l","m","h","hh","time","rhat"
"gamma[1]",0.95,0.5,"mean",2.9199075,3.0517425,3.1167734325,3.1813,3.316754,8,1.00253148309164
"gamma[2]",0.95,0.5,"mean",0.830866875,0.910482,0.949509684125,0.9897745,1.0662315,8,1.00253148309164
"gamma[3]",0.95,0.5,"mean",0.16252645,0.18610325,0.198442934875,0.21079925,0.235096625,8,1.00253148309164
"gamma[4]",0.95,0.5,"mean",0.182859175,0.20666075,0.219032938875,0.23133075,0.254726025,8,1.00253148309164
"gamma[5]",0.95,0.5,"mean",-0.0117948,0.014158475,0.027719185537315,0.041048925,0.06718165,8,1.00253148309164
"gamma[6]",0.95,0.5,"mean",0.26723315,0.293081,0.30741970175,0.321515,0.3482145,8,1.00253148309164
"gamma[7]",0.95,0.5,"mean",-1.73474025,-1.637315,-1.5868044725,-1.53718,-1.4410665,8,1.00253148309164
"gamma[8]",0.95,0.5,"mean",-1.765711,-1.65643,-1.599667235,-1.5442725,-1.434297,8,1.00253148309164
