"parameter","outer_width","inner_width","point_est","ll","l","m","h","hh","time","rhat"
"gamma[1]",0.95,0.5,"mean",2.85215475,2.9726075,3.03411188,3.0965975,3.20563475,8,1.00210858735696
"gamma[2]",0.95,0.5,"mean",0.97325375,1.04317,1.087197124875,1.1282425,1.2188215,8,1.00210858735696
"gamma[3]",0.95,0.5,"mean",0.174250625,0.1983145,0.211035885,0.2237265,0.248791325,8,1.00210858735696
"gamma[4]",0.95,0.5,"mean",0.22617435,0.25032725,0.262390907125,0.27462925,0.297312525,8,1.00210858735696
"gamma[5]",0.95,0.5,"mean",0.0045652775,0.031777175,0.045991642132875,0.060113225,0.087554535,8,1.00210858735696
"gamma[6]",0.95,0.5,"mean",0.269588775,0.29535625,0.308829144125,0.32237125,0.348176675,8,1.00210858735696
"gamma[7]",0.95,0.5,"mean",-1.804572,-1.70616,-1.65299429625,-1.599945,-1.49645475,8,1.00210858735696
"gamma[8]",0.95,0.5,"mean",-1.60924525,-1.5081225,-1.45642069375,-1.404375,-1.30536825,8,1.00210858735696
