"parameter","outer_width","inner_width","point_est","ll","l","m","h","hh","time","rhat"
"gamma[1]",0.95,0.5,"mean",2.63504875,2.75779,2.8270058775,2.89462,3.0316355,9,1.00167402229718
"gamma[2]",0.95,0.5,"mean",0.866487275,0.9344555,0.97024274375,1.004115,1.07738675,9,1.00167402229718
"gamma[3]",0.95,0.5,"mean",0.1582458,0.1819915,0.194283546,0.206548,0.22989725,9,1.00167402229718
"gamma[4]",0.95,0.5,"mean",0.21824605,0.245834,0.259992748375,0.2743135,0.301016625,9,1.00167402229718
"gamma[5]",0.95,0.5,"mean",-0.00180075099999998,0.029945075,0.0459826932870125,0.062461,0.0930206525,9,1.00167402229718
"gamma[6]",0.95,0.5,"mean",0.245975925,0.27223475,0.286089343125,0.300027,0.325972325,9,1.00167402229718
"gamma[7]",0.95,0.5,"mean",-1.92312475,-1.81085,-1.7533405875,-1.69554,-1.5824675,9,1.00167402229718
"gamma[8]",0.95,0.5,"mean",-1.57420325,-1.4558525,-1.3989187125,-1.3400925,-1.23012675,9,1.00167402229718
