"parameter","outer_width","inner_width","point_est","ll","l","m","h","hh","time","rhat"
"gamma[1]",0.95,0.5,"mean",2.65590925,2.7845,2.8542041,2.9258375,3.05447825,8,1.00183144076171
"gamma[2]",0.95,0.5,"mean",0.99178395,1.07069,1.1109685545,1.151465,1.22798375,8,1.00183144076171
"gamma[3]",0.95,0.5,"mean",0.179538675,0.20377875,0.216412113625,0.2288895,0.252589325,8,1.00183144076171
"gamma[4]",0.95,0.5,"mean",0.193368375,0.21923375,0.2326846625,0.2460105,0.27307325,8,1.00183144076171
"gamma[5]",0.95,0.5,"mean",0.0207112775,0.045764875,0.0590365956475,0.072219075,0.0980449825,8,1.00183144076171
"gamma[6]",0.95,0.5,"mean",0.25526395,0.2817955,0.295727110375,0.30959,0.335830625,8,1.00183144076171
"gamma[7]",0.95,0.5,"mean",-1.794042,-1.696305,-1.644453535,-1.59312,-1.49213925,8,1.00183144076171
"gamma[8]",0.95,0.5,"mean",-1.561112,-1.43681,-1.371965176,-1.3086925,-1.1832695,8,1.00183144076171
