"parameter","outer_width","inner_width","point_est","ll","l","m","h","hh","time","rhat"
"gamma[1]",0.95,0.5,"mean",2.7410465,2.8782075,2.9459618,3.0163425,3.14413075,10,1.00150955815331
"gamma[2]",0.95,0.5,"mean",0.9031868,0.98677,1.029637237125,1.072505,1.1523505,10,1.00150955815331
"gamma[3]",0.95,0.5,"mean",0.156731225,0.184957,0.19871845175,0.21272225,0.2406389,10,1.00150955815331
"gamma[4]",0.95,0.5,"mean",0.225146975,0.24897875,0.26182767725,0.2745195,0.298375075,10,1.00150955815331
"gamma[5]",0.95,0.5,"mean",-0.017312955,0.0107008,0.0250483697997412,0.039585725,0.066017065,10,1.00150955815331
"gamma[6]",0.95,0.5,"mean",0.256749975,0.28490225,0.298742301625,0.31305325,0.339015125,10,1.00150955815331
"gamma[7]",0.95,0.5,"mean",-1.77690275,-1.6750275,-1.61846670375,-1.56189,-1.459463,10,1.00150955815331
"gamma[8]",0.95,0.5,"mean",-1.413378,-1.308635,-1.25240908625,-1.196955,-1.08962675,10,1.00150955815331
