"parameter","outer_width","inner_width","point_est","ll","l","m","h","hh","time","rhat"
"gamma[1]",0.95,0.5,"mean",2.74165975,2.8637725,2.93008938625,2.99786,3.109025,9,1.00168247733171
"gamma[2]",0.95,0.5,"mean",0.91715595,0.99348775,1.035403656,1.0759925,1.15949025,9,1.00168247733171
"gamma[3]",0.95,0.5,"mean",0.158445075,0.18698625,0.20191390175,0.2172955,0.244963375,9,1.00168247733171
"gamma[4]",0.95,0.5,"mean",0.21549165,0.241897,0.255819195875,0.26977375,0.2965134,9,1.00168247733171
"gamma[5]",0.95,0.5,"mean",0.00762798700000001,0.032672975,0.046228575851725,0.05944155,0.08435106,9,1.00168247733171
"gamma[6]",0.95,0.5,"mean",0.25919355,0.28803925,0.302634478125,0.31699625,0.345564475,9,1.00168247733171
"gamma[7]",0.95,0.5,"mean",-1.760319,-1.6623225,-1.60884036,-1.55499,-1.45752,9,1.00168247733171
"gamma[8]",0.95,0.5,"mean",-1.516499,-1.4102425,-1.355636835,-1.300215,-1.19672925,9,1.00168247733171
