"parameter","outer_width","inner_width","point_est","ll","l","m","h","hh","time","rhat"
"gamma[1]",0.95,0.5,"mean",2.60123625,2.72828,2.79556056875,2.86301,2.9868825,12,1.00232778072171
"gamma[2]",0.95,0.5,"mean",0.8897646,0.974196,1.02049775775,1.0661225,1.14990025,12,1.00232778072171
"gamma[3]",0.95,0.5,"mean",0.182062425,0.20333875,0.214351643625,0.225277,0.2465879,12,1.00232778072171
"gamma[4]",0.95,0.5,"mean",0.206051525,0.22946575,0.241417240125,0.25334375,0.276260125,12,1.00232778072171
"gamma[5]",0.95,0.5,"mean",0.0271864575,0.05398675,0.067147604463875,0.0805129,0.1057414,12,1.00232778072171
"gamma[6]",0.95,0.5,"mean",0.257404125,0.28764175,0.30284930325,0.3183955,0.34788445,12,1.00232778072171
"gamma[7]",0.95,0.5,"mean",-1.64440325,-1.5529325,-1.50704422375,-1.4606575,-1.3673595,12,1.00232778072171
"gamma[8]",0.95,0.5,"mean",-1.69808175,-1.581465,-1.524088945,-1.4645575,-1.357158,12,1.00232778072171
