"parameter","outer_width","inner_width","point_est","ll","l","m","h","hh","time","rhat"
"gamma[1]",0.95,0.5,"mean",2.92554325,3.0744375,3.1517554875,3.2324775,3.36737375,10,1.00237839624104
"gamma[2]",0.95,0.5,"mean",0.79912115,0.87699675,0.917151136375,0.957535,1.037823,10,1.00237839624104
"gamma[3]",0.95,0.5,"mean",0.171423475,0.19484475,0.206688800875,0.2185795,0.240710425,10,1.00237839624104
"gamma[4]",0.95,0.5,"mean",0.1991168,0.2255515,0.239008393625,0.25253275,0.2786791,10,1.00237839624104
"gamma[5]",0.95,0.5,"mean",-0.003777936,0.0256739,0.040250646340915,0.054948575,0.0839496875,10,1.00237839624104
"gamma[6]",0.95,0.5,"mean",0.2754943,0.300228,0.313366348875,0.3264535,0.351232975,10,1.00237839624104
"gamma[7]",0.95,0.5,"mean",-1.62720425,-1.5150675,-1.45915855875,-1.4040675,-1.29186625,10,1.00237839624104
"gamma[8]",0.95,0.5,"mean",-1.50338225,-1.40516,-1.348924505625,-1.2944225,-1.1873695,10,1.00237839624104
