"parameter","outer_width","inner_width","point_est","ll","l","m","h","hh","time","rhat"
"gamma[1]",0.95,0.5,"mean",2.90827125,3.01991,3.081029255,3.1406575,3.25294125,10,1.00173522409403
"gamma[2]",0.95,0.5,"mean",0.93663075,1.0312075,1.07752635325,1.12554,1.21365075,10,1.00173522409403
"gamma[3]",0.95,0.5,"mean",0.179922025,0.20405975,0.216554728375,0.22912,0.253008325,10,1.00173522409403
"gamma[4]",0.95,0.5,"mean",0.159590625,0.18567475,0.198947343125,0.2123995,0.23826615,10,1.00173522409403
"gamma[5]",0.95,0.5,"mean",-0.00715506024999999,0.018808675,0.031856781922545,0.044854825,0.07050855,10,1.00173522409403
"gamma[6]",0.95,0.5,"mean",0.274456975,0.30082275,0.31518155875,0.32944625,0.355779175,10,1.00173522409403
"gamma[7]",0.95,0.5,"mean",-1.8450795,-1.7366225,-1.680995205,-1.623455,-1.5223695,10,1.00173522409403
"gamma[8]",0.95,0.5,"mean",-1.513897,-1.423375,-1.37480112875,-1.327175,-1.231888,10,1.00173522409403
