"parameter","outer_width","inner_width","point_est","ll","l","m","h","hh","time","rhat"
"gamma[1]",0.95,0.5,"mean",2.63099325,2.76972,2.84300448,2.917465,3.05431025,9,1.00151535443489
"gamma[2]",0.95,0.5,"mean",0.75555615,0.8349195,0.874539754,0.9148805,0.9926956,9,1.00151535443489
"gamma[3]",0.95,0.5,"mean",0.176324275,0.19971375,0.21147322725,0.223403,0.2459642,9,1.00151535443489
"gamma[4]",0.95,0.5,"mean",0.24155115,0.2697915,0.284392588375,0.298963,0.32690065,9,1.00151535443489
"gamma[5]",0.95,0.5,"mean",0.01221981,0.0427513,0.05837232508375,0.073904625,0.1038011,9,1.00151535443489
"gamma[6]",0.95,0.5,"mean",0.236456075,0.26904775,0.285463790125,0.301948,0.334867575,9,1.00151535443489
"gamma[7]",0.95,0.5,"mean",-1.677231,-1.580255,-1.5283029825,-1.47622,-1.37857225,9,1.00151535443489
"gamma[8]",0.95,0.5,"mean",-1.54377575,-1.4352875,-1.37818697375,-1.3215675,-1.20217975,9,1.00151535443489
