"parameter","outer_width","inner_width","point_est","ll","l","m","h","hh","time","rhat"
"gamma[1]",0.95,0.5,"mean",2.84092925,2.96907,3.03998561375,3.10756,3.25297325,10,1.00198277489788
"gamma[2]",0.95,0.5,"mean",0.8502755,0.92810825,0.96397530575,1.00077,1.0683205,10,1.00198277489788
"gamma[3]",0.95,0.5,"mean",0.1481814,0.17282075,0.185656285625,0.19890075,0.222692825,10,1.00198277489788
"gamma[4]",0.95,0.5,"mean",0.2598651,0.28968525,0.304747226875,0.319997,0.348650275,10,1.00198277489788
"gamma[5]",0.95,0.5,"mean",-0.01443953,0.010502775,0.0237777998946237,0.0368019,0.06218058,10,1.00198277489788
"gamma[6]",0.95,0.5,"mean",0.2659734,0.29485325,0.310230107625,0.3254255,0.356196,10,1.00198277489788
"gamma[7]",0.95,0.5,"mean",-1.7581465,-1.65164,-1.59789827125,-1.54383,-1.4420485,10,1.00198277489788
"gamma[8]",0.95,0.5,"mean",-1.50777325,-1.389785,-1.327821765625,-1.26682,-1.147719,10,1.00198277489788
