"parameter","outer_width","inner_width","point_est","ll","l","m","h","hh","time","rhat"
"gamma[1]",0.95,0.5,"mean",2.686733,2.844905,2.91721765875,2.99169,3.13697725,11,1.00158840467156
"gamma[2]",0.95,0.5,"mean",0.94591395,1.0158275,1.054399165875,1.0931625,1.16519525,11,1.00158840467156
"gamma[3]",0.95,0.5,"mean",0.128473975,0.15651575,0.1705392595125,0.18488475,0.211150375,11,1.00158840467156
"gamma[4]",0.95,0.5,"mean",0.219309825,0.2434245,0.2553462165,0.26735775,0.290961725,11,1.00158840467156
"gamma[5]",0.95,0.5,"mean",0.010673,0.0378719,0.051525784774,0.065491975,0.0927697474999999,11,1.00158840467156
"gamma[6]",0.95,0.5,"mean",0.276031575,0.30837475,0.325107952,0.34196,0.3739922,11,1.00158840467156
"gamma[7]",0.95,0.5,"mean",-1.771043,-1.6482025,-1.58392991875,-1.520275,-1.395595,11,1.00158840467156
"gamma[8]",0.95,0.5,"mean",-1.6157905,-1.515455,-1.46383728,-1.411965,-1.31303975,11,1.00158840467156
