"parameter","outer_width","inner_width","point_est","ll","l","m","h","hh","time","rhat"
"gamma[1]",0.95,0.5,"mean",2.822983,2.95046,3.01919276875,3.087205,3.225053,13,1.00115945360306
"gamma[2]",0.95,0.5,"mean",0.9478201,1.0272025,1.06795747625,1.109915,1.183511,13,1.00115945360306
"gamma[3]",0.95,0.5,"mean",0.165259475,0.192823,0.206642284,0.22033225,0.247606125,13,1.00115945360306
"gamma[4]",0.95,0.5,"mean",0.195656625,0.21916725,0.23108482125,0.24330575,0.2660265,13,1.00115945360306
"gamma[5]",0.95,0.5,"mean",-0.0060914945,0.02146675,0.0361835180888175,0.050738325,0.07920033,13,1.00115945360306
"gamma[6]",0.95,0.5,"mean",0.252652775,0.27968875,0.2932803965,0.30713125,0.333318375,13,1.00115945360306
"gamma[7]",0.95,0.5,"mean",-1.76838025,-1.6540625,-1.6003368225,-1.5437425,-1.4409835,13,1.00115945360306
"gamma[8]",0.95,0.5,"mean",-1.58327325,-1.47632,-1.4217757,-1.36699,-1.2630185,13,1.00115945360306
