"parameter","outer_width","inner_width","point_est","ll","l","m","h","hh","time","rhat"
"gamma[1]",0.95,0.5,"mean",2.6929285,2.819715,2.883865275,2.9501025,3.064144,8,1.00094144557794
"gamma[2]",0.95,0.5,"mean",0.81451175,0.87443575,0.906860864375,0.938207,1.0022805,8,1.00094144557794
"gamma[3]",0.95,0.5,"mean",0.167657975,0.18989775,0.201506441,0.2134245,0.234637525,8,1.00094144557794
"gamma[4]",0.95,0.5,"mean",0.246620875,0.2738475,0.2872212925,0.30082875,0.32719985,8,1.00094144557794
"gamma[5]",0.95,0.5,"mean",-0.0143951425,0.009965695,0.0231938519117625,0.036104975,0.0617072675,8,1.00094144557794
"gamma[6]",0.95,0.5,"mean",0.23937345,0.2702765,0.286137005625,0.30217375,0.333000175,8,1.00094144557794
"gamma[7]",0.95,0.5,"mean",-1.607251,-1.50708,-1.45623484875,-1.40441,-1.3041495,8,1.00094144557794
"gamma[8]",0.95,0.5,"mean",-1.61549125,-1.532565,-1.4895412675,-1.4463375,-1.36720475,8,1.00094144557794
