"parameter","outer_width","inner_width","point_est","ll","l","m","h","hh","time","rhat"
"gamma[1]",0.95,0.5,"mean",2.898707,3.0491,3.12267947125,3.1990425,3.331904,13,1.00145987468034
"gamma[2]",0.95,0.5,"mean",0.906438825,0.9779725,1.016569841375,1.0552925,1.12984125,13,1.00145987468034
"gamma[3]",0.95,0.5,"mean",0.171148225,0.19669975,0.209496419875,0.2224665,0.246362325,13,1.00145987468034
"gamma[4]",0.95,0.5,"mean",0.21883975,0.2440515,0.257733206375,0.27120425,0.296782025,13,1.00145987468034
"gamma[5]",0.95,0.5,"mean",-0.02661064,0.002627875,0.0182569693112375,0.03412565,0.062115365,13,1.00145987468034
"gamma[6]",0.95,0.5,"mean",0.300637125,0.3276825,0.34156770125,0.3554345,0.38128615,13,1.00145987468034
"gamma[7]",0.95,0.5,"mean",-1.78857675,-1.68597,-1.63194916375,-1.577815,-1.46917,13,1.00145987468034
"gamma[8]",0.95,0.5,"mean",-1.71790525,-1.5928375,-1.53164930375,-1.46917,-1.35042975,13,1.00145987468034
