"parameter","outer_width","inner_width","point_est","ll","l","m","h","hh","time","rhat"
"gamma[1]",0.95,0.5,"mean",2.8664045,3.0018975,3.06920105875,3.1374,3.263886,11,1.00134575506733
"gamma[2]",0.95,0.5,"mean",0.89681705,0.963307,1.00004529025,1.036225,1.109044,11,1.00134575506733
"gamma[3]",0.95,0.5,"mean",0.14305795,0.16840525,0.181311884375,0.19437075,0.21884305,11,1.00134575506733
"gamma[4]",0.95,0.5,"mean",0.212405775,0.24005575,0.254332767375,0.268635,0.295495275,11,1.00134575506733
"gamma[5]",0.95,0.5,"mean",0.0169794625,0.042118375,0.055453010516375,0.068602525,0.0946834225,11,1.00134575506733
"gamma[6]",0.95,0.5,"mean",0.277056075,0.30473375,0.3194678315,0.33391425,0.362084725,11,1.00134575506733
"gamma[7]",0.95,0.5,"mean",-1.79931125,-1.68037,-1.62140779,-1.563725,-1.441827,11,1.00134575506733
"gamma[8]",0.95,0.5,"mean",-1.62667175,-1.5275225,-1.47270700375,-1.417885,-1.31941925,11,1.00134575506733
