"parameter","outer_width","inner_width","point_est","ll","l","m","h","hh","time","rhat"
"gamma[1]",0.95,0.5,"mean",2.66479125,2.81036,2.87977736125,2.95223,3.08488325,9,1.00190367228222
"gamma[2]",0.95,0.5,"mean",0.874565875,0.95516475,0.999399288375,1.0427525,1.12992275,9,1.00190367228222
"gamma[3]",0.95,0.5,"mean",0.2141147,0.23736,0.249307511875,0.26135375,0.28466475,9,1.00190367228222
"gamma[4]",0.95,0.5,"mean",0.20687675,0.23573275,0.25034406575,0.2646815,0.293900025,9,1.00190367228222
"gamma[5]",0.95,0.5,"mean",0.021768685,0.047494475,0.060608456291625,0.0738987,0.100075825,9,1.00190367228222
"gamma[6]",0.95,0.5,"mean",0.2916909,0.3154505,0.327943264625,0.34039375,0.36491545,9,1.00190367228222
"gamma[7]",0.95,0.5,"mean",-1.83445325,-1.733855,-1.68332978875,-1.63232,-1.53779,9,1.00190367228222
"gamma[8]",0.95,0.5,"mean",-1.64992325,-1.55302,-1.50296365,-1.452065,-1.35859,9,1.00190367228222
