"parameter","outer_width","inner_width","point_est","ll","l","m","h","hh","time","rhat"
"gamma[1]",0.95,0.5,"mean",2.8438695,2.97716,3.04183906,3.1113475,3.2177705,8,1.00208722141186
"gamma[2]",0.95,0.5,"mean",0.87030435,0.94353325,0.981605390375,1.02034,1.0962605,8,1.00208722141186
"gamma[3]",0.95,0.5,"mean",0.1886655,0.2145085,0.227600885625,0.24062925,0.26644885,8,1.00208722141186
"gamma[4]",0.95,0.5,"mean",0.2312341,0.2576705,0.27148797725,0.28575975,0.3125785,8,1.00208722141186
"gamma[5]",0.95,0.5,"mean",0.01691307,0.040601325,0.05222601636275,0.06416815,0.0863868875,8,1.00208722141186
"gamma[6]",0.95,0.5,"mean",0.281835225,0.30919625,0.32295125625,0.33677725,0.363362675,8,1.00208722141186
"gamma[7]",0.95,0.5,"mean",-1.623952,-1.5305,-1.4854227175,-1.43844,-1.354578,8,1.00208722141186
"gamma[8]",0.95,0.5,"mean",-1.598739,-1.496165,-1.44407227,-1.39088,-1.29556725,8,1.00208722141186
