"parameter","outer_width","inner_width","point_est","ll","l","m","h","hh","time","rhat"
"gamma[1]",0.95,0.5,"mean",2.87556925,2.993245,3.05908913375,3.1209375,3.25783325,9,1.00203297167969
"gamma[2]",0.95,0.5,"mean",0.855069775,0.92056675,0.956961167625,0.992454,1.062966,9,1.00203297167969
"gamma[3]",0.95,0.5,"mean",0.154425225,0.18101075,0.195019305125,0.20906675,0.23561,9,1.00203297167969
"gamma[4]",0.95,0.5,"mean",0.204324675,0.231247,0.24518688325,0.2591305,0.28481955,9,1.00203297167969
"gamma[5]",0.95,0.5,"mean",0.0448824725,0.071264025,0.0845526643625,0.098462225,0.123528125,9,1.00203297167969
"gamma[6]",0.95,0.5,"mean",0.261137525,0.28467475,0.297371393,0.30975625,0.333665725,9,1.00203297167969
"gamma[7]",0.95,0.5,"mean",-1.7788055,-1.6814675,-1.63110500875,-1.57932,-1.4827385,9,1.00203297167969
"gamma[8]",0.95,0.5,"mean",-1.489592,-1.3823825,-1.32542176625,-1.2673675,-1.16186875,9,1.00203297167969
