"parameter","outer_width","inner_width","point_est","ll","l","m","h","hh","time","rhat"
"gamma[1]",0.95,0.5,"mean",2.821397,2.96606,3.04810092875,3.1294425,3.28585325,14,1.00160150630026
"gamma[2]",0.95,0.5,"mean",0.92614235,0.99068775,1.028092473,1.0652825,1.1353325,14,1.00160150630026
"gamma[3]",0.95,0.5,"mean",0.182741375,0.20484775,0.21696931625,0.2290905,0.252380125,14,1.00160150630026
"gamma[4]",0.95,0.5,"mean",0.204408,0.23165275,0.245055102625,0.25872775,0.283240175,14,1.00160150630026
"gamma[5]",0.95,0.5,"mean",0.031174575,0.0560196,0.069086920305,0.082316975,0.107531275,14,1.00160150630026
"gamma[6]",0.95,0.5,"mean",0.25836345,0.288394,0.303822053375,0.3195645,0.349777325,14,1.00160150630026
"gamma[7]",0.95,0.5,"mean",-1.75621,-1.6567125,-1.60606432375,-1.5548975,-1.46409975,14,1.00160150630026
"gamma[8]",0.95,0.5,"mean",-1.63406,-1.5270125,-1.4767405425,-1.426525,-1.323934,14,1.00160150630026
