"parameter","outer_width","inner_width","point_est","ll","l","m","h","hh","time","rhat"
"gamma[1]",0.95,0.5,"mean",2.794699,2.9247075,2.99298433875,3.060835,3.19123775,14,1.0017974575844
"gamma[2]",0.95,0.5,"mean",0.834612825,0.9154645,0.957671645,0.9990945,1.07980075,14,1.0017974575844
"gamma[3]",0.95,0.5,"mean",0.14904785,0.176013,0.1893049505,0.20297075,0.227837,14,1.0017974575844
"gamma[4]",0.95,0.5,"mean",0.208065975,0.233737,0.247098339,0.26051375,0.2855751,14,1.0017974575844
"gamma[5]",0.95,0.5,"mean",0.001906144,0.0271382,0.04033416613465,0.053371175,0.078402425,14,1.0017974575844
"gamma[6]",0.95,0.5,"mean",0.2590797,0.28276125,0.295765694875,0.30852925,0.332602325,14,1.0017974575844
"gamma[7]",0.95,0.5,"mean",-1.76612075,-1.6677725,-1.61869301125,-1.56941,-1.47813175,14,1.0017974575844
"gamma[8]",0.95,0.5,"mean",-1.58605575,-1.48049,-1.42703812625,-1.3730425,-1.264492,14,1.0017974575844
