"parameter","outer_width","inner_width","point_est","ll","l","m","h","hh","time","rhat"
"gamma[1]",0.95,0.5,"mean",2.63185875,2.76245,2.83014786375,2.89719,3.0329805,13,1.00120546811275
"gamma[2]",0.95,0.5,"mean",0.9230482,1.0016775,1.043293339625,1.0848475,1.16216,13,1.00120546811275
"gamma[3]",0.95,0.5,"mean",0.14853365,0.173001,0.185483099875,0.19812375,0.221445075,13,1.00120546811275
"gamma[4]",0.95,0.5,"mean",0.2082779,0.23546475,0.249275136,0.263451,0.289752175,13,1.00120546811275
"gamma[5]",0.95,0.5,"mean",0.0169786075,0.04480815,0.0582738423327875,0.0721579,0.0993903575,13,1.00120546811275
"gamma[6]",0.95,0.5,"mean",0.26379595,0.29516925,0.31101972925,0.326636,0.358012425,13,1.00120546811275
"gamma[7]",0.95,0.5,"mean",-1.87066625,-1.7752225,-1.725874955,-1.676555,-1.58322975,13,1.00120546811275
"gamma[8]",0.95,0.5,"mean",-1.70944,-1.608705,-1.5569798225,-1.5051975,-1.40061675,13,1.00120546811275
