"parameter","outer_width","inner_width","point_est","ll","l","m","h","hh","time","rhat"
"gamma[1]",0.95,0.5,"mean",2.86595625,2.98471,3.05587627,3.125545,3.250474,9,1.00192938898748
"gamma[2]",0.95,0.5,"mean",0.897741875,0.9740685,1.01003713725,1.04689,1.12186925,9,1.00192938898748
"gamma[3]",0.95,0.5,"mean",0.176697575,0.2025375,0.215897534375,0.22907075,0.2560049,9,1.00192938898748
"gamma[4]",0.95,0.5,"mean",0.209758525,0.232147,0.24405109075,0.25598375,0.277855425,9,1.00192938898748
"gamma[5]",0.95,0.5,"mean",0.00809339200000001,0.03506055,0.04952596046555,0.06398115,0.0921335325,9,1.00192938898748
"gamma[6]",0.95,0.5,"mean",0.241991725,0.2702915,0.28481373725,0.29933,0.327045025,9,1.00192938898748
"gamma[7]",0.95,0.5,"mean",-1.69630325,-1.5856825,-1.5233896375,-1.4625475,-1.34432775,9,1.00192938898748
"gamma[8]",0.95,0.5,"mean",-1.41524125,-1.3209575,-1.274302625,-1.2275075,-1.13893975,9,1.00192938898748
