"parameter","outer_width","inner_width","point_est","ll","l","m","h","hh","time","rhat"
"gamma[1]",0.95,0.5,"mean",2.90334175,3.0195075,3.0856485375,3.1518275,3.27723125,7,1.00123910488324
"gamma[2]",0.95,0.5,"mean",0.86481645,0.94647325,0.98790103825,1.03002,1.10747,7,1.00123910488324
"gamma[3]",0.95,0.5,"mean",0.16943035,0.194723,0.207776163875,0.2207455,0.245886275,7,1.00123910488324
"gamma[4]",0.95,0.5,"mean",0.19330475,0.2233,0.23881930675,0.254536,0.283035625,7,1.00123910488324
"gamma[5]",0.95,0.5,"mean",0.0028652535,0.02648935,0.039028886704,0.0515839,0.07565804,7,1.00123910488324
"gamma[6]",0.95,0.5,"mean",0.270556825,0.29915025,0.312809573,0.32692125,0.35299175,7,1.00123910488324
"gamma[7]",0.95,0.5,"mean",-1.68175775,-1.5682325,-1.51395782875,-1.4576175,-1.35827125,7,1.00123910488324
"gamma[8]",0.95,0.5,"mean",-1.48133125,-1.38183,-1.3291382775,-1.277735,-1.17597425,7,1.00123910488324
