"parameter","outer_width","inner_width","point_est","ll","l","m","h","hh","time","rhat"
"gamma[1]",0.95,0.5,"mean",2.657288,2.7752875,2.84349589625,2.910245,3.033535,12,1.00124316711191
"gamma[2]",0.95,0.5,"mean",0.870609875,0.95492175,0.9941249435,1.03479,1.1123035,12,1.00124316711191
"gamma[3]",0.95,0.5,"mean",0.19233675,0.21350625,0.223928218125,0.2345765,0.25408545,12,1.00124316711191
"gamma[4]",0.95,0.5,"mean",0.231844725,0.2623635,0.2776469225,0.29276975,0.32375,12,1.00124316711191
"gamma[5]",0.95,0.5,"mean",0.0190289,0.0424711,0.05486956276775,0.067300175,0.09249913,12,1.00124316711191
"gamma[6]",0.95,0.5,"mean",0.2703299,0.2966115,0.3103530455,0.32407325,0.350761525,12,1.00124316711191
"gamma[7]",0.95,0.5,"mean",-1.81651725,-1.710995,-1.6533980575,-1.5960025,-1.4920065,12,1.00124316711191
"gamma[8]",0.95,0.5,"mean",-1.498945,-1.4070925,-1.3568673225,-1.307145,-1.20516825,12,1.00124316711191
