"parameter","outer_width","inner_width","point_est","ll","l","m","h","hh","time","rhat"
"gamma[1]",0.95,0.5,"mean",2.8043055,2.9298675,2.996781585,3.06251,3.193582,12,1.00160809212468
"gamma[2]",0.95,0.5,"mean",0.86418755,0.95228525,0.998755727375,1.0433075,1.13633275,12,1.00160809212468
"gamma[3]",0.95,0.5,"mean",0.163838775,0.187389,0.199829864625,0.212288,0.23566855,12,1.00160809212468
"gamma[4]",0.95,0.5,"mean",0.1876433,0.21521825,0.228957620875,0.24298325,0.269242625,12,1.00160809212468
"gamma[5]",0.95,0.5,"mean",0.0337294725,0.058362625,0.0708167125725,0.083414525,0.107791375,12,1.00160809212468
"gamma[6]",0.95,0.5,"mean",0.230919925,0.25707675,0.271265937125,0.285344,0.31213835,12,1.00160809212468
"gamma[7]",0.95,0.5,"mean",-1.7188125,-1.6140425,-1.5536909675,-1.4949075,-1.37929,12,1.00160809212468
"gamma[8]",0.95,0.5,"mean",-1.66477125,-1.5533975,-1.4952838025,-1.4371375,-1.3308645,12,1.00160809212468
