"parameter","outer_width","inner_width","point_est","ll","l","m","h","hh","time","rhat"
"gamma[1]",0.95,0.5,"mean",2.68416575,2.8059525,2.8754897175,2.94382,3.08195375,11,1.00175398331169
"gamma[2]",0.95,0.5,"mean",0.888459725,0.95547925,0.990830560625,1.02586,1.0930305,11,1.00175398331169
"gamma[3]",0.95,0.5,"mean",0.172892225,0.20090925,0.2150032265,0.22935425,0.2556666,11,1.00175398331169
"gamma[4]",0.95,0.5,"mean",0.195494975,0.224043,0.238055675375,0.25260275,0.27949845,11,1.00175398331169
"gamma[5]",0.95,0.5,"mean",0.0123963675,0.04087695,0.0549922273624625,0.0692624,0.095346285,11,1.00175398331169
"gamma[6]",0.95,0.5,"mean",0.230964475,0.25835325,0.27301131425,0.28732775,0.3151212,11,1.00175398331169
"gamma[7]",0.95,0.5,"mean",-1.95163675,-1.8462675,-1.7943111325,-1.742415,-1.641899,11,1.00175398331169
"gamma[8]",0.95,0.5,"mean",-1.5977485,-1.49193,-1.43876042,-1.3873975,-1.27624675,11,1.00175398331169
