"parameter","outer_width","inner_width","point_est","ll","l","m","h","hh","time","rhat"
"gamma[1]",0.95,0.5,"mean",2.9034655,3.0364275,3.1031777475,3.1697125,3.29720475,12,1.00161461713308
"gamma[2]",0.95,0.5,"mean",0.85998295,0.9374755,0.978692399625,1.01842,1.10189,12,1.00161461713308
"gamma[3]",0.95,0.5,"mean",0.17888895,0.20408725,0.217048774875,0.22997775,0.2557627,12,1.00161461713308
"gamma[4]",0.95,0.5,"mean",0.210726125,0.236963,0.250833972125,0.264592,0.291448175,12,1.00161461713308
"gamma[5]",0.95,0.5,"mean",0.00743562925000001,0.0366427,0.0517893318007554,0.067156275,0.097095525,12,1.00161461713308
"gamma[6]",0.95,0.5,"mean",0.236479075,0.26238,0.276361351125,0.29031825,0.316790725,12,1.00161461713308
"gamma[7]",0.95,0.5,"mean",-1.8260555,-1.7237625,-1.66756813875,-1.6118675,-1.50681975,12,1.00161461713308
"gamma[8]",0.95,0.5,"mean",-1.504767,-1.3988325,-1.34981559125,-1.2994975,-1.19798975,12,1.00161461713308
