"parameter","outer_width","inner_width","point_est","ll","l","m","h","hh","time","rhat"
"gamma[1]",0.95,0.5,"mean",2.87301925,2.9739675,3.03614212625,3.0945625,3.217831,7,1.0019924766413
"gamma[2]",0.95,0.5,"mean",0.89832155,0.9793105,1.02382817725,1.06667,1.16051125,7,1.0019924766413
"gamma[3]",0.95,0.5,"mean",0.159768675,0.187008,0.20112569825,0.21530425,0.242138725,7,1.0019924766413
"gamma[4]",0.95,0.5,"mean",0.193690425,0.22307775,0.238132206375,0.2528715,0.282666,7,1.0019924766413
"gamma[5]",0.95,0.5,"mean",0.00616036650000002,0.0311723,0.044976159201125,0.0586717,0.0850082825,7,1.0019924766413
"gamma[6]",0.95,0.5,"mean",0.250891075,0.27869675,0.293047408125,0.30746875,0.335789275,7,1.0019924766413
"gamma[7]",0.95,0.5,"mean",-1.7636415,-1.6548625,-1.59669176625,-1.539365,-1.4264865,7,1.0019924766413
"gamma[8]",0.95,0.5,"mean",-1.528139,-1.4343025,-1.38554952125,-1.3366625,-1.244906,7,1.0019924766413
