"parameter","outer_width","inner_width","point_est","ll","l","m","h","hh","time","rhat"
"gamma[1]",0.95,0.5,"mean",2.71010925,2.8381075,2.90827973125,2.97614,3.11689825,12,1.00187486854647
"gamma[2]",0.95,0.5,"mean",0.904820375,0.979313,1.02038271875,1.0611475,1.13808125,12,1.00187486854647
"gamma[3]",0.95,0.5,"mean",0.15972815,0.181118,0.192070686625,0.20323525,0.22426875,12,1.00187486854647
"gamma[4]",0.95,0.5,"mean",0.256102875,0.28356225,0.297304198,0.31097125,0.33869315,12,1.00187486854647
"gamma[5]",0.95,0.5,"mean",-0.022682615,0.0035320725,0.0170529776445725,0.03056955,0.0568238425,12,1.00187486854647
"gamma[6]",0.95,0.5,"mean",0.27093495,0.302787,0.3188825755,0.335012,0.36714515,12,1.00187486854647
"gamma[7]",0.95,0.5,"mean",-1.8767115,-1.77272,-1.72074776,-1.6670125,-1.563566,12,1.00187486854647
"gamma[8]",0.95,0.5,"mean",-1.641951,-1.540355,-1.48535452625,-1.4315375,-1.3265675,12,1.00187486854647
