"parameter","outer_width","inner_width","point_est","ll","l","m","h","hh","time","rhat"
"gamma[1]",0.95,0.5,"mean",2.860432,2.9807075,3.04666689,3.110895,3.2397965,12,1.00073170919606
"gamma[2]",0.95,0.5,"mean",1.0248655,1.09738,1.139152766625,1.1798075,1.26038025,12,1.00073170919606
"gamma[3]",0.95,0.5,"mean",0.128130925,0.15114475,0.1636202415,0.1757955,0.199916075,12,1.00073170919606
"gamma[4]",0.95,0.5,"mean",0.20921435,0.236839,0.251116667375,0.265051,0.29217115,12,1.00073170919606
"gamma[5]",0.95,0.5,"mean",0.00404636525000001,0.0334473,0.04767311650485,0.062369375,0.09016277,12,1.00073170919606
"gamma[6]",0.95,0.5,"mean",0.222483125,0.2497435,0.26384640875,0.27790875,0.30562975,12,1.00073170919606
"gamma[7]",0.95,0.5,"mean",-1.73607425,-1.6406325,-1.58558608875,-1.532935,-1.4283795,12,1.00073170919606
"gamma[8]",0.95,0.5,"mean",-1.6198015,-1.5221425,-1.47316686,-1.4238,-1.32785525,12,1.00073170919606
