"parameter","outer_width","inner_width","point_est","ll","l","m","h","hh","time","rhat"
"gamma[1]",0.95,0.5,"mean",3.00921825,3.13195,3.19931385125,3.265045,3.39534125,8,1.00202498076737
"gamma[2]",0.95,0.5,"mean",0.827529125,0.9094295,0.953593715375,0.9988015,1.07806225,8,1.00202498076737
"gamma[3]",0.95,0.5,"mean",0.184369225,0.20993575,0.222560975875,0.23532875,0.260637025,8,1.00202498076737
"gamma[4]",0.95,0.5,"mean",0.216148825,0.24361275,0.257351028375,0.271225,0.2978503,8,1.00202498076737
"gamma[5]",0.95,0.5,"mean",-0.002558559,0.02261225,0.0353216953505625,0.048109925,0.07320097,8,1.00202498076737
"gamma[6]",0.95,0.5,"mean",0.267565825,0.29562925,0.309272478875,0.32302,0.349755025,8,1.00202498076737
"gamma[7]",0.95,0.5,"mean",-1.73898275,-1.63003,-1.57550826875,-1.5186475,-1.419125,8,1.00202498076737
"gamma[8]",0.95,0.5,"mean",-1.56873225,-1.4719025,-1.42227847,-1.37209,-1.27548975,8,1.00202498076737
