"parameter","outer_width","inner_width","point_est","ll","l","m","h","hh","time","rhat"
"gamma[1]",0.95,0.5,"mean",2.839237,2.974205,3.0391629775,3.10453,3.22989675,11,1.00152566928871
"gamma[2]",0.95,0.5,"mean",0.960353125,1.0349175,1.071704055,1.1092525,1.17934225,11,1.00152566928871
"gamma[3]",0.95,0.5,"mean",0.169945425,0.194572,0.20731523775,0.220274,0.243993075,11,1.00152566928871
"gamma[4]",0.95,0.5,"mean",0.19935025,0.2266735,0.2405279515,0.25463075,0.281215575,11,1.00152566928871
"gamma[5]",0.95,0.5,"mean",0.018503,0.0471312,0.062410716269625,0.07733335,0.108080575,11,1.00152566928871
"gamma[6]",0.95,0.5,"mean",0.230020975,0.257595,0.2729181645,0.287809,0.317445675,11,1.00152566928871
"gamma[7]",0.95,0.5,"mean",-1.7869325,-1.686675,-1.63409929875,-1.581295,-1.4775845,11,1.00152566928871
"gamma[8]",0.95,0.5,"mean",-1.4824765,-1.3767325,-1.32345162875,-1.26912,-1.16740825,11,1.00152566928871
