"parameter","outer_width","inner_width","point_est","ll","l","m","h","hh","time","rhat"
"gamma[1]",0.95,0.5,"mean",2.876407,3.00561,3.0702158525,3.136875,3.2653895,9,1.00156164535807
"gamma[2]",0.95,0.5,"mean",0.874447725,0.955738,0.995271670875,1.03538,1.11020275,9,1.00156164535807
"gamma[3]",0.95,0.5,"mean",0.17209475,0.192622,0.20328916625,0.2140165,0.23499435,9,1.00156164535807
"gamma[4]",0.95,0.5,"mean",0.214457875,0.2395365,0.252300733625,0.26489675,0.288818125,9,1.00156164535807
"gamma[5]",0.95,0.5,"mean",0.0131916475,0.03467855,0.046033180116875,0.0575527,0.07873507,9,1.00156164535807
"gamma[6]",0.95,0.5,"mean",0.273659025,0.305936,0.32214786725,0.33815775,0.3697044,9,1.00156164535807
"gamma[7]",0.95,0.5,"mean",-1.63675225,-1.5362675,-1.48440404,-1.4321725,-1.32632875,9,1.00156164535807
"gamma[8]",0.95,0.5,"mean",-1.58756675,-1.46995,-1.4118258475,-1.35255,-1.24266775,9,1.00156164535807
