"parameter","outer_width","inner_width","point_est","ll","l","m","h","hh","time","rhat"
"gamma[1]",0.95,0.5,"mean",2.534587,2.6596925,2.7178506325,2.7778925,2.88904225,12,1.00154390600238
"gamma[2]",0.95,0.5,"mean",0.986167275,1.060795,1.103801850625,1.145355,1.2255915,12,1.00154390600238
"gamma[3]",0.95,0.5,"mean",0.148248575,0.17549275,0.1891229355,0.20282175,0.22917255,12,1.00154390600238
"gamma[4]",0.95,0.5,"mean",0.2252274,0.25101575,0.264091762125,0.2772705,0.302405775,12,1.00154390600238
"gamma[5]",0.95,0.5,"mean",0.031948485,0.056437475,0.069484693293875,0.082329125,0.1081844,12,1.00154390600238
"gamma[6]",0.95,0.5,"mean",0.2657238,0.292434,0.30590054475,0.319391,0.34569135,12,1.00154390600238
"gamma[7]",0.95,0.5,"mean",-1.71776275,-1.62043,-1.57191027625,-1.5248775,-1.42509475,12,1.00154390600238
"gamma[8]",0.95,0.5,"mean",-1.5443905,-1.4455975,-1.3935481175,-1.342135,-1.24120625,12,1.00154390600238
