"parameter","outer_width","inner_width","point_est","ll","l","m","h","hh","time","rhat"
"gamma[1]",0.95,0.5,"mean",3.008756,3.14808,3.22232545875,3.2943275,3.4512635,12,1.0010309344822
"gamma[2]",0.95,0.5,"mean",0.956158025,1.02336,1.0591256635,1.0955925,1.159871,12,1.0010309344822
"gamma[3]",0.95,0.5,"mean",0.160005775,0.182219,0.1938001595,0.20553525,0.22748135,12,1.0010309344822
"gamma[4]",0.95,0.5,"mean",0.2055962,0.23109525,0.24372059275,0.25628825,0.280800025,12,1.0010309344822
"gamma[5]",0.95,0.5,"mean",0.030848635,0.05630745,0.06943225592175,0.082407075,0.1084315,12,1.0010309344822
"gamma[6]",0.95,0.5,"mean",0.2783789,0.30681,0.320817324625,0.33536575,0.36197105,12,1.0010309344822
"gamma[7]",0.95,0.5,"mean",-1.657112,-1.5521225,-1.4983510675,-1.44471,-1.3381595,12,1.0010309344822
"gamma[8]",0.95,0.5,"mean",-1.511211,-1.4009175,-1.3472879445,-1.29289,-1.18361025,12,1.0010309344822
