"parameter","outer_width","inner_width","point_est","ll","l","m","h","hh","time","rhat"
"gamma[1]",0.95,0.5,"mean",2.87256425,3.0013675,3.06184722125,3.12149,3.249787,7,1.00176571830254
"gamma[2]",0.95,0.5,"mean",0.81841105,0.89552625,0.936098885125,0.97676225,1.05550225,7,1.00176571830254
"gamma[3]",0.95,0.5,"mean",0.197602325,0.22065975,0.23228018275,0.2442605,0.26588805,7,1.00176571830254
"gamma[4]",0.95,0.5,"mean",0.1699712,0.20168875,0.217292145625,0.233472,0.262380375,7,1.00176571830254
"gamma[5]",0.95,0.5,"mean",-0.00462311274999999,0.021116475,0.0342452106439212,0.047244975,0.0730012375,7,1.00176571830254
"gamma[6]",0.95,0.5,"mean",0.2829747,0.3106085,0.32524143575,0.33997275,0.3678275,7,1.00176571830254
"gamma[7]",0.95,0.5,"mean",-1.57784025,-1.48195,-1.43074121,-1.380205,-1.28371575,7,1.00176571830254
"gamma[8]",0.95,0.5,"mean",-1.4614315,-1.3597925,-1.30773996,-1.25425,-1.158048,7,1.00176571830254
