"parameter","outer_width","inner_width","point_est","ll","l","m","h","hh","time","rhat"
"gamma[1]",0.95,0.5,"mean",2.85590925,2.981695,3.04388551375,3.107145,3.2223855,12,1.00112196966362
"gamma[2]",0.95,0.5,"mean",0.889022525,0.9664775,1.006721022,1.0478125,1.1234015,12,1.00112196966362
"gamma[3]",0.95,0.5,"mean",0.17846085,0.2006415,0.211614852875,0.22285225,0.243594475,12,1.00112196966362
"gamma[4]",0.95,0.5,"mean",0.189578125,0.21505025,0.2278248345,0.241142,0.26492805,12,1.00112196966362
"gamma[5]",0.95,0.5,"mean",0.044963965,0.06903375,0.081176138225,0.093174225,0.118226075,12,1.00112196966362
"gamma[6]",0.95,0.5,"mean",0.230642175,0.2579755,0.271908776625,0.28602525,0.31311675,12,1.00112196966362
"gamma[7]",0.95,0.5,"mean",-1.72056025,-1.617,-1.56368684375,-1.510165,-1.409169,12,1.00112196966362
"gamma[8]",0.95,0.5,"mean",-1.46503175,-1.3674075,-1.31790682625,-1.267575,-1.17075825,12,1.00112196966362
