"parameter","outer_width","inner_width","point_est","ll","l","m","h","hh","time","rhat"
"gamma[1]",0.95,0.5,"mean",2.7293185,2.85783,2.92690154375,2.995805,3.12700675,8,1.00204619436184
"gamma[2]",0.95,0.5,"mean",0.98768875,1.0656775,1.10413525025,1.1430125,1.21849425,8,1.00204619436184
"gamma[3]",0.95,0.5,"mean",0.133911575,0.15979125,0.1727284222375,0.18607675,0.2111255,8,1.00204619436184
"gamma[4]",0.95,0.5,"mean",0.2292669,0.25450775,0.267684730375,0.2808825,0.30596635,8,1.00204619436184
"gamma[5]",0.95,0.5,"mean",0.01199929,0.038421975,0.051505190314125,0.064629,0.089581865,8,1.00204619436184
"gamma[6]",0.95,0.5,"mean",0.233999825,0.262571,0.27791224425,0.29309025,0.32076495,8,1.00204619436184
"gamma[7]",0.95,0.5,"mean",-1.64405375,-1.5499425,-1.49912287125,-1.44908,-1.34983925,8,1.00204619436184
"gamma[8]",0.95,0.5,"mean",-1.56880175,-1.4583125,-1.399465885,-1.339885,-1.23604275,8,1.00204619436184
