"parameter","outer_width","inner_width","point_est","ll","l","m","h","hh","time","rhat"
"gamma[1]",0.95,0.5,"mean",2.704969,2.83706,2.9046470125,2.9757325,3.0955475,13,1.00114615369773
"gamma[2]",0.95,0.5,"mean",0.867589525,0.94600675,0.98754374025,1.02821,1.10776325,13,1.00114615369773
"gamma[3]",0.95,0.5,"mean",0.147794925,0.173384,0.1867744965,0.20025925,0.22512795,13,1.00114615369773
"gamma[4]",0.95,0.5,"mean",0.2077281,0.2331065,0.246397123875,0.25992375,0.2845517,13,1.00114615369773
"gamma[5]",0.95,0.5,"mean",0.01791884,0.04219495,0.0547454311394125,0.06718125,0.091165255,13,1.00114615369773
"gamma[6]",0.95,0.5,"mean",0.263427325,0.29154,0.30647843425,0.32136325,0.3485147,13,1.00114615369773
"gamma[7]",0.95,0.5,"mean",-1.85658775,-1.762945,-1.7168331825,-1.6702175,-1.57867725,13,1.00114615369773
"gamma[8]",0.95,0.5,"mean",-1.593583,-1.4914825,-1.43954494125,-1.38649,-1.2865995,13,1.00114615369773
