"parameter","outer_width","inner_width","point_est","ll","l","m","h","hh","time","rhat"
"gamma[1]",0.95,0.5,"mean",2.73881825,2.8955575,2.97656580375,3.05502,3.2147285,13,1.00146005780329
"gamma[2]",0.95,0.5,"mean",0.988022275,1.0623975,1.104012366125,1.143745,1.2229835,13,1.00146005780329
"gamma[3]",0.95,0.5,"mean",0.15119015,0.17418325,0.18629223975,0.19831325,0.222171075,13,1.00146005780329
"gamma[4]",0.95,0.5,"mean",0.2207643,0.2451575,0.257238655,0.26975375,0.2926031,13,1.00146005780329
"gamma[5]",0.95,0.5,"mean",0.0176201975,0.039935725,0.051538888747375,0.063186725,0.0852610525,13,1.00146005780329
"gamma[6]",0.95,0.5,"mean",0.2220086,0.2517665,0.266924781375,0.28193,0.312124025,13,1.00146005780329
"gamma[7]",0.95,0.5,"mean",-1.804672,-1.70379,-1.6530149275,-1.601165,-1.5096335,13,1.00146005780329
"gamma[8]",0.95,0.5,"mean",-1.44448125,-1.3509525,-1.30355880125,-1.25553,-1.16349425,13,1.00146005780329
