"parameter","outer_width","inner_width","point_est","ll","l","m","h","hh","time","rhat"
"gamma[1]",0.95,0.5,"mean",2.820202,2.96439,3.03733604,3.1083025,3.26450125,12,1.00222770097648
"gamma[2]",0.95,0.5,"mean",0.754005,0.83577125,0.878992288125,0.92219175,1.006309,12,1.00222770097648
"gamma[3]",0.95,0.5,"mean",0.18071385,0.2049725,0.217361444375,0.23003925,0.254051575,12,1.00222770097648
"gamma[4]",0.95,0.5,"mean",0.1989787,0.22309775,0.235387270875,0.2477325,0.271105325,12,1.00222770097648
"gamma[5]",0.95,0.5,"mean",-0.01136626,0.015462675,0.0298463239096875,0.044469075,0.0717269775,12,1.00222770097648
"gamma[6]",0.95,0.5,"mean",0.2747549,0.30638125,0.3220441425,0.3375415,0.369097225,12,1.00222770097648
"gamma[7]",0.95,0.5,"mean",-1.79205825,-1.70351,-1.65613140625,-1.60813,-1.52068725,12,1.00222770097648
"gamma[8]",0.95,0.5,"mean",-1.5466975,-1.4447475,-1.3921115425,-1.3388775,-1.238369,12,1.00222770097648
