"parameter","outer_width","inner_width","point_est","ll","l","m","h","hh","time","rhat"
"gamma[1]",0.95,0.5,"mean",2.6050095,2.73269,2.79671397,2.8629525,2.98480875,9,1.00110445234142
"gamma[2]",0.95,0.5,"mean",0.9371445,1.009595,1.050101591875,1.0899625,1.1677815,9,1.00110445234142
"gamma[3]",0.95,0.5,"mean",0.152398525,0.1744705,0.185428909125,0.19658975,0.21804395,9,1.00110445234142
"gamma[4]",0.95,0.5,"mean",0.189440375,0.21588075,0.22883185925,0.2420105,0.266797225,9,1.00110445234142
"gamma[5]",0.95,0.5,"mean",0.0262296175,0.055093225,0.07036441034975,0.08563385,0.113795025,9,1.00110445234142
"gamma[6]",0.95,0.5,"mean",0.2589824,0.28791325,0.3041048205,0.3202105,0.35029655,9,1.00110445234142
"gamma[7]",0.95,0.5,"mean",-1.81982025,-1.7304,-1.68336865875,-1.63636,-1.54756975,9,1.00110445234142
"gamma[8]",0.95,0.5,"mean",-1.5927365,-1.49644,-1.45021556875,-1.40364,-1.31368825,9,1.00110445234142
