"parameter","outer_width","inner_width","point_est","ll","l","m","h","hh","time","rhat"
"gamma[1]",0.95,0.5,"mean",2.64541625,2.758785,2.81419568625,2.8691875,2.991843,10,1.0011540723699
"gamma[2]",0.95,0.5,"mean",1.04109975,1.1256075,1.170007128625,1.21444,1.299931,10,1.0011540723699
"gamma[3]",0.95,0.5,"mean",0.180965525,0.20570575,0.218556023625,0.231324,0.256042025,10,1.0011540723699
"gamma[4]",0.95,0.5,"mean",0.2125933,0.23929225,0.253019864125,0.2667265,0.2918069,10,1.0011540723699
"gamma[5]",0.95,0.5,"mean",0.00790765825000001,0.0335957,0.0467870365516625,0.060205375,0.0851931925,10,1.0011540723699
"gamma[6]",0.95,0.5,"mean",0.24480485,0.27095475,0.28558216625,0.299884,0.327536925,10,1.0011540723699
"gamma[7]",0.95,0.5,"mean",-1.7184305,-1.6255575,-1.58016761875,-1.53358,-1.44530975,10,1.0011540723699
"gamma[8]",0.95,0.5,"mean",-1.6658905,-1.5706125,-1.52105387375,-1.47059,-1.37862425,10,1.0011540723699
