"parameter","outer_width","inner_width","point_est","ll","l","m","h","hh","time","rhat"
"gamma[1]",0.95,0.5,"mean",2.78733625,2.9471925,3.02506417125,3.1064575,3.242669,11,1.00151835558386
"gamma[2]",0.95,0.5,"mean",0.980477675,1.0662075,1.1058398435,1.14745,1.2289325,11,1.00151835558386
"gamma[3]",0.95,0.5,"mean",0.1765967,0.20194775,0.21505840725,0.22821225,0.25338875,11,1.00151835558386
"gamma[4]",0.95,0.5,"mean",0.2040955,0.23171175,0.245464633375,0.2595035,0.2854731,11,1.00151835558386
"gamma[5]",0.95,0.5,"mean",-0.0311345,-0.0040481625,0.00964336705029875,0.02339625,0.0500561225,11,1.00151835558386
"gamma[6]",0.95,0.5,"mean",0.240708875,0.2690465,0.28394395625,0.2988625,0.326677625,11,1.00151835558386
"gamma[7]",0.95,0.5,"mean",-1.831651,-1.7387575,-1.690813935,-1.64296,-1.549867,11,1.00151835558386
"gamma[8]",0.95,0.5,"mean",-1.493677,-1.3947825,-1.34047016,-1.28744,-1.1815725,11,1.00151835558386
