"parameter","outer_width","inner_width","point_est","ll","l","m","h","hh","time","rhat"
"gamma[1]",0.95,0.5,"mean",2.73213675,2.85509,2.92181758875,2.9852125,3.11643225,12,1.00253573874199
"gamma[2]",0.95,0.5,"mean",0.87980255,0.9610435,1.003875063375,1.04716,1.126081,12,1.00253573874199
"gamma[3]",0.95,0.5,"mean",0.177435,0.201074,0.212860711625,0.2250205,0.246849425,12,1.00253573874199
"gamma[4]",0.95,0.5,"mean",0.237897725,0.26360075,0.277213986875,0.2906985,0.3159717,12,1.00253573874199
"gamma[5]",0.95,0.5,"mean",0.042427925,0.069295325,0.08260176621,0.096004325,0.1224533,12,1.00253573874199
"gamma[6]",0.95,0.5,"mean",0.249771925,0.27799275,0.291538552875,0.30550625,0.33110765,12,1.00253573874199
"gamma[7]",0.95,0.5,"mean",-1.68489125,-1.584835,-1.5314765875,-1.47888,-1.37868925,12,1.00253573874199
"gamma[8]",0.95,0.5,"mean",-1.61432825,-1.502055,-1.44876293,-1.39481,-1.28764175,12,1.00253573874199
