"parameter","outer_width","inner_width","point_est","ll","l","m","h","hh","time","rhat"
"gamma[1]",0.95,0.5,"mean",2.75720875,2.892955,2.958556095,3.02494,3.1436125,8,1.00233192741429
"gamma[2]",0.95,0.5,"mean",0.93373575,1.01118,1.051217167375,1.0906225,1.169707,8,1.00233192741429
"gamma[3]",0.95,0.5,"mean",0.16089155,0.1872795,0.20054793975,0.21377325,0.239078025,8,1.00233192741429
"gamma[4]",0.95,0.5,"mean",0.211074325,0.2347775,0.247081270125,0.25951825,0.28313685,8,1.00233192741429
"gamma[5]",0.95,0.5,"mean",0.017006705,0.0425839,0.05654584763245,0.070140125,0.0967756825,8,1.00233192741429
"gamma[6]",0.95,0.5,"mean",0.287086775,0.31615025,0.33126494625,0.3457645,0.37758485,8,1.00233192741429
"gamma[7]",0.95,0.5,"mean",-1.771961,-1.683105,-1.6315014725,-1.58157,-1.4879535,8,1.00233192741429
"gamma[8]",0.95,0.5,"mean",-1.47653,-1.366325,-1.3123847775,-1.25781,-1.14881975,8,1.00233192741429
