"parameter","outer_width","inner_width","point_est","ll","l","m","h","hh","time","rhat"
"gamma[1]",0.95,0.5,"mean",2.8523175,2.976045,3.04803917875,3.11626,3.250844,10,1.00157592530739
"gamma[2]",0.95,0.5,"mean",0.926656,1.0024075,1.044528162125,1.086215,1.16235075,10,1.00157592530739
"gamma[3]",0.95,0.5,"mean",0.172172725,0.19339775,0.204127558,0.21500725,0.23624945,10,1.00157592530739
"gamma[4]",0.95,0.5,"mean",0.23718185,0.2590425,0.270739969375,0.28266425,0.303884425,10,1.00157592530739
"gamma[5]",0.95,0.5,"mean",0.01606012,0.040655225,0.053593447441625,0.06671745,0.09150025,10,1.00157592530739
"gamma[6]",0.95,0.5,"mean",0.24350645,0.27312,0.288053546375,0.3028415,0.333125425,10,1.00157592530739
"gamma[7]",0.95,0.5,"mean",-1.7338725,-1.62456,-1.56393612375,-1.5045975,-1.385856,10,1.00157592530739
"gamma[8]",0.95,0.5,"mean",-1.675423,-1.5644475,-1.50964301875,-1.45244,-1.35394975,10,1.00157592530739
