"parameter","outer_width","inner_width","point_est","ll","l","m","h","hh","time","rhat"
"gamma[1]",0.95,0.5,"mean",2.84914475,2.992845,3.06357662375,3.1358825,3.281401,9,1.00283781282098
"gamma[2]",0.95,0.5,"mean",0.880768975,0.95560525,0.992095666625,1.0274375,1.105541,9,1.00283781282098
"gamma[3]",0.95,0.5,"mean",0.144754825,0.1699525,0.1819408575,0.19396,0.218229075,9,1.00283781282098
"gamma[4]",0.95,0.5,"mean",0.185490175,0.21319325,0.227040017875,0.241015,0.2679374,9,1.00283781282098
"gamma[5]",0.95,0.5,"mean",0.0419049075,0.0678367,0.081170034125,0.094626675,0.119883275,9,1.00283781282098
"gamma[6]",0.95,0.5,"mean",0.26062815,0.28707625,0.301027962375,0.314996,0.34058665,9,1.00283781282098
"gamma[7]",0.95,0.5,"mean",-1.74712,-1.644395,-1.5898666575,-1.53591,-1.431166,9,1.00283781282098
"gamma[8]",0.95,0.5,"mean",-1.6148045,-1.5131075,-1.454623645,-1.3972075,-1.28784575,9,1.00283781282098
