"parameter","outer_width","inner_width","point_est","ll","l","m","h","hh","time","rhat"
"gamma[1]",0.95,0.5,"mean",2.7663795,2.9180525,2.99829604875,3.0768825,3.22252,12,1.0013319984548
"gamma[2]",0.95,0.5,"mean",0.908020575,0.98821575,1.02774862825,1.0675525,1.14576175,12,1.0013319984548
"gamma[3]",0.95,0.5,"mean",0.15008,0.17715975,0.19061462175,0.204023,0.230995075,12,1.0013319984548
"gamma[4]",0.95,0.5,"mean",0.212507975,0.240924,0.25581419,0.270545,0.300069075,12,1.0013319984548
"gamma[5]",0.95,0.5,"mean",-0.0060683695,0.018855,0.0323102084758625,0.0453888,0.071073345,12,1.0013319984548
"gamma[6]",0.95,0.5,"mean",0.29554665,0.31916825,0.332673718,0.3455525,0.37102635,12,1.0013319984548
"gamma[7]",0.95,0.5,"mean",-1.84807925,-1.7408275,-1.6864218,-1.6323,-1.5338705,12,1.0013319984548
"gamma[8]",0.95,0.5,"mean",-1.4831815,-1.3683325,-1.30509340775,-1.2418975,-1.1280645,12,1.0013319984548
