"parameter","outer_width","inner_width","point_est","ll","l","m","h","hh","time","rhat"
"gamma[1]",0.95,0.5,"mean",3.0346335,3.1624875,3.22947649125,3.294665,3.431993,11,1.00102378608344
"gamma[2]",0.95,0.5,"mean",0.90092945,0.97807675,1.019177915875,1.0601625,1.138463,11,1.00102378608344
"gamma[3]",0.95,0.5,"mean",0.1553727,0.18349625,0.1975502015,0.21172675,0.2400528,11,1.00102378608344
"gamma[4]",0.95,0.5,"mean",0.224142375,0.24733775,0.259727443875,0.27187325,0.295599075,11,1.00102378608344
"gamma[5]",0.95,0.5,"mean",0.004662274,0.031116875,0.04483616047625,0.058595375,0.08425523,11,1.00102378608344
"gamma[6]",0.95,0.5,"mean",0.2568367,0.2827555,0.295752894875,0.308643,0.334010375,11,1.00102378608344
"gamma[7]",0.95,0.5,"mean",-1.674923,-1.5713625,-1.51695723125,-1.461565,-1.3528365,11,1.00102378608344
"gamma[8]",0.95,0.5,"mean",-1.507373,-1.4159225,-1.36934108375,-1.32279,-1.23201975,11,1.00102378608344
