"parameter","outer_width","inner_width","point_est","ll","l","m","h","hh","time","rhat"
"gamma[1]",0.95,0.5,"mean",2.798213,2.9094775,2.971169745,3.02982,3.155303,10,1.00193350857883
"gamma[2]",0.95,0.5,"mean",0.8431092,0.9136315,0.95220249925,0.99027175,1.06621025,10,1.00193350857883
"gamma[3]",0.95,0.5,"mean",0.13228845,0.1556085,0.168237436125,0.1805285,0.204526875,10,1.00193350857883
"gamma[4]",0.95,0.5,"mean",0.214813175,0.240722,0.254019544125,0.2672965,0.29241675,10,1.00193350857883
"gamma[5]",0.95,0.5,"mean",0.056792305,0.084031375,0.0977291026,0.11133525,0.13909965,10,1.00193350857883
"gamma[6]",0.95,0.5,"mean",0.308400975,0.341728,0.358896815625,0.37631125,0.409248925,10,1.00193350857883
"gamma[7]",0.95,0.5,"mean",-1.71106125,-1.60637,-1.5527966375,-1.5,-1.389129,10,1.00193350857883
"gamma[8]",0.95,0.5,"mean",-1.54980275,-1.4554075,-1.40546639375,-1.35631,-1.25938775,10,1.00193350857883
