"parameter","outer_width","inner_width","point_est","ll","l","m","h","hh","time","rhat"
"gamma[1]",0.95,0.5,"mean",2.908264,3.024115,3.0895256275,3.1538325,3.28029375,6,1.00223367535006
"gamma[2]",0.95,0.5,"mean",1.00060675,1.0726075,1.108169777,1.1444975,1.21045075,6,1.00223367535006
"gamma[3]",0.95,0.5,"mean",0.15412355,0.177122,0.1890286605,0.2013045,0.224266275,6,1.00223367535006
"gamma[4]",0.95,0.5,"mean",0.20076475,0.22845075,0.242885487375,0.2571515,0.284087175,6,1.00223367535006
"gamma[5]",0.95,0.5,"mean",0.0286063575,0.051366775,0.0629614884375,0.074422475,0.09600065,6,1.00223367535006
"gamma[6]",0.95,0.5,"mean",0.242502725,0.27223375,0.28724214825,0.302134,0.3308874,6,1.00223367535006
"gamma[7]",0.95,0.5,"mean",-1.590125,-1.4846,-1.43109022375,-1.3782625,-1.26960675,6,1.00223367535006
"gamma[8]",0.95,0.5,"mean",-1.69010175,-1.5735,-1.5096303875,-1.4469775,-1.3214135,6,1.00223367535006
