"parameter","outer_width","inner_width","point_est","ll","l","m","h","hh","time","rhat"
"gamma[1]",0.95,0.5,"mean",2.806009,2.9503725,3.02865293875,3.1065525,3.25549675,11,1.00128749478547
"gamma[2]",0.95,0.5,"mean",0.80602325,0.884953,0.926186027875,0.96737125,1.04354225,11,1.00128749478547
"gamma[3]",0.95,0.5,"mean",0.203137725,0.23030375,0.24357533125,0.2571685,0.2825759,11,1.00128749478547
"gamma[4]",0.95,0.5,"mean",0.190475375,0.21842125,0.23263395425,0.246494,0.275125525,11,1.00128749478547
"gamma[5]",0.95,0.5,"mean",0.0177283825,0.041874225,0.054144555200775,0.066445675,0.090858415,11,1.00128749478547
"gamma[6]",0.95,0.5,"mean",0.2674704,0.294116,0.30753878275,0.32107525,0.34901805,11,1.00128749478547
"gamma[7]",0.95,0.5,"mean",-1.71069325,-1.5988425,-1.5403785725,-1.4835,-1.36646475,11,1.00128749478547
"gamma[8]",0.95,0.5,"mean",-1.62681975,-1.528,-1.4767920775,-1.4261575,-1.32375025,11,1.00128749478547
