"parameter","outer_width","inner_width","point_est","ll","l","m","h","hh","time","rhat"
"gamma[1]",0.95,0.5,"mean",2.8068675,2.9177925,2.985693745,3.0522175,3.17294225,8,1.00306512279416
"gamma[2]",0.95,0.5,"mean",0.843649975,0.91383525,0.959062933,1.0022075,1.0813445,8,1.00306512279416
"gamma[3]",0.95,0.5,"mean",0.177281525,0.197799,0.20851034825,0.21914175,0.239347275,8,1.00306512279416
"gamma[4]",0.95,0.5,"mean",0.169236125,0.195866,0.2101344135,0.22401675,0.250828275,8,1.00306512279416
"gamma[5]",0.95,0.5,"mean",0.0122686725,0.037612725,0.051162950413825,0.06442975,0.0905744625,8,1.00306512279416
"gamma[6]",0.95,0.5,"mean",0.255573,0.28407525,0.299285547375,0.31464675,0.34356415,8,1.00306512279416
"gamma[7]",0.95,0.5,"mean",-1.6987415,-1.6027,-1.55234489625,-1.50176,-1.40697075,8,1.00306512279416
"gamma[8]",0.95,0.5,"mean",-1.63950275,-1.5389925,-1.49118960625,-1.4417575,-1.35182975,8,1.00306512279416
