"parameter","outer_width","inner_width","point_est","ll","l","m","h","hh","time","rhat"
"gamma[1]",0.95,0.5,"mean",2.878839,3.0078475,3.0683962325,3.133075,3.2459845,9,1.00186300657338
"gamma[2]",0.95,0.5,"mean",0.931851925,1.0216775,1.061254036625,1.1030825,1.18383275,9,1.00186300657338
"gamma[3]",0.95,0.5,"mean",0.147858775,0.17281625,0.18606412225,0.1992,0.224869875,9,1.00186300657338
"gamma[4]",0.95,0.5,"mean",0.141850925,0.16964525,0.1845563095,0.19915275,0.227715575,9,1.00186300657338
"gamma[5]",0.95,0.5,"mean",0.009594016,0.03488185,0.0467221466782875,0.058742275,0.0817483075,9,1.00186300657338
"gamma[6]",0.95,0.5,"mean",0.2848455,0.315364,0.33028641725,0.34550125,0.3749707,9,1.00186300657338
"gamma[7]",0.95,0.5,"mean",-1.837991,-1.7343425,-1.6761410175,-1.62036,-1.50819075,9,1.00186300657338
"gamma[8]",0.95,0.5,"mean",-1.65394125,-1.56083,-1.51306561875,-1.465975,-1.3692435,9,1.00186300657338
