"parameter","outer_width","inner_width","point_est","ll","l","m","h","hh","time","rhat"
"gamma[1]",0.95,0.5,"mean",2.7785145,2.89916,2.96458285875,3.03158,3.15832375,10,1.0018760956618
"gamma[2]",0.95,0.5,"mean",0.79801515,0.8713835,0.915061196375,0.9577195,1.0383315,10,1.0018760956618
"gamma[3]",0.95,0.5,"mean",0.157485825,0.1819395,0.193902283,0.20618425,0.22922055,10,1.0018760956618
"gamma[4]",0.95,0.5,"mean",0.238932325,0.2637755,0.276660508125,0.28969175,0.313844075,10,1.0018760956618
"gamma[5]",0.95,0.5,"mean",0.0354570425,0.0598701,0.0735628046675,0.0870718,0.1123233,10,1.0018760956618
"gamma[6]",0.95,0.5,"mean",0.307089675,0.3346075,0.34884536075,0.3631005,0.3910532,10,1.0018760956618
"gamma[7]",0.95,0.5,"mean",-1.603974,-1.5146425,-1.468622735,-1.4222725,-1.33053975,10,1.0018760956618
"gamma[8]",0.95,0.5,"mean",-1.58183425,-1.46203,-1.40696377375,-1.34837,-1.2417185,10,1.0018760956618
