"parameter","outer_width","inner_width","point_est","ll","l","m","h","hh","time","rhat"
"gamma[1]",0.95,0.5,"mean",2.77889375,2.9102975,2.97954247375,3.049075,3.18091325,10,1.00128121835698
"gamma[2]",0.95,0.5,"mean",0.839728025,0.92097725,0.96254459375,1.0042825,1.08446325,10,1.00128121835698
"gamma[3]",0.95,0.5,"mean",0.1283332,0.15411375,0.166642233925,0.17947575,0.2042881,10,1.00128121835698
"gamma[4]",0.95,0.5,"mean",0.2008915,0.22845075,0.241898277,0.25585625,0.28053575,10,1.00128121835698
"gamma[5]",0.95,0.5,"mean",0.03724568,0.06583345,0.079917008301875,0.094295575,0.121756925,10,1.00128121835698
"gamma[6]",0.95,0.5,"mean",0.2121245,0.244495,0.26106588275,0.2778395,0.309859825,10,1.00128121835698
"gamma[7]",0.95,0.5,"mean",-1.63795225,-1.54121,-1.48830253875,-1.4354675,-1.33760725,10,1.00128121835698
"gamma[8]",0.95,0.5,"mean",-1.59695425,-1.4905575,-1.43370638375,-1.3791425,-1.261039,10,1.00128121835698
