"parameter","outer_width","inner_width","point_est","ll","l","m","h","hh","time","rhat"
"gamma[1]",0.95,0.5,"mean",2.85444325,2.9886275,3.054312825,3.12141,3.240872,13,1.00160870598399
"gamma[2]",0.95,0.5,"mean",0.8563501,0.93269025,0.9746102315,1.015705,1.09564025,13,1.00160870598399
"gamma[3]",0.95,0.5,"mean",0.161595675,0.187596,0.20067092475,0.213977,0.238367625,13,1.00160870598399
"gamma[4]",0.95,0.5,"mean",0.146618425,0.17314225,0.1865614396375,0.20034425,0.2258651,13,1.00160870598399
"gamma[5]",0.95,0.5,"mean",0.0149574225,0.04006515,0.0528227909557938,0.065553825,0.0910493075,13,1.00160870598399
"gamma[6]",0.95,0.5,"mean",0.2748936,0.300123,0.313182767125,0.3262875,0.35114625,13,1.00160870598399
"gamma[7]",0.95,0.5,"mean",-1.68037,-1.588795,-1.540417445,-1.4934225,-1.39850975,13,1.00160870598399
"gamma[8]",0.95,0.5,"mean",-1.57170575,-1.4627425,-1.4090269225,-1.35463,-1.249776,13,1.00160870598399
