"parameter","outer_width","inner_width","point_est","ll","l","m","h","hh","time","rhat"
"gamma[1]",0.95,0.5,"mean",2.7749675,2.9066575,2.98313298375,3.05717,3.20360725,8,1.00305938415578
"gamma[2]",0.95,0.5,"mean",0.95805505,1.04655,1.090263632875,1.13472,1.22235225,8,1.00305938415578
"gamma[3]",0.95,0.5,"mean",0.170165625,0.19573,0.2089146995,0.22167925,0.2482882,8,1.00305938415578
"gamma[4]",0.95,0.5,"mean",0.23771775,0.26346975,0.2768131525,0.2902615,0.31671015,8,1.00305938415578
"gamma[5]",0.95,0.5,"mean",-0.00611211699999999,0.022622125,0.0370349007246125,0.0517743,0.0817676525,8,1.00305938415578
"gamma[6]",0.95,0.5,"mean",0.237218725,0.266288,0.28104001075,0.29572625,0.32356055,8,1.00305938415578
"gamma[7]",0.95,0.5,"mean",-1.670952,-1.5636025,-1.50637298,-1.4502625,-1.33969975,8,1.00305938415578
"gamma[8]",0.95,0.5,"mean",-1.63044675,-1.540505,-1.49097804375,-1.44278,-1.34481825,8,1.00305938415578
