"parameter","outer_width","inner_width","point_est","ll","l","m","h","hh","time","rhat"
"gamma[1]",0.95,0.5,"mean",2.8213585,2.95774,3.02657478875,3.0958,3.235313,13,1.00103706208445
"gamma[2]",0.95,0.5,"mean",0.917044875,1.002335,1.04713364775,1.0918825,1.179252,13,1.00103706208445
"gamma[3]",0.95,0.5,"mean",0.15181365,0.177191,0.190578922875,0.20388025,0.23026615,13,1.00103706208445
"gamma[4]",0.95,0.5,"mean",0.22838285,0.2536815,0.267238113,0.2805355,0.3066368,13,1.00103706208445
"gamma[5]",0.95,0.5,"mean",0.0288157075,0.057395,0.07208692714025,0.087108675,0.11420605,13,1.00103706208445
"gamma[6]",0.95,0.5,"mean",0.2837287,0.3091825,0.32244798175,0.335187,0.3610882,13,1.00103706208445
"gamma[7]",0.95,0.5,"mean",-1.71629375,-1.6131525,-1.5589926875,-1.5044275,-1.39597725,13,1.00103706208445
"gamma[8]",0.95,0.5,"mean",-1.4762105,-1.383315,-1.33532763125,-1.28689,-1.193966,13,1.00103706208445
