"parameter","outer_width","inner_width","point_est","ll","l","m","h","hh","time","rhat"
"gamma[1]",0.95,0.5,"mean",2.75991525,2.9148825,2.99132059375,3.069145,3.21957125,13,1.00108491999675
"gamma[2]",0.95,0.5,"mean",0.955130025,1.036605,1.079081487625,1.1213725,1.20532175,13,1.00108491999675
"gamma[3]",0.95,0.5,"mean",0.1808305,0.204597,0.216493672625,0.22856075,0.251254125,13,1.00108491999675
"gamma[4]",0.95,0.5,"mean",0.221619975,0.24523775,0.257080851375,0.26917375,0.2917853,13,1.00108491999675
"gamma[5]",0.95,0.5,"mean",0.00151653000000001,0.027566625,0.0409009046068625,0.054380225,0.0796929725,13,1.00108491999675
"gamma[6]",0.95,0.5,"mean",0.267447375,0.29643675,0.31181270075,0.3273145,0.355909775,13,1.00108491999675
"gamma[7]",0.95,0.5,"mean",-1.63917675,-1.5412025,-1.49021609,-1.4386075,-1.3409615,13,1.00108491999675
"gamma[8]",0.95,0.5,"mean",-1.58500275,-1.47463,-1.41660410125,-1.357695,-1.24475,13,1.00108491999675
