"parameter","outer_width","inner_width","point_est","ll","l","m","h","hh","time","rhat"
"gamma[1]",0.95,0.5,"mean",2.9913585,3.12544,3.1905945175,3.25797,3.38557125,9,1.00129251656318
"gamma[2]",0.95,0.5,"mean",0.949872875,1.0291075,1.072327758875,1.115535,1.20307125,9,1.00129251656318
"gamma[3]",0.95,0.5,"mean",0.167522025,0.193503,0.206609837125,0.219873,0.245563875,9,1.00129251656318
"gamma[4]",0.95,0.5,"mean",0.217534675,0.24520225,0.260008943375,0.2745005,0.303798225,9,1.00129251656318
"gamma[5]",0.95,0.5,"mean",-0.03476764,-0.007969305,0.00559340382863662,0.0192846,0.0453209725,9,1.00129251656318
"gamma[6]",0.95,0.5,"mean",0.280813175,0.312487,0.328885599375,0.34553725,0.376476275,9,1.00129251656318
"gamma[7]",0.95,0.5,"mean",-1.71987025,-1.6163125,-1.559482065,-1.503835,-1.3939505,9,1.00129251656318
"gamma[8]",0.95,0.5,"mean",-1.42687925,-1.3279175,-1.27497413525,-1.22258,-1.1200955,9,1.00129251656318
