"parameter","outer_width","inner_width","point_est","ll","l","m","h","hh","time","rhat"
"gamma[1]",0.95,0.5,"mean",2.6685,2.8182225,2.8891847825,2.962635,3.097371,11,1.00108251562133
"gamma[2]",0.95,0.5,"mean",0.87202295,0.956587,1.0026877425,1.048785,1.13709075,11,1.00108251562133
"gamma[3]",0.95,0.5,"mean",0.11934125,0.1450055,0.15801117765,0.171194,0.196226475,11,1.00108251562133
"gamma[4]",0.95,0.5,"mean",0.190958,0.21590475,0.228548257375,0.2411965,0.266126325,11,1.00108251562133
"gamma[5]",0.95,0.5,"mean",0.01284838,0.039875475,0.0534459903975625,0.06705315,0.0926249125,11,1.00108251562133
"gamma[6]",0.95,0.5,"mean",0.27141465,0.29665225,0.3101821665,0.32363375,0.349878275,11,1.00108251562133
"gamma[7]",0.95,0.5,"mean",-1.82076,-1.7294875,-1.6818800125,-1.6344275,-1.54497525,11,1.00108251562133
"gamma[8]",0.95,0.5,"mean",-1.540031,-1.4365925,-1.38409767,-1.3310875,-1.224889,11,1.00108251562133
