"parameter","outer_width","inner_width","point_est","ll","l","m","h","hh","time","rhat"
"gamma[1]",0.95,0.5,"mean",2.81412175,2.9597775,3.035092345,3.1108625,3.25682125,11,1.00159462764856
"gamma[2]",0.95,0.5,"mean",0.939280425,1.0143425,1.052346029625,1.0904825,1.161471,11,1.00159462764856
"gamma[3]",0.95,0.5,"mean",0.156947575,0.1805735,0.19330326275,0.20611925,0.229600125,11,1.00159462764856
"gamma[4]",0.95,0.5,"mean",0.224974525,0.2503555,0.26378326025,0.27714025,0.3022357,11,1.00159462764856
"gamma[5]",0.95,0.5,"mean",-0.0256236,-0.0039867575,0.0076484025330875,0.01895385,0.0420131575,11,1.00159462764856
"gamma[6]",0.95,0.5,"mean",0.2288364,0.25591775,0.27000561125,0.2840835,0.310887425,11,1.00159462764856
"gamma[7]",0.95,0.5,"mean",-1.78261325,-1.67628,-1.62321093625,-1.5704675,-1.4669045,11,1.00159462764856
"gamma[8]",0.95,0.5,"mean",-1.58457225,-1.47802,-1.42465015125,-1.371335,-1.26644925,11,1.00159462764856
