"parameter","outer_width","inner_width","point_est","ll","l","m","h","hh","time","rhat"
"gamma[1]",0.95,0.5,"mean",2.753322,2.8831925,2.94727874125,3.0128875,3.13615275,12,1.00183226973692
"gamma[2]",0.95,0.5,"mean",0.928063525,1.000615,1.037755470875,1.0744225,1.15154475,12,1.00183226973692
"gamma[3]",0.95,0.5,"mean",0.168352375,0.1908635,0.20274035575,0.214738,0.237124375,12,1.00183226973692
"gamma[4]",0.95,0.5,"mean",0.232735825,0.260683,0.2752747555,0.29007525,0.31775605,12,1.00183226973692
"gamma[5]",0.95,0.5,"mean",-0.01748578,0.00423063,0.0155697403712612,0.027005275,0.0490534575,12,1.00183226973692
"gamma[6]",0.95,0.5,"mean",0.232538075,0.25564925,0.268090137375,0.28050025,0.30526015,12,1.00183226973692
"gamma[7]",0.95,0.5,"mean",-1.8567945,-1.7560075,-1.7035621225,-1.6507575,-1.54773375,12,1.00183226973692
"gamma[8]",0.95,0.5,"mean",-1.54760075,-1.457655,-1.40623027375,-1.3553275,-1.258889,12,1.00183226973692
