"parameter","outer_width","inner_width","point_est","ll","l","m","h","hh","time","rhat"
"gamma[1]",0.95,0.5,"mean",2.73224025,2.8528475,2.91984113375,2.985045,3.120494,25,1.00189965519988
"gamma[2]",0.95,0.5,"mean",0.88934955,0.9603405,0.997628759875,1.03614,1.1034705,25,1.00189965519988
"gamma[3]",0.95,0.5,"mean",0.1681581,0.19247525,0.205496690875,0.21850825,0.242193375,25,1.00189965519988
"gamma[4]",0.95,0.5,"mean",0.228263675,0.25295825,0.26534252525,0.2777845,0.302214025,25,1.00189965519988
"gamma[5]",0.95,0.5,"mean",0.0178901975,0.048652425,0.064112621605375,0.079569425,0.109822925,25,1.00189965519988
"gamma[6]",0.95,0.5,"mean",0.246114525,0.27220125,0.286391236125,0.3007175,0.327856025,25,1.00189965519988
"gamma[7]",0.95,0.5,"mean",-1.8676715,-1.7629625,-1.70375269875,-1.6455375,-1.526726,25,1.00189965519988
"gamma[8]",0.95,0.5,"mean",-1.53942225,-1.4450225,-1.3887703175,-1.33484,-1.233037,25,1.00189965519988
