"parameter","outer_width","inner_width","point_est","ll","l","m","h","hh","time","rhat"
"gamma[1]",0.95,0.5,"mean",2.827047,2.9713175,3.04961876625,3.1267325,3.26583425,12,1.00124381225049
"gamma[2]",0.95,0.5,"mean",0.7558832,0.8411505,0.885114536,0.92915425,1.01153025,12,1.00124381225049
"gamma[3]",0.95,0.5,"mean",0.188600075,0.2142505,0.228146134375,0.24195925,0.268126375,12,1.00124381225049
"gamma[4]",0.95,0.5,"mean",0.188548975,0.2144035,0.2276932175,0.241047,0.26628255,12,1.00124381225049
"gamma[5]",0.95,0.5,"mean",0.02353911,0.054964325,0.070972269872125,0.087227575,0.1177581,12,1.00124381225049
"gamma[6]",0.95,0.5,"mean",0.255306925,0.28553375,0.300679271,0.3157315,0.346354175,12,1.00124381225049
"gamma[7]",0.95,0.5,"mean",-1.70140375,-1.60879,-1.55712665875,-1.506725,-1.41035925,12,1.00124381225049
"gamma[8]",0.95,0.5,"mean",-1.5240265,-1.4093975,-1.347209921125,-1.28509,-1.16482,12,1.00124381225049
