"paramHeader","param","est","posterior_sd","pval","lower_2.5ci","upper_2.5ci","sig","BetweenWithin","mplus_time","rhatMean","rhatLast"
"Means","X",3.026,0.137,0,2.758,3.292,TRUE,"Between",2,1.00014331883834,1.00014331883834
"Means","Y",0.973,0.1,0,0.78,1.168,TRUE,"Between",2,1.00014331883834,1.00014331883834
"Means","PHI_X",0.182,0.025,0,0.132,0.23,TRUE,"Between",2,1.00014331883834,1.00014331883834
"Means","PHI_Y",0.265,0.027,0,0.213,0.317,TRUE,"Between",2,1.00014331883834,1.00014331883834
"Means","PHI_XY",0.103,0.031,0.001,0.042,0.164,TRUE,"Between",2,1.00014331883834,1.00014331883834
"Means","BETA_YX",0.289,0.035,0,0.22,0.358,TRUE,"Between",2,1.00014331883834,1.00014331883834
"Means","PSI_X",-1.516,0.111,0,-1.738,-1.298,TRUE,"Between",2,1.00014331883834,1.00014331883834
"Means","PSI_Y",-1.5,0.121,0,-1.733,-1.26,TRUE,"Between",2,1.00014331883834,1.00014331883834
