"paramHeader","param","est","posterior_sd","pval","lower_2.5ci","upper_2.5ci","sig","BetweenWithin","mplus_time","rhatMean","rhatLast"
"Means","X",2.849,0.134,0,2.581,3.114,TRUE,"Between",2,1.00017783266061,1.00017783266061
"Means","Y",1.053,0.089,0,0.879,1.226,TRUE,"Between",2,1.00017783266061,1.00017783266061
"Means","PHI_X",0.153,0.023,0,0.107,0.197,TRUE,"Between",2,1.00017783266061,1.00017783266061
"Means","PHI_Y",0.24,0.023,0,0.195,0.284,TRUE,"Between",2,1.00017783266061,1.00017783266061
"Means","PHI_XY",0.082,0.027,0.002,0.027,0.134,TRUE,"Between",2,1.00017783266061,1.00017783266061
"Means","BETA_YX",0.292,0.038,0,0.217,0.366,TRUE,"Between",2,1.00017783266061,1.00017783266061
"Means","PSI_X",-1.45,0.093,0,-1.628,-1.268,TRUE,"Between",2,1.00017783266061,1.00017783266061
"Means","PSI_Y",-1.639,0.118,0,-1.867,-1.406,TRUE,"Between",2,1.00017783266061,1.00017783266061
