"paramHeader","param","est","posterior_sd","pval","lower_2.5ci","upper_2.5ci","sig","BetweenWithin","mplus_time","rhatMean","rhatLast"
"Means","X",2.716,0.122,0,2.477,2.957,TRUE,"Between",2,1.00015375627746,1.00015375627746
"Means","Y",1.021,0.085,0,0.856,1.189,TRUE,"Between",2,1.00015375627746,1.00015375627746
"Means","PHI_X",0.217,0.023,0,0.172,0.261,TRUE,"Between",2,1.00015375627746,1.00015375627746
"Means","PHI_Y",0.231,0.026,0,0.181,0.282,TRUE,"Between",2,1.00015375627746,1.00015375627746
"Means","PHI_XY",-0.049,0.031,0.061,-0.109,0.013,FALSE,"Between",2,1.00015375627746,1.00015375627746
"Means","BETA_YX",0.333,0.03,0,0.278,0.394,TRUE,"Between",2,1.00015375627746,1.00015375627746
"Means","PSI_X",-1.788,0.128,0,-2.037,-1.541,TRUE,"Between",2,1.00015375627746,1.00015375627746
"Means","PSI_Y",-1.267,0.123,0,-1.514,-1.023,TRUE,"Between",2,1.00015375627746,1.00015375627746
