"paramHeader","param","est","posterior_sd","pval","lower_2.5ci","upper_2.5ci","sig","BetweenWithin","mplus_time","rhatMean","rhatLast"
"Means","X",2.964,0.125,0,2.718,3.209,TRUE,"Between",2,1.00011875194714,1.00011875194714
"Means","Y",0.992,0.09,0,0.814,1.166,TRUE,"Between",2,1.00011875194714,1.00011875194714
"Means","PHI_X",0.185,0.027,0,0.132,0.237,TRUE,"Between",2,1.00011875194714,1.00011875194714
"Means","PHI_Y",0.239,0.028,0,0.184,0.295,TRUE,"Between",2,1.00011875194714,1.00011875194714
"Means","PHI_XY",0.078,0.025,0.002,0.028,0.127,TRUE,"Between",2,1.00011875194714,1.00011875194714
"Means","BETA_YX",0.305,0.033,0,0.242,0.371,TRUE,"Between",2,1.00011875194714,1.00011875194714
"Means","PSI_X",-1.384,0.114,0,-1.607,-1.165,TRUE,"Between",2,1.00011875194714,1.00011875194714
"Means","PSI_Y",-1.499,0.109,0,-1.719,-1.284,TRUE,"Between",2,1.00011875194714,1.00011875194714
