"paramHeader","param","est","posterior_sd","pval","lower_2.5ci","upper_2.5ci","sig","BetweenWithin","mplus_time","rhatMean","rhatLast"
"Means","X",2.991,0.147,0,2.711,3.281,TRUE,"Between",2,1.00014627660045,1.00014627660045
"Means","Y",0.948,0.082,0,0.789,1.109,TRUE,"Between",2,1.00014627660045,1.00014627660045
"Means","PHI_X",0.196,0.022,0,0.153,0.237,TRUE,"Between",2,1.00014627660045,1.00014627660045
"Means","PHI_Y",0.242,0.027,0,0.189,0.296,TRUE,"Between",2,1.00014627660045,1.00014627660045
"Means","PHI_XY",0.053,0.029,0.034,-0.004,0.11,FALSE,"Between",2,1.00014627660045,1.00014627660045
"Means","BETA_YX",0.319,0.029,0,0.264,0.376,TRUE,"Between",2,1.00014627660045,1.00014627660045
"Means","PSI_X",-1.514,0.112,0,-1.735,-1.295,TRUE,"Between",2,1.00014627660045,1.00014627660045
"Means","PSI_Y",-1.483,0.111,0,-1.695,-1.26,TRUE,"Between",2,1.00014627660045,1.00014627660045
