"paramHeader","param","est","posterior_sd","pval","lower_2.5ci","upper_2.5ci","sig","BetweenWithin","mplus_time","rhatMean","rhatLast"
"Means","X",2.604,0.15,0,2.311,2.9,TRUE,"Between",2,1.00021773137021,1.00021773137021
"Means","Y",0.987,0.082,0,0.829,1.146,TRUE,"Between",2,1.00021773137021,1.00021773137021
"Means","PHI_X",0.189,0.021,0,0.146,0.23,TRUE,"Between",2,1.00021773137021,1.00021773137021
"Means","PHI_Y",0.231,0.026,0,0.181,0.283,TRUE,"Between",2,1.00021773137021,1.00021773137021
"Means","PHI_XY",0.027,0.029,0.187,-0.032,0.083,FALSE,"Between",2,1.00021773137021,1.00021773137021
"Means","BETA_YX",0.298,0.03,0,0.239,0.357,TRUE,"Between",2,1.00021773137021,1.00021773137021
"Means","PSI_X",-1.533,0.112,0,-1.75,-1.316,TRUE,"Between",2,1.00021773137021,1.00021773137021
"Means","PSI_Y",-1.181,0.115,0,-1.407,-0.951,TRUE,"Between",2,1.00021773137021,1.00021773137021
