"paramHeader","param","est","posterior_sd","pval","lower_2.5ci","upper_2.5ci","sig","BetweenWithin","mplus_time","rhatMean","rhatLast"
"Means","X",2.888,0.141,0,2.617,3.167,TRUE,"Between",2,1.00018835548557,1.00018835548557
"Means","Y",1.013,0.085,0,0.845,1.179,TRUE,"Between",2,1.00018835548557,1.00018835548557
"Means","PHI_X",0.251,0.023,0,0.205,0.295,TRUE,"Between",2,1.00018835548557,1.00018835548557
"Means","PHI_Y",0.225,0.022,0,0.181,0.27,TRUE,"Between",2,1.00018835548557,1.00018835548557
"Means","PHI_XY",0.048,0.032,0.073,-0.018,0.109,FALSE,"Between",2,1.00018835548557,1.00018835548557
"Means","BETA_YX",0.326,0.031,0,0.266,0.387,TRUE,"Between",2,1.00018835548557,1.00018835548557
"Means","PSI_X",-1.639,0.109,0,-1.85,-1.426,TRUE,"Between",2,1.00018835548557,1.00018835548557
"Means","PSI_Y",-1.533,0.106,0,-1.742,-1.32,TRUE,"Between",2,1.00018835548557,1.00018835548557
