"paramHeader","param","est","posterior_sd","pval","lower_2.5ci","upper_2.5ci","sig","BetweenWithin","mplus_time","rhatMean","rhatLast"
"Means","X",3.158,0.163,0,2.835,3.475,TRUE,"Between",2,1.00013973963552,1.00013973963552
"Means","Y",0.988,0.081,0,0.828,1.145,TRUE,"Between",2,1.00013973963552,1.00013973963552
"Means","PHI_X",0.207,0.027,0,0.154,0.259,TRUE,"Between",2,1.00013973963552,1.00013973963552
"Means","PHI_Y",0.252,0.029,0,0.197,0.31,TRUE,"Between",2,1.00013973963552,1.00013973963552
"Means","PHI_XY",0.019,0.027,0.239,-0.034,0.071,FALSE,"Between",2,1.00013973963552,1.00013973963552
"Means","BETA_YX",0.339,0.033,0,0.276,0.404,TRUE,"Between",2,1.00013973963552,1.00013973963552
"Means","PSI_X",-1.543,0.123,0,-1.78,-1.302,TRUE,"Between",2,1.00013973963552,1.00013973963552
"Means","PSI_Y",-1.345,0.108,0,-1.554,-1.128,TRUE,"Between",2,1.00013973963552,1.00013973963552
