"paramHeader","param","est","posterior_sd","pval","lower_2.5ci","upper_2.5ci","sig","BetweenWithin","mplus_time","rhatMean","rhatLast"
"Means","X",2.811,0.136,0,2.55,3.076,TRUE,"Between",2,1.00017016619744,1.00017016619744
"Means","Y",1.093,0.081,0,0.932,1.255,TRUE,"Between",2,1.00017016619744,1.00017016619744
"Means","PHI_X",0.212,0.027,0,0.159,0.263,TRUE,"Between",2,1.00017016619744,1.00017016619744
"Means","PHI_Y",0.264,0.023,0,0.218,0.31,TRUE,"Between",2,1.00017016619744,1.00017016619744
"Means","PHI_XY",0.052,0.028,0.035,-0.003,0.109,FALSE,"Between",2,1.00017016619744,1.00017016619744
"Means","BETA_YX",0.312,0.033,0,0.249,0.376,TRUE,"Between",2,1.00017016619744,1.00017016619744
"Means","PSI_X",-1.509,0.117,0,-1.741,-1.276,TRUE,"Between",2,1.00017016619744,1.00017016619744
"Means","PSI_Y",-1.326,0.116,0,-1.555,-1.098,TRUE,"Between",2,1.00017016619744,1.00017016619744
