"paramHeader","param","est","posterior_sd","pval","lower_2.5ci","upper_2.5ci","sig","BetweenWithin","mplus_time","rhatMean","rhatLast"
"Means","X",2.971,0.141,0,2.694,3.25,TRUE,"Between",1,1.0001518411595,1.0001518411595
"Means","Y",1.224,0.079,0,1.069,1.378,TRUE,"Between",1,1.0001518411595,1.0001518411595
"Means","PHI_X",0.226,0.023,0,0.182,0.269,TRUE,"Between",1,1.0001518411595,1.0001518411595
"Means","PHI_Y",0.255,0.026,0,0.203,0.307,TRUE,"Between",1,1.0001518411595,1.0001518411595
"Means","PHI_XY",0.03,0.027,0.136,-0.024,0.084,FALSE,"Between",1,1.0001518411595,1.0001518411595
"Means","BETA_YX",0.363,0.035,0,0.295,0.434,TRUE,"Between",1,1.0001518411595,1.0001518411595
"Means","PSI_X",-1.5,0.109,0,-1.714,-1.283,TRUE,"Between",1,1.0001518411595,1.0001518411595
"Means","PSI_Y",-1.692,0.116,0,-1.922,-1.464,TRUE,"Between",1,1.0001518411595,1.0001518411595
