"paramHeader","param","est","posterior_sd","pval","lower_2.5ci","upper_2.5ci","sig","BetweenWithin","mplus_time","rhatMean","rhatLast"
"Means","X",2.799,0.156,0,2.492,3.103,TRUE,"Between",2,1.00020335702942,1.00020335702942
"Means","Y",0.978,0.08,0,0.821,1.137,TRUE,"Between",2,1.00020335702942,1.00020335702942
"Means","PHI_X",0.196,0.024,0,0.148,0.241,TRUE,"Between",2,1.00020335702942,1.00020335702942
"Means","PHI_Y",0.223,0.026,0,0.172,0.276,TRUE,"Between",2,1.00020335702942,1.00020335702942
"Means","PHI_XY",0.05,0.028,0.036,-0.004,0.106,FALSE,"Between",2,1.00020335702942,1.00020335702942
"Means","BETA_YX",0.304,0.033,0,0.239,0.368,TRUE,"Between",2,1.00020335702942,1.00020335702942
"Means","PSI_X",-1.665,0.116,0,-1.895,-1.442,TRUE,"Between",2,1.00020335702942,1.00020335702942
"Means","PSI_Y",-1.457,0.112,0,-1.684,-1.239,TRUE,"Between",2,1.00020335702942,1.00020335702942
