"paramHeader","param","est","posterior_sd","pval","lower_2.5ci","upper_2.5ci","sig","BetweenWithin","mplus_time","rhatMean","rhatLast"
"Means","X",2.93,0.164,0,2.61,3.256,TRUE,"Between",2,1.00017372630936,1.00017372630936
"Means","Y",1.062,0.079,0,0.908,1.216,TRUE,"Between",2,1.00017372630936,1.00017372630936
"Means","PHI_X",0.224,0.024,0,0.176,0.27,TRUE,"Between",2,1.00017372630936,1.00017372630936
"Means","PHI_Y",0.273,0.025,0,0.223,0.322,TRUE,"Between",2,1.00017372630936,1.00017372630936
"Means","PHI_XY",0.003,0.032,0.467,-0.062,0.065,FALSE,"Between",2,1.00017372630936,1.00017372630936
"Means","BETA_YX",0.313,0.026,0,0.263,0.364,TRUE,"Between",2,1.00017372630936,1.00017372630936
"Means","PSI_X",-1.732,0.108,0,-1.941,-1.524,TRUE,"Between",2,1.00017372630936,1.00017372630936
"Means","PSI_Y",-1.204,0.119,0,-1.441,-0.971,TRUE,"Between",2,1.00017372630936,1.00017372630936
