"paramHeader","param","est","posterior_sd","pval","lower_2.5ci","upper_2.5ci","sig","BetweenWithin","mplus_time","rhatMean","rhatLast"
"Means","X",3.379,0.148,0,3.095,3.672,TRUE,"Between",2,1.00020275325127,1.00020275325127
"Means","Y",0.919,0.08,0,0.762,1.08,TRUE,"Between",2,1.00020275325127,1.00020275325127
"Means","PHI_X",0.168,0.022,0,0.125,0.21,TRUE,"Between",2,1.00020275325127,1.00020275325127
"Means","PHI_Y",0.309,0.024,0,0.261,0.356,TRUE,"Between",2,1.00020275325127,1.00020275325127
"Means","PHI_XY",0.019,0.024,0.211,-0.028,0.066,FALSE,"Between",2,1.00020275325127,1.00020275325127
"Means","BETA_YX",0.322,0.03,0,0.263,0.381,TRUE,"Between",2,1.00020275325127,1.00020275325127
"Means","PSI_X",-1.635,0.111,0,-1.854,-1.416,TRUE,"Between",2,1.00020275325127,1.00020275325127
"Means","PSI_Y",-1.392,0.11,0,-1.61,-1.173,TRUE,"Between",2,1.00020275325127,1.00020275325127
