"paramHeader","param","est","posterior_sd","pval","lower_2.5ci","upper_2.5ci","sig","BetweenWithin","mplus_time","rhatMean","rhatLast"
"Means","X",3.025,0.166,0,2.704,3.357,TRUE,"Between",2,1.0001747201602,1.0001747201602
"Means","Y",1.112,0.085,0,0.944,1.281,TRUE,"Between",2,1.0001747201602,1.0001747201602
"Means","PHI_X",0.204,0.021,0,0.163,0.244,TRUE,"Between",2,1.0001747201602,1.0001747201602
"Means","PHI_Y",0.235,0.026,0,0.184,0.285,TRUE,"Between",2,1.0001747201602,1.0001747201602
"Means","PHI_XY",0.048,0.028,0.039,-0.006,0.103,FALSE,"Between",2,1.0001747201602,1.0001747201602
"Means","BETA_YX",0.329,0.032,0,0.266,0.392,TRUE,"Between",2,1.0001747201602,1.0001747201602
"Means","PSI_X",-1.552,0.102,0,-1.749,-1.351,TRUE,"Between",2,1.0001747201602,1.0001747201602
"Means","PSI_Y",-1.402,0.122,0,-1.648,-1.162,TRUE,"Between",2,1.0001747201602,1.0001747201602
