"paramHeader","param","est","posterior_sd","pval","lower_2.5ci","upper_2.5ci","sig","BetweenWithin","mplus_time","rhatMean","rhatLast"
"Means","X",3.131,0.149,0,2.837,3.425,TRUE,"Between",2,1.00011869597267,1.00011869597267
"Means","Y",0.937,0.089,0,0.763,1.111,TRUE,"Between",2,1.00011869597267,1.00011869597267
"Means","PHI_X",0.202,0.025,0,0.152,0.25,TRUE,"Between",2,1.00011869597267,1.00011869597267
"Means","PHI_Y",0.248,0.027,0,0.195,0.301,TRUE,"Between",2,1.00011869597267,1.00011869597267
"Means","PHI_XY",0.054,0.027,0.021,0.002,0.109,TRUE,"Between",2,1.00011869597267,1.00011869597267
"Means","BETA_YX",0.272,0.032,0,0.208,0.333,TRUE,"Between",2,1.00011869597267,1.00011869597267
"Means","PSI_X",-1.669,0.115,0,-1.894,-1.441,TRUE,"Between",2,1.00011869597267,1.00011869597267
"Means","PSI_Y",-1.567,0.105,0,-1.777,-1.364,TRUE,"Between",2,1.00011869597267,1.00011869597267
