"paramHeader","param","est","posterior_sd","pval","lower_2.5ci","upper_2.5ci","sig","BetweenWithin","mplus_time","rhatMean","rhatLast"
"Means","X",2.745,0.128,0,2.495,3.001,TRUE,"Between",2,1.00019080756296,1.00019080756296
"Means","Y",0.859,0.089,0,0.684,1.032,TRUE,"Between",2,1.00019080756296,1.00019080756296
"Means","PHI_X",0.147,0.025,0,0.097,0.193,TRUE,"Between",2,1.00019080756296,1.00019080756296
"Means","PHI_Y",0.252,0.029,0,0.196,0.31,TRUE,"Between",2,1.00019080756296,1.00019080756296
"Means","PHI_XY",0.048,0.029,0.046,-0.009,0.106,FALSE,"Between",2,1.00019080756296,1.00019080756296
"Means","BETA_YX",0.329,0.031,0,0.269,0.391,TRUE,"Between",2,1.00019080756296,1.00019080756296
"Means","PSI_X",-1.603,0.112,0,-1.819,-1.383,TRUE,"Between",2,1.00019080756296,1.00019080756296
"Means","PSI_Y",-1.241,0.109,0,-1.457,-1.031,TRUE,"Between",2,1.00019080756296,1.00019080756296
