"paramHeader","param","est","posterior_sd","pval","lower_2.5ci","upper_2.5ci","sig","BetweenWithin","mplus_time","rhatMean","rhatLast"
"Means","X",3.142,0.13,0,2.887,3.403,TRUE,"Between",2,1.00015202238345,1.00015202238345
"Means","Y",1.084,0.081,0,0.924,1.243,TRUE,"Between",2,1.00015202238345,1.00015202238345
"Means","PHI_X",0.215,0.025,0,0.165,0.263,TRUE,"Between",2,1.00015202238345,1.00015202238345
"Means","PHI_Y",0.263,0.027,0,0.208,0.317,TRUE,"Between",2,1.00015202238345,1.00015202238345
"Means","PHI_XY",0.008,0.033,0.406,-0.056,0.073,FALSE,"Between",2,1.00015202238345,1.00015202238345
"Means","BETA_YX",0.248,0.031,0,0.188,0.308,TRUE,"Between",2,1.00015202238345,1.00015202238345
"Means","PSI_X",-1.58,0.111,0,-1.798,-1.362,TRUE,"Between",2,1.00015202238345,1.00015202238345
"Means","PSI_Y",-1.346,0.109,0,-1.557,-1.134,TRUE,"Between",2,1.00015202238345,1.00015202238345
