"paramHeader","param","est","posterior_sd","pval","lower_2.5ci","upper_2.5ci","sig","BetweenWithin","mplus_time","rhatMean","rhatLast"
"Means","X",2.958,0.172,0,2.625,3.299,TRUE,"Between",2,1.00017518997023,1.00017518997023
"Means","Y",0.985,0.098,0,0.794,1.178,TRUE,"Between",2,1.00017518997023,1.00017518997023
"Means","PHI_X",0.204,0.025,0,0.154,0.252,TRUE,"Between",2,1.00017518997023,1.00017518997023
"Means","PHI_Y",0.232,0.024,0,0.183,0.28,TRUE,"Between",2,1.00017518997023,1.00017518997023
"Means","PHI_XY",0.063,0.03,0.018,0.005,0.122,TRUE,"Between",2,1.00017518997023,1.00017518997023
"Means","BETA_YX",0.326,0.028,0,0.271,0.382,TRUE,"Between",2,1.00017518997023,1.00017518997023
"Means","PSI_X",-1.631,0.114,0,-1.854,-1.409,TRUE,"Between",2,1.00017518997023,1.00017518997023
"Means","PSI_Y",-1.407,0.115,0,-1.628,-1.178,TRUE,"Between",2,1.00017518997023,1.00017518997023
