"paramHeader","param","est","posterior_sd","pval","lower_2.5ci","upper_2.5ci","sig","BetweenWithin","mplus_time","rhatMean","rhatLast"
"Means","X",3.01,0.159,0,2.694,3.327,TRUE,"Between",2,1.00024217110607,1.00024217110607
"Means","Y",1.153,0.079,0,0.998,1.307,TRUE,"Between",2,1.00024217110607,1.00024217110607
"Means","PHI_X",0.187,0.024,0,0.141,0.233,TRUE,"Between",2,1.00024217110607,1.00024217110607
"Means","PHI_Y",0.246,0.023,0,0.201,0.291,TRUE,"Between",2,1.00024217110607,1.00024217110607
"Means","PHI_XY",0.068,0.029,0.01,0.01,0.125,TRUE,"Between",2,1.00024217110607,1.00024217110607
"Means","BETA_YX",0.307,0.033,0,0.244,0.37,TRUE,"Between",2,1.00024217110607,1.00024217110607
"Means","PSI_X",-1.667,0.112,0,-1.889,-1.449,TRUE,"Between",2,1.00024217110607,1.00024217110607
"Means","PSI_Y",-1.531,0.111,0,-1.747,-1.312,TRUE,"Between",2,1.00024217110607,1.00024217110607
