"paramHeader","param","est","posterior_sd","pval","lower_2.5ci","upper_2.5ci","sig","BetweenWithin","mplus_time","rhatMean","rhatLast"
"Means","X",3.371,0.14,0,3.092,3.646,TRUE,"Between",2,1.00009786516604,1.00009786516604
"Means","Y",1.108,0.089,0,0.934,1.283,TRUE,"Between",2,1.00009786516604,1.00009786516604
"Means","PHI_X",0.207,0.025,0,0.157,0.256,TRUE,"Between",2,1.00009786516604,1.00009786516604
"Means","PHI_Y",0.288,0.026,0,0.238,0.341,TRUE,"Between",2,1.00009786516604,1.00009786516604
"Means","PHI_XY",-0.009,0.028,0.363,-0.066,0.046,FALSE,"Between",2,1.00009786516604,1.00009786516604
"Means","BETA_YX",0.257,0.031,0,0.198,0.318,TRUE,"Between",2,1.00009786516604,1.00009786516604
"Means","PSI_X",-1.621,0.121,0,-1.858,-1.387,TRUE,"Between",2,1.00009786516604,1.00009786516604
"Means","PSI_Y",-1.468,0.112,0,-1.692,-1.249,TRUE,"Between",2,1.00009786516604,1.00009786516604
