"paramHeader","param","est","posterior_sd","pval","lower_2.5ci","upper_2.5ci","sig","BetweenWithin","mplus_time","rhatMean","rhatLast"
"Means","X",2.865,0.143,0,2.583,3.146,TRUE,"Between",2,1.00013950325423,1.00013950325423
"Means","Y",1.011,0.078,0,0.855,1.163,TRUE,"Between",2,1.00013950325423,1.00013950325423
"Means","PHI_X",0.164,0.024,0,0.116,0.21,TRUE,"Between",2,1.00013950325423,1.00013950325423
"Means","PHI_Y",0.247,0.024,0,0.197,0.295,TRUE,"Between",2,1.00013950325423,1.00013950325423
"Means","PHI_XY",0.015,0.03,0.305,-0.043,0.075,FALSE,"Between",2,1.00013950325423,1.00013950325423
"Means","BETA_YX",0.326,0.028,0,0.271,0.382,TRUE,"Between",2,1.00013950325423,1.00013950325423
"Means","PSI_X",-1.701,0.114,0,-1.927,-1.481,TRUE,"Between",2,1.00013950325423,1.00013950325423
"Means","PSI_Y",-1.339,0.127,0,-1.59,-1.085,TRUE,"Between",2,1.00013950325423,1.00013950325423
