"paramHeader","param","est","posterior_sd","pval","lower_2.5ci","upper_2.5ci","sig","BetweenWithin","mplus_time","rhatMean","rhatLast"
"Means","X",2.703,0.144,0,2.428,2.988,TRUE,"Between",2,1.00018028882743,1.00018028882743
"Means","Y",0.852,0.085,0,0.688,1.022,TRUE,"Between",2,1.00018028882743,1.00018028882743
"Means","PHI_X",0.242,0.022,0,0.197,0.284,TRUE,"Between",2,1.00018028882743,1.00018028882743
"Means","PHI_Y",0.219,0.024,0,0.171,0.265,TRUE,"Between",2,1.00018028882743,1.00018028882743
"Means","PHI_XY",0.086,0.029,0.001,0.029,0.144,TRUE,"Between",2,1.00018028882743,1.00018028882743
"Means","BETA_YX",0.292,0.031,0,0.229,0.352,TRUE,"Between",2,1.00018028882743,1.00018028882743
"Means","PSI_X",-1.694,0.123,0,-1.932,-1.455,TRUE,"Between",2,1.00018028882743,1.00018028882743
"Means","PSI_Y",-1.477,0.118,0,-1.716,-1.253,TRUE,"Between",2,1.00018028882743,1.00018028882743
