"paramHeader","param","est","posterior_sd","pval","lower_2.5ci","upper_2.5ci","sig","BetweenWithin","mplus_time","rhatMean","rhatLast"
"Means","X",3.083,0.157,0,2.776,3.392,TRUE,"Between",2,1.00015029628239,1.00015029628239
"Means","Y",0.952,0.086,0,0.783,1.12,TRUE,"Between",2,1.00015029628239,1.00015029628239
"Means","PHI_X",0.228,0.025,0,0.179,0.276,TRUE,"Between",2,1.00015029628239,1.00015029628239
"Means","PHI_Y",0.261,0.022,0,0.218,0.306,TRUE,"Between",2,1.00015029628239,1.00015029628239
"Means","PHI_XY",0.04,0.034,0.117,-0.027,0.108,FALSE,"Between",2,1.00015029628239,1.00015029628239
"Means","BETA_YX",0.315,0.03,0,0.257,0.373,TRUE,"Between",2,1.00015029628239,1.00015029628239
"Means","PSI_X",-1.597,0.117,0,-1.829,-1.369,TRUE,"Between",2,1.00015029628239,1.00015029628239
"Means","PSI_Y",-1.215,0.112,0,-1.44,-0.997,TRUE,"Between",2,1.00015029628239,1.00015029628239
