"paramHeader","param","est","posterior_sd","pval","lower_2.5ci","upper_2.5ci","sig","BetweenWithin","mplus_time","rhatMean","rhatLast"
"Means","X",2.983,0.151,0,2.686,3.278,TRUE,"Between",2,1.0001468407479,1.0001468407479
"Means","Y",1.034,0.087,0,0.863,1.205,TRUE,"Between",2,1.0001468407479,1.0001468407479
"Means","PHI_X",0.218,0.024,0,0.17,0.264,TRUE,"Between",2,1.0001468407479,1.0001468407479
"Means","PHI_Y",0.235,0.027,0,0.181,0.29,TRUE,"Between",2,1.0001468407479,1.0001468407479
"Means","PHI_XY",0.025,0.027,0.181,-0.03,0.077,FALSE,"Between",2,1.0001468407479,1.0001468407479
"Means","BETA_YX",0.291,0.032,0,0.228,0.353,TRUE,"Between",2,1.0001468407479,1.0001468407479
"Means","PSI_X",-1.663,0.117,0,-1.888,-1.432,TRUE,"Between",2,1.0001468407479,1.0001468407479
"Means","PSI_Y",-1.64,0.115,0,-1.869,-1.42,TRUE,"Between",2,1.0001468407479,1.0001468407479
