"paramHeader","param","est","posterior_sd","pval","lower_2.5ci","upper_2.5ci","sig","BetweenWithin","mplus_time","rhatMean","rhatLast"
"Means","X",3.259,0.148,0,2.971,3.557,TRUE,"Between",2,1.00017431137781,1.00017431137781
"Means","Y",1.09,0.093,0,0.906,1.273,TRUE,"Between",2,1.00017431137781,1.00017431137781
"Means","PHI_X",0.204,0.025,0,0.154,0.251,TRUE,"Between",2,1.00017431137781,1.00017431137781
"Means","PHI_Y",0.243,0.027,0,0.19,0.299,TRUE,"Between",2,1.00017431137781,1.00017431137781
"Means","PHI_XY",0.063,0.032,0.026,-0.001,0.124,FALSE,"Between",2,1.00017431137781,1.00017431137781
"Means","BETA_YX",0.311,0.027,0,0.257,0.365,TRUE,"Between",2,1.00017431137781,1.00017431137781
"Means","PSI_X",-1.495,0.112,0,-1.717,-1.275,TRUE,"Between",2,1.00017431137781,1.00017431137781
"Means","PSI_Y",-1.174,0.106,0,-1.387,-0.964,TRUE,"Between",2,1.00017431137781,1.00017431137781
