"paramHeader","param","est","posterior_sd","pval","lower_2.5ci","upper_2.5ci","sig","BetweenWithin","mplus_time","rhatMean","rhatLast"
"Means","X",2.793,0.144,0,2.51,3.077,TRUE,"Between",2,1.0001959973053,1.0001959973053
"Means","Y",1.195,0.08,0,1.037,1.348,TRUE,"Between",2,1.0001959973053,1.0001959973053
"Means","PHI_X",0.225,0.024,0,0.177,0.271,TRUE,"Between",2,1.0001959973053,1.0001959973053
"Means","PHI_Y",0.264,0.024,0,0.218,0.311,TRUE,"Between",2,1.0001959973053,1.0001959973053
"Means","PHI_XY",-0.025,0.029,0.184,-0.082,0.03,FALSE,"Between",2,1.0001959973053,1.0001959973053
"Means","BETA_YX",0.309,0.03,0,0.248,0.368,TRUE,"Between",2,1.0001959973053,1.0001959973053
"Means","PSI_X",-1.684,0.107,0,-1.893,-1.475,TRUE,"Between",2,1.0001959973053,1.0001959973053
"Means","PSI_Y",-1.295,0.112,0,-1.515,-1.071,TRUE,"Between",2,1.0001959973053,1.0001959973053
