"paramHeader","param","est","posterior_sd","pval","lower_2.5ci","upper_2.5ci","sig","BetweenWithin","mplus_time","rhatMean","rhatLast"
"Means","X",3.009,0.16,0,2.694,3.329,TRUE,"Between",2,1.00017075606865,1.00017075606865
"Means","Y",0.985,0.075,0,0.84,1.132,TRUE,"Between",2,1.00017075606865,1.00017075606865
"Means","PHI_X",0.191,0.021,0,0.15,0.231,TRUE,"Between",2,1.00017075606865,1.00017075606865
"Means","PHI_Y",0.232,0.028,0,0.177,0.288,TRUE,"Between",2,1.00017075606865,1.00017075606865
"Means","PHI_XY",0.08,0.03,0.005,0.021,0.138,TRUE,"Between",2,1.00017075606865,1.00017075606865
"Means","BETA_YX",0.31,0.032,0,0.248,0.373,TRUE,"Between",2,1.00017075606865,1.00017075606865
"Means","PSI_X",-1.605,0.128,0,-1.854,-1.357,TRUE,"Between",2,1.00017075606865,1.00017075606865
"Means","PSI_Y",-1.417,0.121,0,-1.657,-1.175,TRUE,"Between",2,1.00017075606865,1.00017075606865
