"paramHeader","param","est","posterior_sd","pval","lower_2.5ci","upper_2.5ci","sig","BetweenWithin","mplus_time","rhatMean","rhatLast"
"Means","X",2.964,0.141,0,2.69,3.245,TRUE,"Between",2,1.00012598844161,1.00012598844161
"Means","Y",0.905,0.086,0,0.736,1.072,TRUE,"Between",2,1.00012598844161,1.00012598844161
"Means","PHI_X",0.21,0.022,0,0.166,0.254,TRUE,"Between",2,1.00012598844161,1.00012598844161
"Means","PHI_Y",0.264,0.027,0,0.212,0.317,TRUE,"Between",2,1.00012598844161,1.00012598844161
"Means","PHI_XY",0.035,0.029,0.11,-0.022,0.092,FALSE,"Between",2,1.00012598844161,1.00012598844161
"Means","BETA_YX",0.268,0.033,0,0.203,0.333,TRUE,"Between",2,1.00012598844161,1.00012598844161
"Means","PSI_X",-1.58,0.109,0,-1.792,-1.369,TRUE,"Between",2,1.00012598844161,1.00012598844161
"Means","PSI_Y",-1.388,0.102,0,-1.592,-1.187,TRUE,"Between",2,1.00012598844161,1.00012598844161
