"paramHeader","param","est","posterior_sd","pval","lower_2.5ci","upper_2.5ci","sig","BetweenWithin","mplus_time","rhatMean","rhatLast"
"Means","X",2.903,0.152,0,2.602,3.201,TRUE,"Between",1,1.00016143493307,1.00016143493307
"Means","Y",0.949,0.084,0,0.782,1.112,TRUE,"Between",1,1.00016143493307,1.00016143493307
"Means","PHI_X",0.216,0.025,0,0.167,0.263,TRUE,"Between",1,1.00016143493307,1.00016143493307
"Means","PHI_Y",0.23,0.026,0,0.179,0.283,TRUE,"Between",1,1.00016143493307,1.00016143493307
"Means","PHI_XY",0.074,0.027,0.005,0.02,0.128,TRUE,"Between",1,1.00016143493307,1.00016143493307
"Means","BETA_YX",0.307,0.032,0,0.246,0.37,TRUE,"Between",1,1.00016143493307,1.00016143493307
"Means","PSI_X",-1.507,0.091,0,-1.685,-1.329,TRUE,"Between",1,1.00016143493307,1.00016143493307
"Means","PSI_Y",-1.443,0.127,0,-1.692,-1.193,TRUE,"Between",1,1.00016143493307,1.00016143493307
