"paramHeader","param","est","posterior_sd","pval","lower_2.5ci","upper_2.5ci","sig","BetweenWithin","mplus_time","rhatMean","rhatLast"
"Means","X",2.925,0.142,0,2.653,3.204,TRUE,"Between",2,1.00017572490282,1.00017572490282
"Means","Y",0.929,0.091,0,0.75,1.107,TRUE,"Between",2,1.00017572490282,1.00017572490282
"Means","PHI_X",0.185,0.024,0,0.137,0.232,TRUE,"Between",2,1.00017572490282,1.00017572490282
"Means","PHI_Y",0.259,0.026,0,0.209,0.31,TRUE,"Between",2,1.00017572490282,1.00017572490282
"Means","PHI_XY",0.018,0.032,0.284,-0.045,0.082,FALSE,"Between",2,1.00017572490282,1.00017572490282
"Means","BETA_YX",0.303,0.029,0,0.246,0.359,TRUE,"Between",2,1.00017572490282,1.00017572490282
"Means","PSI_X",-1.754,0.108,0,-1.961,-1.544,TRUE,"Between",2,1.00017572490282,1.00017572490282
"Means","PSI_Y",-1.321,0.109,0,-1.538,-1.104,TRUE,"Between",2,1.00017572490282,1.00017572490282
