"paramHeader","param","est","posterior_sd","pval","lower_2.5ci","upper_2.5ci","sig","BetweenWithin","mplus_time","rhatMean","rhatLast"
"Means","X",2.827,0.14,0,2.553,3.104,TRUE,"Between",2,1.00033382344448,1.00033382344448
"Means","Y",0.995,0.085,0,0.827,1.162,TRUE,"Between",2,1.00033382344448,1.00033382344448
"Means","PHI_X",0.213,0.025,0,0.163,0.261,TRUE,"Between",2,1.00033382344448,1.00033382344448
"Means","PHI_Y",0.243,0.026,0,0.192,0.296,TRUE,"Between",2,1.00033382344448,1.00033382344448
"Means","PHI_XY",0.09,0.026,0.001,0.039,0.141,TRUE,"Between",2,1.00033382344448,1.00033382344448
"Means","BETA_YX",0.264,0.032,0,0.2,0.326,TRUE,"Between",2,1.00033382344448,1.00033382344448
"Means","PSI_X",-1.643,0.119,0,-1.875,-1.404,TRUE,"Between",2,1.00033382344448,1.00033382344448
"Means","PSI_Y",-1.401,0.118,0,-1.633,-1.167,TRUE,"Between",2,1.00033382344448,1.00033382344448
