"paramHeader","param","est","posterior_sd","pval","lower_2.5ci","upper_2.5ci","sig","BetweenWithin","mplus_time","rhatMean","rhatLast"
"Means","X",3.332,0.167,0,3.001,3.664,TRUE,"Between",2,1.00020770455408,1.00020770455408
"Means","Y",0.826,0.077,0,0.678,0.977,TRUE,"Between",2,1.00020770455408,1.00020770455408
"Means","PHI_X",0.177,0.024,0,0.13,0.222,TRUE,"Between",2,1.00020770455408,1.00020770455408
"Means","PHI_Y",0.278,0.022,0,0.236,0.32,TRUE,"Between",2,1.00020770455408,1.00020770455408
"Means","PHI_XY",0.064,0.029,0.013,0.009,0.122,TRUE,"Between",2,1.00020770455408,1.00020770455408
"Means","BETA_YX",0.248,0.028,0,0.193,0.304,TRUE,"Between",2,1.00020770455408,1.00020770455408
"Means","PSI_X",-1.542,0.119,0,-1.774,-1.311,TRUE,"Between",2,1.00020770455408,1.00020770455408
"Means","PSI_Y",-1.312,0.114,0,-1.537,-1.087,TRUE,"Between",2,1.00020770455408,1.00020770455408
