"paramHeader","param","est","posterior_sd","pval","lower_2.5ci","upper_2.5ci","sig","BetweenWithin","mplus_time","rhatMean","rhatLast"
"Means","X",2.96,0.137,0,2.693,3.231,TRUE,"Between",2,1.00013300880295,1.00013300880295
"Means","Y",0.976,0.092,0,0.795,1.157,TRUE,"Between",2,1.00013300880295,1.00013300880295
"Means","PHI_X",0.212,0.025,0,0.162,0.261,TRUE,"Between",2,1.00013300880295,1.00013300880295
"Means","PHI_Y",0.233,0.028,0,0.176,0.29,TRUE,"Between",2,1.00013300880295,1.00013300880295
"Means","PHI_XY",0.043,0.028,0.06,-0.012,0.099,FALSE,"Between",2,1.00013300880295,1.00013300880295
"Means","BETA_YX",0.251,0.029,0,0.195,0.309,TRUE,"Between",2,1.00013300880295,1.00013300880295
"Means","PSI_X",-1.63,0.123,0,-1.867,-1.391,TRUE,"Between",2,1.00013300880295,1.00013300880295
"Means","PSI_Y",-1.436,0.106,0,-1.647,-1.228,TRUE,"Between",2,1.00013300880295,1.00013300880295
