"paramHeader","param","est","posterior_sd","pval","lower_2.5ci","upper_2.5ci","sig","BetweenWithin","mplus_time","rhatMean","rhatLast"
"Means","X",2.765,0.149,0,2.477,3.056,TRUE,"Between",2,1.00024074523294,1.00024074523294
"Means","Y",1.014,0.084,0,0.848,1.179,TRUE,"Between",2,1.00024074523294,1.00024074523294
"Means","PHI_X",0.197,0.023,0,0.152,0.241,TRUE,"Between",2,1.00024074523294,1.00024074523294
"Means","PHI_Y",0.195,0.023,0,0.149,0.24,TRUE,"Between",2,1.00024074523294,1.00024074523294
"Means","PHI_XY",0.035,0.027,0.1,-0.019,0.089,FALSE,"Between",2,1.00024074523294,1.00024074523294
"Means","BETA_YX",0.294,0.035,0,0.227,0.363,TRUE,"Between",2,1.00024074523294,1.00024074523294
"Means","PSI_X",-1.478,0.114,0,-1.7,-1.256,TRUE,"Between",2,1.00024074523294,1.00024074523294
"Means","PSI_Y",-1.404,0.113,0,-1.625,-1.175,TRUE,"Between",2,1.00024074523294,1.00024074523294
