"paramHeader","param","est","posterior_sd","pval","lower_2.5ci","upper_2.5ci","sig","BetweenWithin","mplus_time","rhatMean","rhatLast"
"Means","X",2.885,0.154,0,2.581,3.19,TRUE,"Between",2,1.00016465727782,1.00016465727782
"Means","Y",1.03,0.09,0,0.854,1.205,TRUE,"Between",2,1.00016465727782,1.00016465727782
"Means","PHI_X",0.231,0.026,0,0.179,0.281,TRUE,"Between",2,1.00016465727782,1.00016465727782
"Means","PHI_Y",0.263,0.022,0,0.217,0.307,TRUE,"Between",2,1.00016465727782,1.00016465727782
"Means","PHI_XY",0.032,0.029,0.142,-0.026,0.09,FALSE,"Between",2,1.00016465727782,1.00016465727782
"Means","BETA_YX",0.281,0.033,0,0.218,0.349,TRUE,"Between",2,1.00016465727782,1.00016465727782
"Means","PSI_X",-1.479,0.118,0,-1.71,-1.246,TRUE,"Between",2,1.00016465727782,1.00016465727782
"Means","PSI_Y",-1.38,0.133,0,-1.643,-1.119,TRUE,"Between",2,1.00016465727782,1.00016465727782
