"paramHeader","param","est","posterior_sd","pval","lower_2.5ci","upper_2.5ci","sig","BetweenWithin","mplus_time","rhatMean","rhatLast"
"Means","X",3.034,0.134,0,2.779,3.309,TRUE,"Between",2,1.00018233209189,1.00018233209189
"Means","Y",1.098,0.085,0,0.929,1.261,TRUE,"Between",2,1.00018233209189,1.00018233209189
"Means","PHI_X",0.226,0.025,0,0.176,0.274,TRUE,"Between",2,1.00018233209189,1.00018233209189
"Means","PHI_Y",0.273,0.025,0,0.224,0.323,TRUE,"Between",2,1.00018233209189,1.00018233209189
"Means","PHI_XY",0.026,0.027,0.17,-0.028,0.079,FALSE,"Between",2,1.00018233209189,1.00018233209189
"Means","BETA_YX",0.286,0.029,0,0.229,0.344,TRUE,"Between",2,1.00018233209189,1.00018233209189
"Means","PSI_X",-1.587,0.105,0,-1.793,-1.382,TRUE,"Between",2,1.00018233209189,1.00018233209189
"Means","PSI_Y",-1.397,0.104,0,-1.603,-1.193,TRUE,"Between",2,1.00018233209189,1.00018233209189
