"paramHeader","param","est","posterior_sd","pval","lower_2.5ci","upper_2.5ci","sig","BetweenWithin","mplus_time","rhatMean","rhatLast"
"Means","X",3.175,0.143,0,2.894,3.46,TRUE,"Between",3,1.00019536852192,1.00019536852192
"Means","Y",0.971,0.095,0,0.787,1.157,TRUE,"Between",3,1.00019536852192,1.00019536852192
"Means","PHI_X",0.204,0.022,0,0.161,0.246,TRUE,"Between",3,1.00019536852192,1.00019536852192
"Means","PHI_Y",0.268,0.023,0,0.221,0.314,TRUE,"Between",3,1.00019536852192,1.00019536852192
"Means","PHI_XY",0.059,0.027,0.015,0.006,0.112,TRUE,"Between",3,1.00019536852192,1.00019536852192
"Means","BETA_YX",0.315,0.034,0,0.249,0.382,TRUE,"Between",3,1.00019536852192,1.00019536852192
"Means","PSI_X",-1.675,0.105,0,-1.875,-1.468,TRUE,"Between",3,1.00019536852192,1.00019536852192
"Means","PSI_Y",-1.424,0.118,0,-1.653,-1.189,TRUE,"Between",3,1.00019536852192,1.00019536852192
