"paramHeader","param","est","posterior_sd","pval","lower_2.5ci","upper_2.5ci","sig","BetweenWithin","mplus_time","rhatMean","rhatLast"
"Means","X",2.922,0.146,0,2.632,3.207,TRUE,"Between",2,1.00015992741336,1.00015992741336
"Means","Y",0.914,0.082,0,0.753,1.074,TRUE,"Between",2,1.00015992741336,1.00015992741336
"Means","PHI_X",0.17,0.021,0,0.128,0.211,TRUE,"Between",2,1.00015992741336,1.00015992741336
"Means","PHI_Y",0.26,0.029,0,0.204,0.317,TRUE,"Between",2,1.00015992741336,1.00015992741336
"Means","PHI_XY",0.054,0.031,0.041,-0.008,0.114,FALSE,"Between",2,1.00015992741336,1.00015992741336
"Means","BETA_YX",0.294,0.03,0,0.237,0.351,TRUE,"Between",2,1.00015992741336,1.00015992741336
"Means","PSI_X",-1.596,0.119,0,-1.83,-1.361,TRUE,"Between",2,1.00015992741336,1.00015992741336
"Means","PSI_Y",-1.443,0.112,0,-1.66,-1.222,TRUE,"Between",2,1.00015992741336,1.00015992741336
