"paramHeader","param","est","posterior_sd","pval","lower_2.5ci","upper_2.5ci","sig","BetweenWithin","mplus_time","rhatMean","rhatLast"
"Means","X",2.886,0.146,0,2.596,3.174,TRUE,"Between",2,1.00014322010781,1.00014322010781
"Means","Y",0.975,0.086,0,0.807,1.141,TRUE,"Between",2,1.00014322010781,1.00014322010781
"Means","PHI_X",0.182,0.028,0,0.126,0.236,TRUE,"Between",2,1.00014322010781,1.00014322010781
"Means","PHI_Y",0.254,0.028,0,0.2,0.311,TRUE,"Between",2,1.00014322010781,1.00014322010781
"Means","PHI_XY",0.082,0.031,0.004,0.02,0.142,TRUE,"Between",2,1.00014322010781,1.00014322010781
"Means","BETA_YX",0.287,0.033,0,0.224,0.352,TRUE,"Between",2,1.00014322010781,1.00014322010781
"Means","PSI_X",-1.591,0.105,0,-1.795,-1.381,TRUE,"Between",2,1.00014322010781,1.00014322010781
"Means","PSI_Y",-1.47,0.107,0,-1.685,-1.261,TRUE,"Between",2,1.00014322010781,1.00014322010781
