"paramHeader","param","est","posterior_sd","pval","lower_2.5ci","upper_2.5ci","sig","BetweenWithin","mplus_time","rhatMean","rhatLast"
"Means","X",2.95,0.145,0,2.666,3.239,TRUE,"Between",2,1.00011668100773,1.00011668100773
"Means","Y",1.068,0.09,0,0.894,1.242,TRUE,"Between",2,1.00011668100773,1.00011668100773
"Means","PHI_X",0.221,0.025,0,0.171,0.268,TRUE,"Between",2,1.00011668100773,1.00011668100773
"Means","PHI_Y",0.271,0.027,0,0.217,0.324,TRUE,"Between",2,1.00011668100773,1.00011668100773
"Means","PHI_XY",0.052,0.029,0.034,-0.004,0.109,FALSE,"Between",2,1.00011668100773,1.00011668100773
"Means","BETA_YX",0.306,0.031,0,0.246,0.368,TRUE,"Between",2,1.00011668100773,1.00011668100773
"Means","PSI_X",-1.542,0.109,0,-1.758,-1.333,TRUE,"Between",2,1.00011668100773,1.00011668100773
"Means","PSI_Y",-1.454,0.128,0,-1.708,-1.202,TRUE,"Between",2,1.00011668100773,1.00011668100773
