"paramHeader","param","est","posterior_sd","pval","lower_2.5ci","upper_2.5ci","sig","BetweenWithin","mplus_time","rhatMean","rhatLast"
"Means","X",2.966,0.149,0,2.664,3.253,TRUE,"Between",2,1.00013600110664,1.00013600110664
"Means","Y",1.132,0.093,0,0.952,1.317,TRUE,"Between",2,1.00013600110664,1.00013600110664
"Means","PHI_X",0.22,0.025,0,0.171,0.268,TRUE,"Between",2,1.00013600110664,1.00013600110664
"Means","PHI_Y",0.272,0.03,0,0.213,0.33,TRUE,"Between",2,1.00013600110664,1.00013600110664
"Means","PHI_XY",0.071,0.032,0.014,0.009,0.134,TRUE,"Between",2,1.00013600110664,1.00013600110664
"Means","BETA_YX",0.296,0.03,0,0.236,0.356,TRUE,"Between",2,1.00013600110664,1.00013600110664
"Means","PSI_X",-1.624,0.105,0,-1.829,-1.42,TRUE,"Between",2,1.00013600110664,1.00013600110664
"Means","PSI_Y",-1.388,0.117,0,-1.619,-1.158,TRUE,"Between",2,1.00013600110664,1.00013600110664
