"paramHeader","param","est","posterior_sd","pval","lower_2.5ci","upper_2.5ci","sig","BetweenWithin","mplus_time","rhatMean","rhatLast"
"Means","X",3.037,0.158,0,2.728,3.353,TRUE,"Between",2,1.00013156046405,1.00013156046405
"Means","Y",0.982,0.096,0,0.794,1.17,TRUE,"Between",2,1.00013156046405,1.00013156046405
"Means","PHI_X",0.201,0.023,0,0.156,0.245,TRUE,"Between",2,1.00013156046405,1.00013156046405
"Means","PHI_Y",0.224,0.028,0,0.168,0.281,TRUE,"Between",2,1.00013156046405,1.00013156046405
"Means","PHI_XY",0.068,0.03,0.014,0.008,0.128,TRUE,"Between",2,1.00013156046405,1.00013156046405
"Means","BETA_YX",0.328,0.032,0,0.266,0.392,TRUE,"Between",2,1.00013156046405,1.00013156046405
"Means","PSI_X",-1.371,0.112,0,-1.591,-1.151,TRUE,"Between",2,1.00013156046405,1.00013156046405
"Means","PSI_Y",-1.313,0.097,0,-1.502,-1.122,TRUE,"Between",2,1.00013156046405,1.00013156046405
