"paramHeader","param","est","posterior_sd","pval","lower_2.5ci","upper_2.5ci","sig","BetweenWithin","mplus_time","rhatMean","rhatLast"
"Means","X",3.048,0.153,0,2.751,3.353,TRUE,"Between",1,1.00013813793096,1.00013813793096
"Means","Y",0.99,0.083,0,0.833,1.153,TRUE,"Between",1,1.00013813793096,1.00013813793096
"Means","PHI_X",0.207,0.025,0,0.158,0.254,TRUE,"Between",1,1.00013813793096,1.00013813793096
"Means","PHI_Y",0.268,0.026,0,0.216,0.321,TRUE,"Between",1,1.00013813793096,1.00013813793096
"Means","PHI_XY",0.09,0.031,0.002,0.029,0.15,TRUE,"Between",1,1.00013813793096,1.00013813793096
"Means","BETA_YX",0.312,0.027,0,0.259,0.364,TRUE,"Between",1,1.00013813793096,1.00013813793096
"Means","PSI_X",-1.739,0.106,0,-1.951,-1.536,TRUE,"Between",1,1.00013813793096,1.00013813793096
"Means","PSI_Y",-1.259,0.116,0,-1.488,-1.028,TRUE,"Between",1,1.00013813793096,1.00013813793096
