"paramHeader","param","est","posterior_sd","pval","lower_2.5ci","upper_2.5ci","sig","BetweenWithin","mplus_time","rhatMean","rhatLast"
"Means","X",2.861,0.142,0,2.588,3.139,TRUE,"Between",2,1.00011044532638,1.00011044532638
"Means","Y",0.976,0.084,0,0.81,1.139,TRUE,"Between",2,1.00011044532638,1.00011044532638
"Means","PHI_X",0.212,0.024,0,0.163,0.258,TRUE,"Between",2,1.00011044532638,1.00011044532638
"Means","PHI_Y",0.285,0.03,0,0.226,0.344,TRUE,"Between",2,1.00011044532638,1.00011044532638
"Means","PHI_XY",0.036,0.027,0.095,-0.019,0.089,FALSE,"Between",2,1.00011044532638,1.00011044532638
"Means","BETA_YX",0.324,0.034,0,0.257,0.39,TRUE,"Between",2,1.00011044532638,1.00011044532638
"Means","PSI_X",-1.65,0.102,0,-1.849,-1.452,TRUE,"Between",2,1.00011044532638,1.00011044532638
"Means","PSI_Y",-1.488,0.111,0,-1.717,-1.272,TRUE,"Between",2,1.00011044532638,1.00011044532638
