"paramHeader","param","est","posterior_sd","pval","lower_2.5ci","upper_2.5ci","sig","BetweenWithin","mplus_time","rhatMean","rhatLast"
"Means","X",2.817,0.155,0,2.513,3.123,TRUE,"Between",2,1.00016712699084,1.00016712699084
"Means","Y",0.995,0.087,0,0.826,1.164,TRUE,"Between",2,1.00016712699084,1.00016712699084
"Means","PHI_X",0.231,0.023,0,0.185,0.275,TRUE,"Between",2,1.00016712699084,1.00016712699084
"Means","PHI_Y",0.251,0.025,0,0.203,0.299,TRUE,"Between",2,1.00016712699084,1.00016712699084
"Means","PHI_XY",0.01,0.03,0.366,-0.051,0.067,FALSE,"Between",2,1.00016712699084,1.00016712699084
"Means","BETA_YX",0.298,0.036,0,0.226,0.367,TRUE,"Between",2,1.00016712699084,1.00016712699084
"Means","PSI_X",-1.629,0.108,0,-1.839,-1.414,TRUE,"Between",2,1.00016712699084,1.00016712699084
"Means","PSI_Y",-1.367,0.114,0,-1.592,-1.144,TRUE,"Between",2,1.00016712699084,1.00016712699084
