"paramHeader","param","est","posterior_sd","pval","lower_2.5ci","upper_2.5ci","sig","BetweenWithin","mplus_time","rhatMean","rhatLast"
"Means","X",3.084,0.151,0,2.793,3.384,TRUE,"Between",2,1.00018280694782,1.00018280694782
"Means","Y",0.957,0.081,0,0.798,1.115,TRUE,"Between",2,1.00018280694782,1.00018280694782
"Means","PHI_X",0.247,0.02,0,0.208,0.286,TRUE,"Between",2,1.00018280694782,1.00018280694782
"Means","PHI_Y",0.263,0.026,0,0.212,0.314,TRUE,"Between",2,1.00018280694782,1.00018280694782
"Means","PHI_XY",0.011,0.028,0.343,-0.046,0.066,FALSE,"Between",2,1.00018280694782,1.00018280694782
"Means","BETA_YX",0.274,0.032,0,0.211,0.335,TRUE,"Between",2,1.00018280694782,1.00018280694782
"Means","PSI_X",-1.555,0.109,0,-1.765,-1.343,TRUE,"Between",2,1.00018280694782,1.00018280694782
"Means","PSI_Y",-1.503,0.111,0,-1.728,-1.285,TRUE,"Between",2,1.00018280694782,1.00018280694782
