"paramHeader","param","est","posterior_sd","pval","lower_2.5ci","upper_2.5ci","sig","BetweenWithin","mplus_time","rhatMean","rhatLast"
"Means","X",2.959,0.155,0,2.661,3.267,TRUE,"Between",2,1.00017396693587,1.00017396693587
"Means","Y",0.775,0.084,0,0.614,0.942,TRUE,"Between",2,1.00017396693587,1.00017396693587
"Means","PHI_X",0.219,0.025,0,0.168,0.268,TRUE,"Between",2,1.00017396693587,1.00017396693587
"Means","PHI_Y",0.269,0.023,0,0.225,0.315,TRUE,"Between",2,1.00017396693587,1.00017396693587
"Means","PHI_XY",0.098,0.028,0,0.043,0.153,TRUE,"Between",2,1.00017396693587,1.00017396693587
"Means","BETA_YX",0.276,0.032,0,0.212,0.34,TRUE,"Between",2,1.00017396693587,1.00017396693587
"Means","PSI_X",-1.591,0.117,0,-1.821,-1.362,TRUE,"Between",2,1.00017396693587,1.00017396693587
"Means","PSI_Y",-1.396,0.123,0,-1.637,-1.151,TRUE,"Between",2,1.00017396693587,1.00017396693587
