"paramHeader","param","est","posterior_sd","pval","lower_2.5ci","upper_2.5ci","sig","BetweenWithin","mplus_time","rhatMean","rhatLast"
"Means","X",3.148,0.13,0,2.887,3.397,TRUE,"Between",1,1.00017264977013,1.00017264977013
"Means","Y",1.061,0.09,0,0.884,1.238,TRUE,"Between",1,1.00017264977013,1.00017264977013
"Means","PHI_X",0.208,0.025,0,0.158,0.257,TRUE,"Between",1,1.00017264977013,1.00017264977013
"Means","PHI_Y",0.256,0.029,0,0.2,0.313,TRUE,"Between",1,1.00017264977013,1.00017264977013
"Means","PHI_XY",-0.017,0.031,0.283,-0.08,0.041,FALSE,"Between",1,1.00017264977013,1.00017264977013
"Means","BETA_YX",0.273,0.025,0,0.225,0.32,TRUE,"Between",1,1.00017264977013,1.00017264977013
"Means","PSI_X",-1.606,0.12,0,-1.834,-1.374,TRUE,"Between",1,1.00017264977013,1.00017264977013
"Means","PSI_Y",-1.201,0.106,0,-1.413,-0.99,TRUE,"Between",1,1.00017264977013,1.00017264977013
