"paramHeader","param","est","posterior_sd","pval","lower_2.5ci","upper_2.5ci","sig","BetweenWithin","mplus_time","rhatMean","rhatLast"
"Means","X",3.019,0.142,0,2.739,3.302,TRUE,"Between",2,1.00012532484978,1.00012532484978
"Means","Y",1.003,0.095,0,0.817,1.187,TRUE,"Between",2,1.00012532484978,1.00012532484978
"Means","PHI_X",0.201,0.024,0,0.154,0.248,TRUE,"Between",2,1.00012532484978,1.00012532484978
"Means","PHI_Y",0.214,0.029,0,0.158,0.273,TRUE,"Between",2,1.00012532484978,1.00012532484978
"Means","PHI_XY",0.058,0.031,0.032,-0.003,0.117,FALSE,"Between",2,1.00012532484978,1.00012532484978
"Means","BETA_YX",0.283,0.033,0,0.219,0.351,TRUE,"Between",2,1.00012532484978,1.00012532484978
"Means","PSI_X",-1.451,0.125,0,-1.696,-1.212,TRUE,"Between",2,1.00012532484978,1.00012532484978
"Means","PSI_Y",-1.36,0.109,0,-1.577,-1.141,TRUE,"Between",2,1.00012532484978,1.00012532484978
