"paramHeader","param","est","posterior_sd","pval","lower_2.5ci","upper_2.5ci","sig","BetweenWithin","mplus_time","rhatMean","rhatLast"
"Means","X",2.874,0.158,0,2.565,3.192,TRUE,"Between",1,1.00015670138863,1.00015670138863
"Means","Y",1.036,0.089,0,0.858,1.207,TRUE,"Between",1,1.00015670138863,1.00015670138863
"Means","PHI_X",0.164,0.025,0,0.116,0.211,TRUE,"Between",1,1.00015670138863,1.00015670138863
"Means","PHI_Y",0.219,0.028,0,0.163,0.275,TRUE,"Between",1,1.00015670138863,1.00015670138863
"Means","PHI_XY",0.035,0.034,0.144,-0.031,0.102,FALSE,"Between",1,1.00015670138863,1.00015670138863
"Means","BETA_YX",0.3,0.031,0,0.239,0.363,TRUE,"Between",1,1.00015670138863,1.00015670138863
"Means","PSI_X",-1.683,0.112,0,-1.901,-1.467,TRUE,"Between",1,1.00015670138863,1.00015670138863
"Means","PSI_Y",-1.271,0.12,0,-1.513,-1.039,TRUE,"Between",1,1.00015670138863,1.00015670138863
