"paramHeader","param","est","posterior_sd","pval","lower_2.5ci","upper_2.5ci","sig","BetweenWithin","mplus_time","rhatMean","rhatLast"
"Means","X",3.04,0.153,0,2.739,3.343,TRUE,"Between",1,1.00012333234819,1.00012333234819
"Means","Y",1.08,0.086,0,0.915,1.25,TRUE,"Between",1,1.00012333234819,1.00012333234819
"Means","PHI_X",0.224,0.023,0,0.178,0.267,TRUE,"Between",1,1.00012333234819,1.00012333234819
"Means","PHI_Y",0.259,0.026,0,0.209,0.311,TRUE,"Between",1,1.00012333234819,1.00012333234819
"Means","PHI_XY",0.029,0.032,0.181,-0.036,0.092,FALSE,"Between",1,1.00012333234819,1.00012333234819
"Means","BETA_YX",0.279,0.028,0,0.224,0.335,TRUE,"Between",1,1.00012333234819,1.00012333234819
"Means","PSI_X",-1.548,0.109,0,-1.761,-1.336,TRUE,"Between",1,1.00012333234819,1.00012333234819
"Means","PSI_Y",-1.449,0.101,0,-1.651,-1.249,TRUE,"Between",1,1.00012333234819,1.00012333234819
