"paramHeader","param","est","posterior_sd","pval","lower_2.5ci","upper_2.5ci","sig","BetweenWithin","mplus_time","rhatMean","rhatLast"
"Means","X",2.861,0.135,0,2.599,3.126,TRUE,"Between",2,1.00012369628103,1.00012369628103
"Means","Y",1.008,0.089,0,0.838,1.186,TRUE,"Between",2,1.00012369628103,1.00012369628103
"Means","PHI_X",0.212,0.024,0,0.166,0.258,TRUE,"Between",2,1.00012369628103,1.00012369628103
"Means","PHI_Y",0.229,0.026,0,0.178,0.281,TRUE,"Between",2,1.00012369628103,1.00012369628103
"Means","PHI_XY",0.049,0.028,0.043,-0.007,0.105,FALSE,"Between",2,1.00012369628103,1.00012369628103
"Means","BETA_YX",0.242,0.032,0,0.179,0.303,TRUE,"Between",2,1.00012369628103,1.00012369628103
"Means","PSI_X",-1.513,0.115,0,-1.74,-1.287,TRUE,"Between",2,1.00012369628103,1.00012369628103
"Means","PSI_Y",-1.247,0.114,0,-1.472,-1.027,TRUE,"Between",2,1.00012369628103,1.00012369628103
