"paramHeader","param","est","posterior_sd","pval","lower_2.5ci","upper_2.5ci","sig","BetweenWithin","mplus_time","rhatMean","rhatLast"
"Means","X",3.168,0.143,0,2.894,3.454,TRUE,"Between",2,1.00016568289315,1.00016568289315
"Means","Y",1.082,0.085,0,0.921,1.251,TRUE,"Between",2,1.00016568289315,1.00016568289315
"Means","PHI_X",0.207,0.023,0,0.16,0.251,TRUE,"Between",2,1.00016568289315,1.00016568289315
"Means","PHI_Y",0.278,0.024,0,0.231,0.326,TRUE,"Between",2,1.00016568289315,1.00016568289315
"Means","PHI_XY",0.087,0.029,0.002,0.03,0.146,TRUE,"Between",2,1.00016568289315,1.00016568289315
"Means","BETA_YX",0.337,0.026,0,0.286,0.388,TRUE,"Between",2,1.00016568289315,1.00016568289315
"Means","PSI_X",-1.893,0.101,0,-2.09,-1.697,TRUE,"Between",2,1.00016568289315,1.00016568289315
"Means","PSI_Y",-1.638,0.117,0,-1.869,-1.409,TRUE,"Between",2,1.00016568289315,1.00016568289315
