"paramHeader","param","est","posterior_sd","pval","lower_2.5ci","upper_2.5ci","sig","BetweenWithin","mplus_time","rhatMean","rhatLast"
"Means","X",2.895,0.14,0,2.618,3.165,TRUE,"Between",2,1.00017289926067,1.00017289926067
"Means","Y",0.866,0.088,0,0.69,1.034,TRUE,"Between",2,1.00017289926067,1.00017289926067
"Means","PHI_X",0.168,0.028,0,0.113,0.221,TRUE,"Between",2,1.00017289926067,1.00017289926067
"Means","PHI_Y",0.222,0.025,0,0.173,0.271,TRUE,"Between",2,1.00017289926067,1.00017289926067
"Means","PHI_XY",0.082,0.025,0.001,0.032,0.134,TRUE,"Between",2,1.00017289926067,1.00017289926067
"Means","BETA_YX",0.288,0.031,0,0.227,0.348,TRUE,"Between",2,1.00017289926067,1.00017289926067
"Means","PSI_X",-1.544,0.114,0,-1.764,-1.319,TRUE,"Between",2,1.00017289926067,1.00017289926067
"Means","PSI_Y",-1.363,0.123,0,-1.611,-1.119,TRUE,"Between",2,1.00017289926067,1.00017289926067
