"paramHeader","param","est","posterior_sd","pval","lower_2.5ci","upper_2.5ci","sig","BetweenWithin","mplus_time","rhatMean","rhatLast"
"Means","X",2.963,0.15,0,2.671,3.262,TRUE,"Between",2,1.00021091208516,1.00021091208516
"Means","Y",1.098,0.087,0,0.926,1.272,TRUE,"Between",2,1.00021091208516,1.00021091208516
"Means","PHI_X",0.22,0.023,0,0.174,0.265,TRUE,"Between",2,1.00021091208516,1.00021091208516
"Means","PHI_Y",0.247,0.025,0,0.197,0.298,TRUE,"Between",2,1.00021091208516,1.00021091208516
"Means","PHI_XY",0.075,0.029,0.005,0.018,0.132,TRUE,"Between",2,1.00021091208516,1.00021091208516
"Means","BETA_YX",0.297,0.034,0,0.229,0.362,TRUE,"Between",2,1.00021091208516,1.00021091208516
"Means","PSI_X",-1.705,0.111,0,-1.924,-1.494,TRUE,"Between",2,1.00021091208516,1.00021091208516
"Means","PSI_Y",-1.388,0.122,0,-1.631,-1.153,TRUE,"Between",2,1.00021091208516,1.00021091208516
