"paramHeader","param","est","posterior_sd","pval","lower_2.5ci","upper_2.5ci","sig","BetweenWithin","mplus_time","rhatMean","rhatLast"
"Means","X",2.889,0.158,0,2.573,3.196,TRUE,"Between",2,1.00012377218958,1.00012377218958
"Means","Y",0.994,0.096,0,0.805,1.18,TRUE,"Between",2,1.00012377218958,1.00012377218958
"Means","PHI_X",0.241,0.024,0,0.193,0.287,TRUE,"Between",2,1.00012377218958,1.00012377218958
"Means","PHI_Y",0.253,0.025,0,0.203,0.303,TRUE,"Between",2,1.00012377218958,1.00012377218958
"Means","PHI_XY",0.05,0.027,0.032,-0.003,0.105,FALSE,"Between",2,1.00012377218958,1.00012377218958
"Means","BETA_YX",0.311,0.031,0,0.25,0.373,TRUE,"Between",2,1.00012377218958,1.00012377218958
"Means","PSI_X",-1.626,0.122,0,-1.863,-1.39,TRUE,"Between",2,1.00012377218958,1.00012377218958
"Means","PSI_Y",-1.445,0.116,0,-1.674,-1.213,TRUE,"Between",2,1.00012377218958,1.00012377218958
