"paramHeader","param","est","posterior_sd","pval","lower_2.5ci","upper_2.5ci","sig","BetweenWithin","mplus_time","rhatMean","rhatLast"
"Means","X",3.1,0.158,0,2.789,3.417,TRUE,"Between",2,1.00015215126271,1.00015215126271
"Means","Y",1.081,0.083,0,0.92,1.243,TRUE,"Between",2,1.00015215126271,1.00015215126271
"Means","PHI_X",0.197,0.025,0,0.146,0.244,TRUE,"Between",2,1.00015215126271,1.00015215126271
"Means","PHI_Y",0.26,0.025,0,0.209,0.31,TRUE,"Between",2,1.00015215126271,1.00015215126271
"Means","PHI_XY",0.073,0.027,0.003,0.021,0.126,TRUE,"Between",2,1.00015215126271,1.00015215126271
"Means","BETA_YX",0.275,0.032,0,0.211,0.338,TRUE,"Between",2,1.00015215126271,1.00015215126271
"Means","PSI_X",-1.574,0.093,0,-1.76,-1.392,TRUE,"Between",2,1.00015215126271,1.00015215126271
"Means","PSI_Y",-1.316,0.125,0,-1.567,-1.073,TRUE,"Between",2,1.00015215126271,1.00015215126271
