"paramHeader","param","est","posterior_sd","pval","lower_2.5ci","upper_2.5ci","sig","BetweenWithin","mplus_time","rhatMean","rhatLast"
"Means","X",2.939,0.17,0,2.609,3.276,TRUE,"Between",2,1.00014958649528,1.00014958649528
"Means","Y",0.879,0.086,0,0.708,1.047,TRUE,"Between",2,1.00014958649528,1.00014958649528
"Means","PHI_X",0.153,0.022,0,0.111,0.196,TRUE,"Between",2,1.00014958649528,1.00014958649528
"Means","PHI_Y",0.228,0.024,0,0.18,0.277,TRUE,"Between",2,1.00014958649528,1.00014958649528
"Means","PHI_XY",0.049,0.03,0.05,-0.009,0.109,FALSE,"Between",2,1.00014958649528,1.00014958649528
"Means","BETA_YX",0.345,0.033,0,0.28,0.41,TRUE,"Between",2,1.00014958649528,1.00014958649528
"Means","PSI_X",-1.587,0.101,0,-1.783,-1.39,TRUE,"Between",2,1.00014958649528,1.00014958649528
"Means","PSI_Y",-1.418,0.116,0,-1.652,-1.183,TRUE,"Between",2,1.00014958649528,1.00014958649528
