"paramHeader","param","est","posterior_sd","pval","lower_2.5ci","upper_2.5ci","sig","BetweenWithin","mplus_time","rhatMean","rhatLast"
"Means","X",3.077,0.161,0,2.76,3.394,TRUE,"Between",2,1.00013930565339,1.00013930565339
"Means","Y",1.151,0.082,0,0.99,1.308,TRUE,"Between",2,1.00013930565339,1.00013930565339
"Means","PHI_X",0.207,0.026,0,0.156,0.258,TRUE,"Between",2,1.00013930565339,1.00013930565339
"Means","PHI_Y",0.24,0.026,0,0.188,0.292,TRUE,"Between",2,1.00013930565339,1.00013930565339
"Means","PHI_XY",0.049,0.028,0.045,-0.009,0.103,FALSE,"Between",2,1.00013930565339,1.00013930565339
"Means","BETA_YX",0.324,0.033,0,0.258,0.389,TRUE,"Between",2,1.00013930565339,1.00013930565339
"Means","PSI_X",-1.634,0.112,0,-1.855,-1.417,TRUE,"Between",2,1.00013930565339,1.00013930565339
"Means","PSI_Y",-1.437,0.112,0,-1.661,-1.218,TRUE,"Between",2,1.00013930565339,1.00013930565339
