"paramHeader","param","est","posterior_sd","pval","lower_2.5ci","upper_2.5ci","sig","BetweenWithin","mplus_time","rhatMean","rhatLast"
"Means","X",3.046,0.153,0,2.742,3.349,TRUE,"Between",1,1.00015256968955,1.00015256968955
"Means","Y",0.956,0.088,0,0.785,1.128,TRUE,"Between",1,1.00015256968955,1.00015256968955
"Means","PHI_X",0.194,0.028,0,0.139,0.248,TRUE,"Between",1,1.00015256968955,1.00015256968955
"Means","PHI_Y",0.224,0.024,0,0.177,0.271,TRUE,"Between",1,1.00015256968955,1.00015256968955
"Means","PHI_XY",0.077,0.028,0.002,0.024,0.133,TRUE,"Between",1,1.00015256968955,1.00015256968955
"Means","BETA_YX",0.234,0.026,0,0.182,0.286,TRUE,"Between",1,1.00015256968955,1.00015256968955
"Means","PSI_X",-1.756,0.109,0,-1.964,-1.545,TRUE,"Between",1,1.00015256968955,1.00015256968955
"Means","PSI_Y",-1.557,0.101,0,-1.755,-1.361,TRUE,"Between",1,1.00015256968955,1.00015256968955
