"paramHeader","param","est","posterior_sd","pval","lower_2.5ci","upper_2.5ci","sig","BetweenWithin","mplus_time","rhatMean","rhatLast"
"Means","X",3.312,0.144,0,3.029,3.596,TRUE,"Between",2,1.00014357718723,1.00014357718723
"Means","Y",1.055,0.086,0,0.886,1.22,TRUE,"Between",2,1.00014357718723,1.00014357718723
"Means","PHI_X",0.255,0.024,0,0.207,0.303,TRUE,"Between",2,1.00014357718723,1.00014357718723
"Means","PHI_Y",0.226,0.023,0,0.18,0.272,TRUE,"Between",2,1.00014357718723,1.00014357718723
"Means","PHI_XY",-0.009,0.034,0.389,-0.076,0.055,FALSE,"Between",2,1.00014357718723,1.00014357718723
"Means","BETA_YX",0.233,0.034,0,0.166,0.299,TRUE,"Between",2,1.00014357718723,1.00014357718723
"Means","PSI_X",-1.618,0.118,0,-1.847,-1.394,TRUE,"Between",2,1.00014357718723,1.00014357718723
"Means","PSI_Y",-1.319,0.1,0,-1.52,-1.126,TRUE,"Between",2,1.00014357718723,1.00014357718723
