"paramHeader","param","est","posterior_sd","pval","lower_2.5ci","upper_2.5ci","sig","BetweenWithin","mplus_time","rhatMean","rhatLast"
"Means","X",3.056,0.145,0,2.769,3.342,TRUE,"Between",2,1.00015093719455,1.00015093719455
"Means","Y",1.081,0.089,0,0.904,1.256,TRUE,"Between",2,1.00015093719455,1.00015093719455
"Means","PHI_X",0.217,0.022,0,0.173,0.26,TRUE,"Between",2,1.00015093719455,1.00015093719455
"Means","PHI_Y",0.246,0.028,0,0.193,0.302,TRUE,"Between",2,1.00015093719455,1.00015093719455
"Means","PHI_XY",0.036,0.03,0.119,-0.024,0.095,FALSE,"Between",2,1.00015093719455,1.00015093719455
"Means","BETA_YX",0.293,0.031,0,0.234,0.356,TRUE,"Between",2,1.00015093719455,1.00015093719455
"Means","PSI_X",-1.636,0.117,0,-1.859,-1.409,TRUE,"Between",2,1.00015093719455,1.00015093719455
"Means","PSI_Y",-1.285,0.116,0,-1.512,-1.059,TRUE,"Between",2,1.00015093719455,1.00015093719455
