"paramHeader","param","est","posterior_sd","pval","lower_2.5ci","upper_2.5ci","sig","BetweenWithin","mplus_time","rhatMean","rhatLast"
"Means","X",3.17,0.177,0,2.822,3.516,TRUE,"Between",2,1.00014485372812,1.00014485372812
"Means","Y",1.001,0.09,0,0.824,1.173,TRUE,"Between",2,1.00014485372812,1.00014485372812
"Means","PHI_X",0.202,0.025,0,0.153,0.25,TRUE,"Between",2,1.00014485372812,1.00014485372812
"Means","PHI_Y",0.255,0.025,0,0.205,0.304,TRUE,"Between",2,1.00014485372812,1.00014485372812
"Means","PHI_XY",0.04,0.028,0.075,-0.015,0.096,FALSE,"Between",2,1.00014485372812,1.00014485372812
"Means","BETA_YX",0.343,0.028,0,0.289,0.397,TRUE,"Between",2,1.00014485372812,1.00014485372812
"Means","PSI_X",-1.45,0.111,0,-1.664,-1.234,TRUE,"Between",2,1.00014485372812,1.00014485372812
"Means","PSI_Y",-1.328,0.103,0,-1.526,-1.126,TRUE,"Between",2,1.00014485372812,1.00014485372812
