"paramHeader","param","est","posterior_sd","pval","lower_2.5ci","upper_2.5ci","sig","BetweenWithin","mplus_time","rhatMean","rhatLast"
"Means","X",3.052,0.157,0,2.741,3.364,TRUE,"Between",2,1.00013220501071,1.00013220501071
"Means","Y",0.969,0.086,0,0.798,1.135,TRUE,"Between",2,1.00013220501071,1.00013220501071
"Means","PHI_X",0.206,0.026,0,0.156,0.256,TRUE,"Between",2,1.00013220501071,1.00013220501071
"Means","PHI_Y",0.201,0.028,0,0.148,0.257,TRUE,"Between",2,1.00013220501071,1.00013220501071
"Means","PHI_XY",0.062,0.033,0.031,-0.003,0.126,FALSE,"Between",2,1.00013220501071,1.00013220501071
"Means","BETA_YX",0.3,0.029,0,0.243,0.358,TRUE,"Between",2,1.00013220501071,1.00013220501071
"Means","PSI_X",-1.745,0.113,0,-1.969,-1.524,TRUE,"Between",2,1.00013220501071,1.00013220501071
"Means","PSI_Y",-1.171,0.113,0,-1.394,-0.949,TRUE,"Between",2,1.00013220501071,1.00013220501071
