"paramHeader","param","est","posterior_sd","pval","lower_2.5ci","upper_2.5ci","sig","BetweenWithin","mplus_time","rhatMean","rhatLast"
"Means","X",3.014,0.156,0,2.71,3.323,TRUE,"Between",2,1.0001627051871,1.0001627051871
"Means","Y",0.875,0.093,0,0.691,1.061,TRUE,"Between",2,1.0001627051871,1.0001627051871
"Means","PHI_X",0.172,0.024,0,0.125,0.218,TRUE,"Between",2,1.0001627051871,1.0001627051871
"Means","PHI_Y",0.264,0.026,0,0.212,0.317,TRUE,"Between",2,1.0001627051871,1.0001627051871
"Means","PHI_XY",0.074,0.032,0.013,0.01,0.136,TRUE,"Between",2,1.0001627051871,1.0001627051871
"Means","BETA_YX",0.305,0.031,0,0.244,0.366,TRUE,"Between",2,1.0001627051871,1.0001627051871
"Means","PSI_X",-1.617,0.117,0,-1.851,-1.393,TRUE,"Between",2,1.0001627051871,1.0001627051871
"Means","PSI_Y",-1.398,0.113,0,-1.619,-1.18,TRUE,"Between",2,1.0001627051871,1.0001627051871
