"paramHeader","param","est","posterior_sd","pval","lower_2.5ci","upper_2.5ci","sig","BetweenWithin","mplus_time","rhatMean","rhatLast"
"Means","X",2.958,0.15,0,2.665,3.25,TRUE,"Between",2,1.00018598857836,1.00018598857836
"Means","Y",0.793,0.083,0,0.629,0.954,TRUE,"Between",2,1.00018598857836,1.00018598857836
"Means","PHI_X",0.242,0.022,0,0.199,0.284,TRUE,"Between",2,1.00018598857836,1.00018598857836
"Means","PHI_Y",0.272,0.024,0,0.225,0.32,TRUE,"Between",2,1.00018598857836,1.00018598857836
"Means","PHI_XY",0.03,0.028,0.134,-0.025,0.086,FALSE,"Between",2,1.00018598857836,1.00018598857836
"Means","BETA_YX",0.287,0.031,0,0.225,0.346,TRUE,"Between",2,1.00018598857836,1.00018598857836
"Means","PSI_X",-1.684,0.11,0,-1.898,-1.464,TRUE,"Between",2,1.00018598857836,1.00018598857836
"Means","PSI_Y",-1.368,0.099,0,-1.567,-1.17,TRUE,"Between",2,1.00018598857836,1.00018598857836
