"paramHeader","param","est","posterior_sd","pval","lower_2.5ci","upper_2.5ci","sig","BetweenWithin","mplus_time","rhatMean","rhatLast"
"Means","X",3.12,0.169,0,2.789,3.447,TRUE,"Between",2,1.00016507846119,1.00016507846119
"Means","Y",1.034,0.07,0,0.897,1.17,TRUE,"Between",2,1.00016507846119,1.00016507846119
"Means","PHI_X",0.199,0.027,0,0.146,0.249,TRUE,"Between",2,1.00016507846119,1.00016507846119
"Means","PHI_Y",0.251,0.023,0,0.207,0.297,TRUE,"Between",2,1.00016507846119,1.00016507846119
"Means","PHI_XY",0.055,0.032,0.043,-0.008,0.116,FALSE,"Between",2,1.00016507846119,1.00016507846119
"Means","BETA_YX",0.283,0.032,0,0.22,0.346,TRUE,"Between",2,1.00016507846119,1.00016507846119
"Means","PSI_X",-1.646,0.108,0,-1.86,-1.436,TRUE,"Between",2,1.00016507846119,1.00016507846119
"Means","PSI_Y",-1.341,0.113,0,-1.571,-1.125,TRUE,"Between",2,1.00016507846119,1.00016507846119
