"paramHeader","param","est","posterior_sd","pval","lower_2.5ci","upper_2.5ci","sig","BetweenWithin","mplus_time","rhatMean","rhatLast"
"Means","X",3.04,0.155,0,2.737,3.351,TRUE,"Between",2,1.00009029054082,1.00009029054082
"Means","Y",1.029,0.088,0,0.854,1.199,TRUE,"Between",2,1.00009029054082,1.00009029054082
"Means","PHI_X",0.206,0.026,0,0.154,0.255,TRUE,"Between",2,1.00009029054082,1.00009029054082
"Means","PHI_Y",0.256,0.027,0,0.204,0.311,TRUE,"Between",2,1.00009029054082,1.00009029054082
"Means","PHI_XY",0.024,0.029,0.208,-0.034,0.081,FALSE,"Between",2,1.00009029054082,1.00009029054082
"Means","BETA_YX",0.348,0.029,0,0.292,0.406,TRUE,"Between",2,1.00009029054082,1.00009029054082
"Means","PSI_X",-1.609,0.106,0,-1.814,-1.401,TRUE,"Between",2,1.00009029054082,1.00009029054082
"Means","PSI_Y",-1.344,0.125,0,-1.588,-1.095,TRUE,"Between",2,1.00009029054082,1.00009029054082
