"paramHeader","param","est","posterior_sd","pval","lower_2.5ci","upper_2.5ci","sig","BetweenWithin","mplus_time","rhatMean","rhatLast"
"Means","X",2.993,0.164,0,2.669,3.318,TRUE,"Between",2,1.00019850311175,1.00019850311175
"Means","Y",0.902,0.074,0,0.754,1.045,TRUE,"Between",2,1.00019850311175,1.00019850311175
"Means","PHI_X",0.197,0.02,0,0.157,0.235,TRUE,"Between",2,1.00019850311175,1.00019850311175
"Means","PHI_Y",0.28,0.024,0,0.232,0.328,TRUE,"Between",2,1.00019850311175,1.00019850311175
"Means","PHI_XY",0.098,0.03,0.001,0.039,0.158,TRUE,"Between",2,1.00019850311175,1.00019850311175
"Means","BETA_YX",0.254,0.033,0,0.191,0.32,TRUE,"Between",2,1.00019850311175,1.00019850311175
"Means","PSI_X",-1.717,0.116,0,-1.946,-1.49,TRUE,"Between",2,1.00019850311175,1.00019850311175
"Means","PSI_Y",-1.336,0.117,0,-1.566,-1.107,TRUE,"Between",2,1.00019850311175,1.00019850311175
