"paramHeader","param","est","posterior_sd","pval","lower_2.5ci","upper_2.5ci","sig","BetweenWithin","mplus_time","rhatMean","rhatLast"
"Means","X",3.115,0.155,0,2.813,3.423,TRUE,"Between",2,1.00015310233163,1.00015310233163
"Means","Y",0.916,0.084,0,0.752,1.079,TRUE,"Between",2,1.00015310233163,1.00015310233163
"Means","PHI_X",0.242,0.022,0,0.198,0.285,TRUE,"Between",2,1.00015310233163,1.00015310233163
"Means","PHI_Y",0.232,0.027,0,0.179,0.287,TRUE,"Between",2,1.00015310233163,1.00015310233163
"Means","PHI_XY",0.089,0.029,0.002,0.03,0.146,TRUE,"Between",2,1.00015310233163,1.00015310233163
"Means","BETA_YX",0.276,0.031,0,0.216,0.336,TRUE,"Between",2,1.00015310233163,1.00015310233163
"Means","PSI_X",-1.628,0.115,0,-1.851,-1.403,TRUE,"Between",2,1.00015310233163,1.00015310233163
"Means","PSI_Y",-1.288,0.116,0,-1.522,-1.064,TRUE,"Between",2,1.00015310233163,1.00015310233163
