"paramHeader","param","est","posterior_sd","pval","lower_2.5ci","upper_2.5ci","sig","BetweenWithin","mplus_time","rhatMean","rhatLast"
"Means","X",2.786,0.144,0,2.501,3.07,TRUE,"Between",2,1.00017130868106,1.00017130868106
"Means","Y",0.889,0.086,0,0.724,1.061,TRUE,"Between",2,1.00017130868106,1.00017130868106
"Means","PHI_X",0.206,0.027,0,0.151,0.259,TRUE,"Between",2,1.00017130868106,1.00017130868106
"Means","PHI_Y",0.259,0.023,0,0.213,0.306,TRUE,"Between",2,1.00017130868106,1.00017130868106
"Means","PHI_XY",0.047,0.031,0.052,-0.01,0.109,FALSE,"Between",2,1.00017130868106,1.00017130868106
"Means","BETA_YX",0.344,0.032,0,0.282,0.408,TRUE,"Between",2,1.00017130868106,1.00017130868106
"Means","PSI_X",-1.593,0.125,0,-1.839,-1.349,TRUE,"Between",2,1.00017130868106,1.00017130868106
"Means","PSI_Y",-1.385,0.107,0,-1.597,-1.175,TRUE,"Between",2,1.00017130868106,1.00017130868106
