"paramHeader","param","est","posterior_sd","pval","lower_2.5ci","upper_2.5ci","sig","BetweenWithin","mplus_time","rhatMean","rhatLast"
"Means","X",3.431,0.137,0,3.165,3.702,TRUE,"Between",2,1.00014627949666,1.00014627949666
"Means","Y",1.025,0.091,0,0.845,1.2,TRUE,"Between",2,1.00014627949666,1.00014627949666
"Means","PHI_X",0.216,0.025,0,0.167,0.263,TRUE,"Between",2,1.00014627949666,1.00014627949666
"Means","PHI_Y",0.28,0.029,0,0.225,0.337,TRUE,"Between",2,1.00014627949666,1.00014627949666
"Means","PHI_XY",0.053,0.029,0.032,-0.003,0.109,FALSE,"Between",2,1.00014627949666,1.00014627949666
"Means","BETA_YX",0.313,0.03,0,0.255,0.372,TRUE,"Between",2,1.00014627949666,1.00014627949666
"Means","PSI_X",-1.472,0.121,0,-1.709,-1.238,TRUE,"Between",2,1.00014627949666,1.00014627949666
"Means","PSI_Y",-1.325,0.123,0,-1.573,-1.086,TRUE,"Between",2,1.00014627949666,1.00014627949666
