"paramHeader","param","est","posterior_sd","pval","lower_2.5ci","upper_2.5ci","sig","BetweenWithin","mplus_time","rhatMean","rhatLast"
"Means","X",3.032,0.151,0,2.74,3.335,TRUE,"Between",2,1.00013035648834,1.00013035648834
"Means","Y",0.902,0.096,0,0.714,1.089,TRUE,"Between",2,1.00013035648834,1.00013035648834
"Means","PHI_X",0.194,0.026,0,0.142,0.244,TRUE,"Between",2,1.00013035648834,1.00013035648834
"Means","PHI_Y",0.256,0.026,0,0.207,0.307,TRUE,"Between",2,1.00013035648834,1.00013035648834
"Means","PHI_XY",0.058,0.03,0.03,-0.002,0.118,FALSE,"Between",2,1.00013035648834,1.00013035648834
"Means","BETA_YX",0.298,0.031,0,0.237,0.359,TRUE,"Between",2,1.00013035648834,1.00013035648834
"Means","PSI_X",-1.688,0.115,0,-1.91,-1.463,TRUE,"Between",2,1.00013035648834,1.00013035648834
"Means","PSI_Y",-1.304,0.12,0,-1.546,-1.068,TRUE,"Between",2,1.00013035648834,1.00013035648834
