"paramHeader","param","est","posterior_sd","pval","lower_2.5ci","upper_2.5ci","sig","BetweenWithin","mplus_time","rhatMean","rhatLast"
"Means","X",2.944,0.138,0,2.672,3.215,TRUE,"Between",2,1.00014773542165,1.00014773542165
"Means","Y",1.008,0.087,0,0.835,1.18,TRUE,"Between",2,1.00014773542165,1.00014773542165
"Means","PHI_X",0.179,0.023,0,0.133,0.223,TRUE,"Between",2,1.00014773542165,1.00014773542165
"Means","PHI_Y",0.23,0.028,0,0.176,0.285,TRUE,"Between",2,1.00014773542165,1.00014773542165
"Means","PHI_XY",0.062,0.03,0.02,0.003,0.121,TRUE,"Between",2,1.00014773542165,1.00014773542165
"Means","BETA_YX",0.266,0.031,0,0.206,0.327,TRUE,"Between",2,1.00014773542165,1.00014773542165
"Means","PSI_X",-1.654,0.099,0,-1.855,-1.465,TRUE,"Between",2,1.00014773542165,1.00014773542165
"Means","PSI_Y",-1.508,0.111,0,-1.723,-1.282,TRUE,"Between",2,1.00014773542165,1.00014773542165
