"paramHeader","param","est","posterior_sd","pval","lower_2.5ci","upper_2.5ci","sig","BetweenWithin","mplus_time","rhatMean","rhatLast"
"Means","X",2.696,0.15,0,2.401,2.988,TRUE,"Between",2,1.00016220061542,1.00016220061542
"Means","Y",1.172,0.088,0,0.997,1.343,TRUE,"Between",2,1.00016220061542,1.00016220061542
"Means","PHI_X",0.205,0.025,0,0.156,0.254,TRUE,"Between",2,1.00016220061542,1.00016220061542
"Means","PHI_Y",0.27,0.026,0,0.218,0.322,TRUE,"Between",2,1.00016220061542,1.00016220061542
"Means","PHI_XY",0.084,0.03,0.003,0.025,0.143,TRUE,"Between",2,1.00016220061542,1.00016220061542
"Means","BETA_YX",0.283,0.032,0,0.223,0.347,TRUE,"Between",2,1.00016220061542,1.00016220061542
"Means","PSI_X",-1.638,0.124,0,-1.885,-1.398,TRUE,"Between",2,1.00016220061542,1.00016220061542
"Means","PSI_Y",-1.541,0.121,0,-1.785,-1.307,TRUE,"Between",2,1.00016220061542,1.00016220061542
