"paramHeader","param","est","posterior_sd","pval","lower_2.5ci","upper_2.5ci","sig","BetweenWithin","mplus_time","rhatMean","rhatLast"
"Means","X",3.385,0.149,0,3.096,3.679,TRUE,"Between",2,1.00009982282855,1.00009982282855
"Means","Y",0.982,0.088,0,0.807,1.156,TRUE,"Between",2,1.00009982282855,1.00009982282855
"Means","PHI_X",0.225,0.024,0,0.177,0.272,TRUE,"Between",2,1.00009982282855,1.00009982282855
"Means","PHI_Y",0.279,0.025,0,0.231,0.329,TRUE,"Between",2,1.00009982282855,1.00009982282855
"Means","PHI_XY",0.044,0.028,0.059,-0.013,0.099,FALSE,"Between",2,1.00009982282855,1.00009982282855
"Means","BETA_YX",0.301,0.036,0,0.231,0.37,TRUE,"Between",2,1.00009982282855,1.00009982282855
"Means","PSI_X",-1.671,0.108,0,-1.884,-1.46,TRUE,"Between",2,1.00009982282855,1.00009982282855
"Means","PSI_Y",-1.561,0.124,0,-1.81,-1.321,TRUE,"Between",2,1.00009982282855,1.00009982282855
