"paramHeader","param","est","posterior_sd","pval","lower_2.5ci","upper_2.5ci","sig","BetweenWithin","mplus_time","rhatMean","rhatLast"
"Means","X",3.25,0.148,0,2.956,3.543,TRUE,"Between",2,1.00017723329738,1.00017723329738
"Means","Y",0.875,0.091,0,0.696,1.053,TRUE,"Between",2,1.00017723329738,1.00017723329738
"Means","PHI_X",0.221,0.023,0,0.175,0.266,TRUE,"Between",2,1.00017723329738,1.00017723329738
"Means","PHI_Y",0.223,0.029,0,0.167,0.28,TRUE,"Between",2,1.00017723329738,1.00017723329738
"Means","PHI_XY",0.013,0.032,0.34,-0.05,0.076,FALSE,"Between",2,1.00017723329738,1.00017723329738
"Means","BETA_YX",0.314,0.032,0,0.251,0.376,TRUE,"Between",2,1.00017723329738,1.00017723329738
"Means","PSI_X",-1.653,0.125,0,-1.897,-1.41,TRUE,"Between",2,1.00017723329738,1.00017723329738
"Means","PSI_Y",-1.409,0.123,0,-1.661,-1.167,TRUE,"Between",2,1.00017723329738,1.00017723329738
