"paramHeader","param","est","posterior_sd","pval","lower_2.5ci","upper_2.5ci","sig","BetweenWithin","mplus_time","rhatMean","rhatLast"
"Means","X",2.883,0.141,0,2.612,3.163,TRUE,"Between",2,1.00014741990693,1.00014741990693
"Means","Y",0.997,0.086,0,0.828,1.165,TRUE,"Between",2,1.00014741990693,1.00014741990693
"Means","PHI_X",0.199,0.023,0,0.154,0.243,TRUE,"Between",2,1.00014741990693,1.00014741990693
"Means","PHI_Y",0.196,0.027,0,0.144,0.248,TRUE,"Between",2,1.00014741990693,1.00014741990693
"Means","PHI_XY",0.11,0.027,0,0.056,0.164,TRUE,"Between",2,1.00014741990693,1.00014741990693
"Means","BETA_YX",0.269,0.032,0,0.205,0.331,TRUE,"Between",2,1.00014741990693,1.00014741990693
"Means","PSI_X",-1.55,0.12,0,-1.788,-1.315,TRUE,"Between",2,1.00014741990693,1.00014741990693
"Means","PSI_Y",-1.469,0.107,0,-1.683,-1.265,TRUE,"Between",2,1.00014741990693,1.00014741990693
