"paramHeader","param","est","posterior_sd","pval","lower_2.5ci","upper_2.5ci","sig","BetweenWithin","mplus_time","rhatMean","rhatLast"
"Means","X",2.907,0.147,0,2.624,3.195,TRUE,"Between",2,1.00016476634474,1.00016476634474
"Means","Y",1.046,0.093,0,0.86,1.228,TRUE,"Between",2,1.00016476634474,1.00016476634474
"Means","PHI_X",0.194,0.027,0,0.14,0.244,TRUE,"Between",2,1.00016476634474,1.00016476634474
"Means","PHI_Y",0.263,0.023,0,0.215,0.309,TRUE,"Between",2,1.00016476634474,1.00016476634474
"Means","PHI_XY",0.049,0.031,0.06,-0.013,0.109,FALSE,"Between",2,1.00016476634474,1.00016476634474
"Means","BETA_YX",0.276,0.03,0,0.219,0.337,TRUE,"Between",2,1.00016476634474,1.00016476634474
"Means","PSI_X",-1.538,0.108,0,-1.749,-1.325,TRUE,"Between",2,1.00016476634474,1.00016476634474
"Means","PSI_Y",-1.106,0.121,0,-1.346,-0.87,TRUE,"Between",2,1.00016476634474,1.00016476634474
