"paramHeader","param","est","posterior_sd","pval","lower_2.5ci","upper_2.5ci","sig","BetweenWithin","mplus_time","rhatMean","rhatLast"
"Means","X",2.929,0.149,0,2.642,3.219,TRUE,"Between",2,1.00016683400435,1.00016683400435
"Means","Y",0.839,0.09,0,0.662,1.016,TRUE,"Between",2,1.00016683400435,1.00016683400435
"Means","PHI_X",0.173,0.026,0,0.121,0.223,TRUE,"Between",2,1.00016683400435,1.00016683400435
"Means","PHI_Y",0.253,0.025,0,0.203,0.303,TRUE,"Between",2,1.00016683400435,1.00016683400435
"Means","PHI_XY",0.081,0.029,0.003,0.026,0.138,TRUE,"Between",2,1.00016683400435,1.00016683400435
"Means","BETA_YX",0.274,0.032,0,0.211,0.337,TRUE,"Between",2,1.00016683400435,1.00016683400435
"Means","PSI_X",-1.668,0.111,0,-1.889,-1.452,TRUE,"Between",2,1.00016683400435,1.00016683400435
"Means","PSI_Y",-1.517,0.113,0,-1.734,-1.29,TRUE,"Between",2,1.00016683400435,1.00016683400435
