"paramHeader","param","est","posterior_sd","pval","lower_2.5ci","upper_2.5ci","sig","BetweenWithin","mplus_time","rhatMean","rhatLast"
"Means","X",2.981,0.147,0,2.688,3.268,TRUE,"Between",2,1.00015535777389,1.00015535777389
"Means","Y",1.008,0.075,0,0.86,1.155,TRUE,"Between",2,1.00015535777389,1.00015535777389
"Means","PHI_X",0.229,0.026,0,0.177,0.28,TRUE,"Between",2,1.00015535777389,1.00015535777389
"Means","PHI_Y",0.2,0.028,0,0.145,0.256,TRUE,"Between",2,1.00015535777389,1.00015535777389
"Means","PHI_XY",0.048,0.03,0.058,-0.012,0.108,FALSE,"Between",2,1.00015535777389,1.00015535777389
"Means","BETA_YX",0.288,0.034,0,0.222,0.355,TRUE,"Between",2,1.00015535777389,1.00015535777389
"Means","PSI_X",-1.508,0.109,0,-1.721,-1.298,TRUE,"Between",2,1.00015535777389,1.00015535777389
"Means","PSI_Y",-1.533,0.106,0,-1.739,-1.32,TRUE,"Between",2,1.00015535777389,1.00015535777389
