"paramHeader","param","est","posterior_sd","pval","lower_2.5ci","upper_2.5ci","sig","BetweenWithin","mplus_time","rhatMean","rhatLast"
"Means","X",2.687,0.135,0,2.424,2.954,TRUE,"Between",2,1.00013129723914,1.00013129723914
"Means","Y",1.045,0.089,0,0.871,1.222,TRUE,"Between",2,1.00013129723914,1.00013129723914
"Means","PHI_X",0.171,0.023,0,0.125,0.216,TRUE,"Between",2,1.00013129723914,1.00013129723914
"Means","PHI_Y",0.267,0.026,0,0.216,0.318,TRUE,"Between",2,1.00013129723914,1.00013129723914
"Means","PHI_XY",0.016,0.029,0.282,-0.042,0.074,FALSE,"Between",2,1.00013129723914,1.00013129723914
"Means","BETA_YX",0.225,0.033,0,0.161,0.289,TRUE,"Between",2,1.00013129723914,1.00013129723914
"Means","PSI_X",-1.635,0.114,0,-1.861,-1.412,TRUE,"Between",2,1.00013129723914,1.00013129723914
"Means","PSI_Y",-1.404,0.102,0,-1.607,-1.207,TRUE,"Between",2,1.00013129723914,1.00013129723914
