"paramHeader","param","est","posterior_sd","pval","lower_2.5ci","upper_2.5ci","sig","BetweenWithin","mplus_time","rhatMean","rhatLast"
"Means","X",3.042,0.158,0,2.73,3.353,TRUE,"Between",2,1.00013372320675,1.00013372320675
"Means","Y",1.048,0.088,0,0.875,1.222,TRUE,"Between",2,1.00013372320675,1.00013372320675
"Means","PHI_X",0.224,0.025,0,0.173,0.273,TRUE,"Between",2,1.00013372320675,1.00013372320675
"Means","PHI_Y",0.26,0.025,0,0.211,0.311,TRUE,"Between",2,1.00013372320675,1.00013372320675
"Means","PHI_XY",0.071,0.031,0.012,0.01,0.131,TRUE,"Between",2,1.00013372320675,1.00013372320675
"Means","BETA_YX",0.236,0.029,0,0.178,0.291,TRUE,"Between",2,1.00013372320675,1.00013372320675
"Means","PSI_X",-1.745,0.112,0,-1.964,-1.528,TRUE,"Between",2,1.00013372320675,1.00013372320675
"Means","PSI_Y",-1.369,0.117,0,-1.606,-1.14,TRUE,"Between",2,1.00013372320675,1.00013372320675
