"paramHeader","param","est","posterior_sd","pval","lower_2.5ci","upper_2.5ci","sig","BetweenWithin","mplus_time","rhatMean","rhatLast"
"Means","X",3.021,0.146,0,2.732,3.307,TRUE,"Between",2,1.00010495234843,1.00010495234843
"Means","Y",0.966,0.078,0,0.816,1.12,TRUE,"Between",2,1.00010495234843,1.00010495234843
"Means","PHI_X",0.176,0.025,0,0.126,0.224,TRUE,"Between",2,1.00010495234843,1.00010495234843
"Means","PHI_Y",0.248,0.025,0,0.198,0.297,TRUE,"Between",2,1.00010495234843,1.00010495234843
"Means","PHI_XY",0.034,0.03,0.131,-0.023,0.092,FALSE,"Between",2,1.00010495234843,1.00010495234843
"Means","BETA_YX",0.313,0.03,0,0.253,0.372,TRUE,"Between",2,1.00010495234843,1.00010495234843
"Means","PSI_X",-1.485,0.101,0,-1.683,-1.293,TRUE,"Between",2,1.00010495234843,1.00010495234843
"Means","PSI_Y",-1.421,0.114,0,-1.649,-1.197,TRUE,"Between",2,1.00010495234843,1.00010495234843
