"paramHeader","param","est","posterior_sd","pval","lower_2.5ci","upper_2.5ci","sig","BetweenWithin","mplus_time","rhatMean","rhatLast"
"Means","X",3.281,0.149,0,2.99,3.57,TRUE,"Between",2,1.00011915153523,1.00011915153523
"Means","Y",0.974,0.096,0,0.783,1.166,TRUE,"Between",2,1.00011915153523,1.00011915153523
"Means","PHI_X",0.195,0.024,0,0.148,0.24,TRUE,"Between",2,1.00011915153523,1.00011915153523
"Means","PHI_Y",0.271,0.025,0,0.223,0.321,TRUE,"Between",2,1.00011915153523,1.00011915153523
"Means","PHI_XY",0.027,0.029,0.177,-0.03,0.084,FALSE,"Between",2,1.00011915153523,1.00011915153523
"Means","BETA_YX",0.338,0.032,0,0.275,0.399,TRUE,"Between",2,1.00011915153523,1.00011915153523
"Means","PSI_X",-1.642,0.112,0,-1.861,-1.423,TRUE,"Between",2,1.00011915153523,1.00011915153523
"Means","PSI_Y",-1.516,0.105,0,-1.724,-1.308,TRUE,"Between",2,1.00011915153523,1.00011915153523
