"paramHeader","param","est","posterior_sd","pval","lower_2.5ci","upper_2.5ci","sig","BetweenWithin","mplus_time","rhatMean","rhatLast"
"Means","X",2.914,0.149,0,2.623,3.215,TRUE,"Between",2,1.00015924157206,1.00015924157206
"Means","Y",1.005,0.098,0,0.81,1.198,TRUE,"Between",2,1.00015924157206,1.00015924157206
"Means","PHI_X",0.218,0.023,0,0.171,0.262,TRUE,"Between",2,1.00015924157206,1.00015924157206
"Means","PHI_Y",0.215,0.025,0,0.166,0.264,TRUE,"Between",2,1.00015924157206,1.00015924157206
"Means","PHI_XY",0.061,0.029,0.019,0.003,0.119,TRUE,"Between",2,1.00015924157206,1.00015924157206
"Means","BETA_YX",0.231,0.032,0,0.168,0.294,TRUE,"Between",2,1.00015924157206,1.00015924157206
"Means","PSI_X",-1.59,0.094,0,-1.771,-1.409,TRUE,"Between",2,1.00015924157206,1.00015924157206
"Means","PSI_Y",-1.054,0.118,0,-1.282,-0.82,TRUE,"Between",2,1.00015924157206,1.00015924157206
