"paramHeader","param","est","posterior_sd","pval","lower_2.5ci","upper_2.5ci","sig","BetweenWithin","mplus_time","rhatMean","rhatLast"
"Means","X",2.814,0.14,0,2.548,3.094,TRUE,"Between",1,1.00021098527859,1.00021098527859
"Means","Y",0.969,0.092,0,0.79,1.153,TRUE,"Between",1,1.00021098527859,1.00021098527859
"Means","PHI_X",0.201,0.024,0,0.154,0.246,TRUE,"Between",1,1.00021098527859,1.00021098527859
"Means","PHI_Y",0.202,0.026,0,0.151,0.254,TRUE,"Between",1,1.00021098527859,1.00021098527859
"Means","PHI_XY",0.033,0.03,0.135,-0.026,0.091,FALSE,"Between",1,1.00021098527859,1.00021098527859
"Means","BETA_YX",0.299,0.031,0,0.237,0.36,TRUE,"Between",1,1.00021098527859,1.00021098527859
"Means","PSI_X",-1.709,0.112,0,-1.925,-1.491,TRUE,"Between",1,1.00021098527859,1.00021098527859
"Means","PSI_Y",-1.216,0.099,0,-1.417,-1.021,TRUE,"Between",1,1.00021098527859,1.00021098527859
