"paramHeader","param","est","posterior_sd","pval","lower_2.5ci","upper_2.5ci","sig","BetweenWithin","mplus_time","rhatMean","rhatLast"
"Means","X",3.058,0.141,0,2.786,3.34,TRUE,"Between",2,1.00024662427623,1.00024662427623
"Means","Y",1.044,0.083,0,0.88,1.205,TRUE,"Between",2,1.00024662427623,1.00024662427623
"Means","PHI_X",0.211,0.023,0,0.165,0.255,TRUE,"Between",2,1.00024662427623,1.00024662427623
"Means","PHI_Y",0.236,0.026,0,0.184,0.288,TRUE,"Between",2,1.00024662427623,1.00024662427623
"Means","PHI_XY",0.007,0.028,0.404,-0.049,0.062,FALSE,"Between",2,1.00024662427623,1.00024662427623
"Means","BETA_YX",0.305,0.026,0,0.254,0.357,TRUE,"Between",2,1.00024662427623,1.00024662427623
"Means","PSI_X",-1.8,0.122,0,-2.037,-1.559,TRUE,"Between",2,1.00024662427623,1.00024662427623
"Means","PSI_Y",-1.488,0.116,0,-1.724,-1.261,TRUE,"Between",2,1.00024662427623,1.00024662427623
