"paramHeader","param","est","posterior_sd","pval","lower_2.5ci","upper_2.5ci","sig","BetweenWithin","mplus_time","rhatMean","rhatLast"
"Means","X",2.875,0.153,0,2.577,3.181,TRUE,"Between",1,1.00028245192535,1.00028245192535
"Means","Y",0.934,0.089,0,0.758,1.106,TRUE,"Between",1,1.00028245192535,1.00028245192535
"Means","PHI_X",0.212,0.024,0,0.165,0.256,TRUE,"Between",1,1.00028245192535,1.00028245192535
"Means","PHI_Y",0.242,0.031,0,0.181,0.303,TRUE,"Between",1,1.00028245192535,1.00028245192535
"Means","PHI_XY",0.064,0.027,0.01,0.009,0.118,TRUE,"Between",1,1.00028245192535,1.00028245192535
"Means","BETA_YX",0.299,0.03,0,0.241,0.359,TRUE,"Between",1,1.00028245192535,1.00028245192535
"Means","PSI_X",-1.613,0.102,0,-1.814,-1.413,TRUE,"Between",1,1.00028245192535,1.00028245192535
"Means","PSI_Y",-1.408,0.121,0,-1.649,-1.172,TRUE,"Between",1,1.00028245192535,1.00028245192535
