"paramHeader","param","est","posterior_sd","pval","lower_2.5ci","upper_2.5ci","sig","BetweenWithin","mplus_time","rhatMean","rhatLast"
"Means","X",2.845,0.139,0,2.572,3.122,TRUE,"Between",2,1.00012566943732,1.00012566943732
"Means","Y",1.135,0.083,0,0.975,1.299,TRUE,"Between",2,1.00012566943732,1.00012566943732
"Means","PHI_X",0.192,0.023,0,0.147,0.235,TRUE,"Between",2,1.00012566943732,1.00012566943732
"Means","PHI_Y",0.261,0.027,0,0.207,0.314,TRUE,"Between",2,1.00012566943732,1.00012566943732
"Means","PHI_XY",0.07,0.027,0.005,0.019,0.124,TRUE,"Between",2,1.00012566943732,1.00012566943732
"Means","BETA_YX",0.305,0.03,0,0.247,0.363,TRUE,"Between",2,1.00012566943732,1.00012566943732
"Means","PSI_X",-1.709,0.099,0,-1.904,-1.516,TRUE,"Between",2,1.00012566943732,1.00012566943732
"Means","PSI_Y",-1.247,0.113,0,-1.468,-1.024,TRUE,"Between",2,1.00012566943732,1.00012566943732
