"paramHeader","param","est","posterior_sd","pval","lower_2.5ci","upper_2.5ci","sig","BetweenWithin","mplus_time","rhatMean","rhatLast"
"Means","X",2.998,0.155,0,2.691,3.307,TRUE,"Between",2,1.00011868900772,1.00011868900772
"Means","Y",1.128,0.088,0,0.954,1.298,TRUE,"Between",2,1.00011868900772,1.00011868900772
"Means","PHI_X",0.227,0.029,0,0.17,0.282,TRUE,"Between",2,1.00011868900772,1.00011868900772
"Means","PHI_Y",0.215,0.027,0,0.163,0.268,TRUE,"Between",2,1.00011868900772,1.00011868900772
"Means","PHI_XY",0.048,0.03,0.054,-0.012,0.106,FALSE,"Between",2,1.00011868900772,1.00011868900772
"Means","BETA_YX",0.294,0.032,0,0.23,0.356,TRUE,"Between",2,1.00011868900772,1.00011868900772
"Means","PSI_X",-1.67,0.104,0,-1.876,-1.467,TRUE,"Between",2,1.00011868900772,1.00011868900772
"Means","PSI_Y",-1.407,0.105,0,-1.618,-1.203,TRUE,"Between",2,1.00011868900772,1.00011868900772
