"paramHeader","param","est","posterior_sd","pval","lower_2.5ci","upper_2.5ci","sig","BetweenWithin","mplus_time","rhatMean","rhatLast"
"Means","X",3.14,0.152,0,2.844,3.44,TRUE,"Between",2,1.00012943053251,1.00012943053251
"Means","Y",0.935,0.085,0,0.761,1.099,TRUE,"Between",2,1.00012943053251,1.00012943053251
"Means","PHI_X",0.218,0.028,0,0.161,0.272,TRUE,"Between",2,1.00012943053251,1.00012943053251
"Means","PHI_Y",0.272,0.023,0,0.225,0.317,TRUE,"Between",2,1.00012943053251,1.00012943053251
"Means","PHI_XY",0.044,0.027,0.057,-0.011,0.096,FALSE,"Between",2,1.00012943053251,1.00012943053251
"Means","BETA_YX",0.333,0.032,0,0.271,0.396,TRUE,"Between",2,1.00012943053251,1.00012943053251
"Means","PSI_X",-1.566,0.099,0,-1.76,-1.372,TRUE,"Between",2,1.00012943053251,1.00012943053251
"Means","PSI_Y",-1.355,0.117,0,-1.587,-1.121,TRUE,"Between",2,1.00012943053251,1.00012943053251
