"paramHeader","param","est","posterior_sd","pval","lower_2.5ci","upper_2.5ci","sig","BetweenWithin","mplus_time","rhatMean","rhatLast"
"Means","X",2.895,0.156,0,2.589,3.202,TRUE,"Between",2,1.00011375612731,1.00011375612731
"Means","Y",0.976,0.077,0,0.826,1.124,TRUE,"Between",2,1.00011375612731,1.00011375612731
"Means","PHI_X",0.191,0.025,0,0.142,0.238,TRUE,"Between",2,1.00011375612731,1.00011375612731
"Means","PHI_Y",0.222,0.025,0,0.174,0.272,TRUE,"Between",2,1.00011375612731,1.00011375612731
"Means","PHI_XY",0.013,0.03,0.328,-0.047,0.071,FALSE,"Between",2,1.00011375612731,1.00011375612731
"Means","BETA_YX",0.277,0.027,0,0.224,0.33,TRUE,"Between",2,1.00011375612731,1.00011375612731
"Means","PSI_X",-1.653,0.126,0,-1.898,-1.403,TRUE,"Between",2,1.00011375612731,1.00011375612731
"Means","PSI_Y",-1.532,0.106,0,-1.748,-1.327,TRUE,"Between",2,1.00011375612731,1.00011375612731
