"paramHeader","param","est","posterior_sd","pval","lower_2.5ci","upper_2.5ci","sig","BetweenWithin","mplus_time","rhatMean","rhatLast"
"Means","X",3.32,0.149,0,3.024,3.613,TRUE,"Between",2,1.00010839498239,1.00010839498239
"Means","Y",1.073,0.09,0,0.898,1.25,TRUE,"Between",2,1.00010839498239,1.00010839498239
"Means","PHI_X",0.221,0.024,0,0.173,0.269,TRUE,"Between",2,1.00010839498239,1.00010839498239
"Means","PHI_Y",0.206,0.03,0,0.148,0.265,TRUE,"Between",2,1.00010839498239,1.00010839498239
"Means","PHI_XY",0.033,0.028,0.122,-0.023,0.088,FALSE,"Between",2,1.00010839498239,1.00010839498239
"Means","BETA_YX",0.258,0.029,0,0.201,0.316,TRUE,"Between",2,1.00010839498239,1.00010839498239
"Means","PSI_X",-1.637,0.108,0,-1.848,-1.424,TRUE,"Between",2,1.00010839498239,1.00010839498239
"Means","PSI_Y",-1.486,0.117,0,-1.712,-1.252,TRUE,"Between",2,1.00010839498239,1.00010839498239
