"paramHeader","param","est","posterior_sd","pval","lower_2.5ci","upper_2.5ci","sig","BetweenWithin","mplus_time","rhatMean","rhatLast"
"Intercepts","X",3.091,0.122,0,2.846,3.325,TRUE,"Between",3,1.00171556540121,1.00171556540121
"Intercepts","Y",1.152,0.081,0,0.99,1.308,TRUE,"Between",3,1.00171556540121,1.00171556540121
"Intercepts","PHI_X",0.207,0.016,0,0.174,0.238,TRUE,"Between",3,1.00171556540121,1.00171556540121
"Intercepts","PHI_Y",0.229,0.018,0,0.195,0.266,TRUE,"Between",3,1.00171556540121,1.00171556540121
"Intercepts","PHI_XY",0.056,0.019,0.002,0.018,0.093,TRUE,"Between",3,1.00171556540121,1.00171556540121
"Intercepts","BETA_YX",0.322,0.016,0,0.29,0.353,TRUE,"Between",3,1.00171556540121,1.00171556540121
"Intercepts","PSI_X",-1.57,0.071,0,-1.711,-1.431,TRUE,"Between",3,1.00171556540121,1.00171556540121
"Intercepts","PSI_Y",-1.35,0.066,0,-1.482,-1.221,TRUE,"Between",3,1.00171556540121,1.00171556540121
