"paramHeader","param","est","posterior_sd","pval","lower_2.5ci","upper_2.5ci","sig","BetweenWithin","mplus_time","rhatMean","rhatLast"
"Intercepts","X",2.725,0.115,0,2.507,2.957,TRUE,"Between",2,1.00161107314064,1.00161107314064
"Intercepts","Y",0.882,0.068,0,0.754,1.019,TRUE,"Between",2,1.00161107314064,1.00161107314064
"Intercepts","PHI_X",0.212,0.016,0,0.18,0.243,TRUE,"Between",2,1.00161107314064,1.00161107314064
"Intercepts","PHI_Y",0.21,0.019,0,0.172,0.247,TRUE,"Between",2,1.00161107314064,1.00161107314064
"Intercepts","PHI_XY",0.028,0.018,0.055,-0.007,0.062,FALSE,"Between",2,1.00161107314064,1.00161107314064
"Intercepts","BETA_YX",0.296,0.02,0,0.258,0.334,TRUE,"Between",2,1.00161107314064,1.00161107314064
"Intercepts","PSI_X",-1.644,0.069,0,-1.774,-1.506,TRUE,"Between",2,1.00161107314064,1.00161107314064
"Intercepts","PSI_Y",-1.442,0.065,0,-1.565,-1.311,TRUE,"Between",2,1.00161107314064,1.00161107314064
