"paramHeader","param","est","posterior_sd","pval","lower_2.5ci","upper_2.5ci","sig","BetweenWithin","mplus_time","rhatMean","rhatLast"
"Intercepts","X",2.995,0.105,0,2.793,3.201,TRUE,"Between",2,1.00117640527216,1.00117640527216
"Intercepts","Y",1.003,0.062,0,0.88,1.122,TRUE,"Between",2,1.00117640527216,1.00117640527216
"Intercepts","PHI_X",0.208,0.017,0,0.175,0.241,TRUE,"Between",2,1.00117640527216,1.00117640527216
"Intercepts","PHI_Y",0.291,0.018,0,0.254,0.328,TRUE,"Between",2,1.00117640527216,1.00117640527216
"Intercepts","PHI_XY",0.027,0.018,0.067,-0.009,0.06,FALSE,"Between",2,1.00117640527216,1.00117640527216
"Intercepts","BETA_YX",0.292,0.016,0,0.261,0.324,TRUE,"Between",2,1.00117640527216,1.00117640527216
"Intercepts","PSI_X",-1.548,0.067,0,-1.679,-1.421,TRUE,"Between",2,1.00117640527216,1.00117640527216
"Intercepts","PSI_Y",-1.401,0.066,0,-1.529,-1.271,TRUE,"Between",2,1.00117640527216,1.00117640527216
