"paramHeader","param","est","posterior_sd","pval","lower_2.5ci","upper_2.5ci","sig","BetweenWithin","mplus_time","rhatMean","rhatLast"
"Intercepts","X",3.027,0.126,0,2.775,3.267,TRUE,"Between",2,1.00339420505593,1.00339420505593
"Intercepts","Y",0.987,0.084,0,0.813,1.148,TRUE,"Between",2,1.00339420505593,1.00339420505593
"Intercepts","PHI_X",0.198,0.017,0,0.163,0.231,TRUE,"Between",2,1.00339420505593,1.00339420505593
"Intercepts","PHI_Y",0.251,0.019,0,0.214,0.289,TRUE,"Between",2,1.00339420505593,1.00339420505593
"Intercepts","PHI_XY",0.023,0.018,0.099,-0.013,0.058,FALSE,"Between",2,1.00339420505593,1.00339420505593
"Intercepts","BETA_YX",0.274,0.017,0,0.242,0.307,TRUE,"Between",2,1.00339420505593,1.00339420505593
"Intercepts","PSI_X",-1.667,0.07,0,-1.805,-1.53,TRUE,"Between",2,1.00339420505593,1.00339420505593
"Intercepts","PSI_Y",-1.385,0.071,0,-1.526,-1.246,TRUE,"Between",2,1.00339420505593,1.00339420505593
