"paramHeader","param","est","posterior_sd","pval","lower_2.5ci","upper_2.5ci","sig","BetweenWithin","mplus_time","rhatMean","rhatLast"
"Intercepts","X",2.946,0.13,0,2.693,3.207,TRUE,"Between",2,1.00439704132546,1.00439704132546
"Intercepts","Y",0.951,0.074,0,0.81,1.098,TRUE,"Between",2,1.00439704132546,1.00439704132546
"Intercepts","PHI_X",0.201,0.016,0,0.169,0.233,TRUE,"Between",2,1.00439704132546,1.00439704132546
"Intercepts","PHI_Y",0.268,0.019,0,0.229,0.306,TRUE,"Between",2,1.00439704132546,1.00439704132546
"Intercepts","PHI_XY",0.079,0.019,0,0.041,0.117,TRUE,"Between",2,1.00439704132546,1.00439704132546
"Intercepts","BETA_YX",0.293,0.017,0,0.259,0.327,TRUE,"Between",2,1.00439704132546,1.00439704132546
"Intercepts","PSI_X",-1.566,0.062,0,-1.683,-1.439,TRUE,"Between",2,1.00439704132546,1.00439704132546
"Intercepts","PSI_Y",-1.401,0.067,0,-1.528,-1.262,TRUE,"Between",2,1.00439704132546,1.00439704132546
