"paramHeader","param","est","posterior_sd","pval","lower_2.5ci","upper_2.5ci","sig","BetweenWithin","mplus_time","rhatMean","rhatLast"
"Intercepts","X",2.994,0.12,0,2.765,3.239,TRUE,"Between",2,1.00292247553118,1.00292247553118
"Intercepts","Y",1.095,0.076,0,0.953,1.245,TRUE,"Between",2,1.00292247553118,1.00292247553118
"Intercepts","PHI_X",0.206,0.017,0,0.171,0.239,TRUE,"Between",2,1.00292247553118,1.00292247553118
"Intercepts","PHI_Y",0.247,0.018,0,0.21,0.283,TRUE,"Between",2,1.00292247553118,1.00292247553118
"Intercepts","PHI_XY",0.055,0.018,0.001,0.02,0.088,TRUE,"Between",2,1.00292247553118,1.00292247553118
"Intercepts","BETA_YX",0.301,0.019,0,0.265,0.338,TRUE,"Between",2,1.00292247553118,1.00292247553118
"Intercepts","PSI_X",-1.609,0.065,0,-1.732,-1.481,TRUE,"Between",2,1.00292247553118,1.00292247553118
"Intercepts","PSI_Y",-1.378,0.067,0,-1.503,-1.241,TRUE,"Between",2,1.00292247553118,1.00292247553118
