"paramHeader","param","est","posterior_sd","pval","lower_2.5ci","upper_2.5ci","sig","BetweenWithin","mplus_time","rhatMean","rhatLast"
"Intercepts","X",3.063,0.135,0,2.797,3.33,TRUE,"Between",3,1.00179363329656,1.00179363329656
"Intercepts","Y",1.107,0.079,0,0.954,1.26,TRUE,"Between",3,1.00179363329656,1.00179363329656
"Intercepts","PHI_X",0.22,0.017,0,0.186,0.251,TRUE,"Between",3,1.00179363329656,1.00179363329656
"Intercepts","PHI_Y",0.251,0.019,0,0.212,0.29,TRUE,"Between",3,1.00179363329656,1.00179363329656
"Intercepts","PHI_XY",0.058,0.017,0.001,0.024,0.091,TRUE,"Between",3,1.00179363329656,1.00179363329656
"Intercepts","BETA_YX",0.293,0.017,0,0.26,0.326,TRUE,"Between",3,1.00179363329656,1.00179363329656
"Intercepts","PSI_X",-1.585,0.067,0,-1.716,-1.455,TRUE,"Between",3,1.00179363329656,1.00179363329656
"Intercepts","PSI_Y",-1.359,0.068,0,-1.493,-1.225,TRUE,"Between",3,1.00179363329656,1.00179363329656
