"paramHeader","param","est","posterior_sd","pval","lower_2.5ci","upper_2.5ci","sig","BetweenWithin","mplus_time","rhatMean","rhatLast"
"Intercepts","X",2.885,0.122,0,2.638,3.119,TRUE,"Between",3,1.00260486360209,1.00260486360209
"Intercepts","Y",0.974,0.072,0,0.825,1.111,TRUE,"Between",3,1.00260486360209,1.00260486360209
"Intercepts","PHI_X",0.205,0.017,0,0.172,0.238,TRUE,"Between",3,1.00260486360209,1.00260486360209
"Intercepts","PHI_Y",0.252,0.019,0,0.213,0.289,TRUE,"Between",3,1.00260486360209,1.00260486360209
"Intercepts","PHI_XY",0.036,0.017,0.018,0.002,0.068,TRUE,"Between",3,1.00260486360209,1.00260486360209
"Intercepts","BETA_YX",0.3,0.016,0,0.268,0.332,TRUE,"Between",3,1.00260486360209,1.00260486360209
"Intercepts","PSI_X",-1.663,0.07,0,-1.803,-1.523,TRUE,"Between",3,1.00260486360209,1.00260486360209
"Intercepts","PSI_Y",-1.469,0.063,0,-1.596,-1.347,TRUE,"Between",3,1.00260486360209,1.00260486360209
