"paramHeader","param","est","posterior_sd","pval","lower_2.5ci","upper_2.5ci","sig","BetweenWithin","mplus_time","rhatMean","rhatLast"
"Intercepts","X",3.063,0.116,0,2.839,3.294,TRUE,"Between",3,1.00218899505053,1.00218899505053
"Intercepts","Y",0.967,0.065,0,0.843,1.098,TRUE,"Between",3,1.00218899505053,1.00218899505053
"Intercepts","PHI_X",0.173,0.018,0,0.138,0.207,TRUE,"Between",3,1.00218899505053,1.00218899505053
"Intercepts","PHI_Y",0.273,0.02,0,0.233,0.311,TRUE,"Between",3,1.00218899505053,1.00218899505053
"Intercepts","PHI_XY",0.049,0.019,0.005,0.011,0.086,TRUE,"Between",3,1.00218899505053,1.00218899505053
"Intercepts","BETA_YX",0.309,0.018,0,0.273,0.343,TRUE,"Between",3,1.00218899505053,1.00218899505053
"Intercepts","PSI_X",-1.581,0.061,0,-1.696,-1.46,TRUE,"Between",3,1.00218899505053,1.00218899505053
"Intercepts","PSI_Y",-1.314,0.071,0,-1.451,-1.169,TRUE,"Between",3,1.00218899505053,1.00218899505053
