"paramHeader","param","est","posterior_sd","pval","lower_2.5ci","upper_2.5ci","sig","BetweenWithin","mplus_time","rhatMean","rhatLast"
"Intercepts","X",3.188,0.121,0,2.954,3.426,TRUE,"Between",2,1.00620028450259,1.00620028450259
"Intercepts","Y",1.054,0.072,0,0.915,1.193,TRUE,"Between",2,1.00620028450259,1.00620028450259
"Intercepts","PHI_X",0.233,0.016,0,0.202,0.264,TRUE,"Between",2,1.00620028450259,1.00620028450259
"Intercepts","PHI_Y",0.212,0.018,0,0.176,0.248,TRUE,"Between",2,1.00620028450259,1.00620028450259
"Intercepts","PHI_XY",0.082,0.018,0,0.047,0.115,TRUE,"Between",2,1.00620028450259,1.00620028450259
"Intercepts","BETA_YX",0.289,0.018,0,0.253,0.325,TRUE,"Between",2,1.00620028450259,1.00620028450259
"Intercepts","PSI_X",-1.508,0.068,0,-1.638,-1.373,TRUE,"Between",2,1.00620028450259,1.00620028450259
"Intercepts","PSI_Y",-1.374,0.066,0,-1.5,-1.239,TRUE,"Between",2,1.00620028450259,1.00620028450259
