"paramHeader","param","est","posterior_sd","pval","lower_2.5ci","upper_2.5ci","sig","BetweenWithin","mplus_time","rhatMean","rhatLast"
"Intercepts","X",2.799,0.145,0,2.522,3.085,TRUE,"Between",2,1.00222579989876,1.00222579989876
"Intercepts","Y",0.955,0.08,0,0.797,1.114,TRUE,"Between",2,1.00222579989876,1.00222579989876
"Intercepts","PHI_X",0.214,0.016,0,0.181,0.245,TRUE,"Between",2,1.00222579989876,1.00222579989876
"Intercepts","PHI_Y",0.23,0.019,0,0.193,0.266,TRUE,"Between",2,1.00222579989876,1.00222579989876
"Intercepts","PHI_XY",0.012,0.018,0.254,-0.023,0.047,FALSE,"Between",2,1.00222579989876,1.00222579989876
"Intercepts","BETA_YX",0.293,0.017,0,0.26,0.329,TRUE,"Between",2,1.00222579989876,1.00222579989876
"Intercepts","PSI_X",-1.637,0.062,0,-1.757,-1.516,TRUE,"Between",2,1.00222579989876,1.00222579989876
"Intercepts","PSI_Y",-1.481,0.065,0,-1.613,-1.353,TRUE,"Between",2,1.00222579989876,1.00222579989876
