"paramHeader","param","est","posterior_sd","pval","lower_2.5ci","upper_2.5ci","sig","BetweenWithin","mplus_time","rhatMean","rhatLast"
"Intercepts","X",3.102,0.135,0,2.82,3.359,TRUE,"Between",3,1.00190033385386,1.00190033385386
"Intercepts","Y",0.97,0.08,0,0.805,1.12,TRUE,"Between",3,1.00190033385386,1.00190033385386
"Intercepts","PHI_X",0.179,0.016,0,0.147,0.209,TRUE,"Between",3,1.00190033385386,1.00190033385386
"Intercepts","PHI_Y",0.234,0.019,0,0.195,0.272,TRUE,"Between",3,1.00190033385386,1.00190033385386
"Intercepts","PHI_XY",0.041,0.019,0.014,0.004,0.077,TRUE,"Between",3,1.00190033385386,1.00190033385386
"Intercepts","BETA_YX",0.269,0.016,0,0.237,0.301,TRUE,"Between",3,1.00190033385386,1.00190033385386
"Intercepts","PSI_X",-1.593,0.059,0,-1.71,-1.477,TRUE,"Between",3,1.00190033385386,1.00190033385386
"Intercepts","PSI_Y",-1.435,0.067,0,-1.571,-1.306,TRUE,"Between",3,1.00190033385386,1.00190033385386
