"paramHeader","param","est","posterior_sd","pval","lower_2.5ci","upper_2.5ci","sig","BetweenWithin","mplus_time","rhatMean","rhatLast"
"Intercepts","X",3.028,0.126,0,2.775,3.278,TRUE,"Between",3,1.00131545243384,1.00131545243384
"Intercepts","Y",0.973,0.08,0,0.812,1.131,TRUE,"Between",3,1.00131545243384,1.00131545243384
"Intercepts","PHI_X",0.193,0.018,0,0.158,0.227,TRUE,"Between",3,1.00131545243384,1.00131545243384
"Intercepts","PHI_Y",0.252,0.019,0,0.215,0.29,TRUE,"Between",3,1.00131545243384,1.00131545243384
"Intercepts","PHI_XY",0.037,0.017,0.016,0.003,0.07,TRUE,"Between",3,1.00131545243384,1.00131545243384
"Intercepts","BETA_YX",0.299,0.016,0,0.267,0.331,TRUE,"Between",3,1.00131545243384,1.00131545243384
"Intercepts","PSI_X",-1.524,0.062,0,-1.648,-1.402,TRUE,"Between",3,1.00131545243384,1.00131545243384
"Intercepts","PSI_Y",-1.33,0.069,0,-1.467,-1.196,TRUE,"Between",3,1.00131545243384,1.00131545243384
