"paramHeader","param","est","posterior_sd","pval","lower_2.5ci","upper_2.5ci","sig","BetweenWithin","mplus_time","rhatMean","rhatLast"
"Intercepts","X",3.153,0.135,0,2.884,3.416,TRUE,"Between",2,1.00231273921414,1.00231273921414
"Intercepts","Y",0.986,0.078,0,0.829,1.136,TRUE,"Between",2,1.00231273921414,1.00231273921414
"Intercepts","PHI_X",0.217,0.017,0,0.184,0.248,TRUE,"Between",2,1.00231273921414,1.00231273921414
"Intercepts","PHI_Y",0.247,0.018,0,0.213,0.283,TRUE,"Between",2,1.00231273921414,1.00231273921414
"Intercepts","PHI_XY",0.044,0.018,0.007,0.007,0.078,TRUE,"Between",2,1.00231273921414,1.00231273921414
"Intercepts","BETA_YX",0.283,0.016,0,0.251,0.314,TRUE,"Between",2,1.00231273921414,1.00231273921414
"Intercepts","PSI_X",-1.547,0.066,0,-1.678,-1.419,TRUE,"Between",2,1.00231273921414,1.00231273921414
"Intercepts","PSI_Y",-1.265,0.071,0,-1.409,-1.128,TRUE,"Between",2,1.00231273921414,1.00231273921414
