"paramHeader","param","est","posterior_sd","pval","lower_2.5ci","upper_2.5ci","sig","BetweenWithin","mplus_time","rhatMean","rhatLast"
"Intercepts","X",2.936,0.127,0,2.694,3.191,TRUE,"Between",3,1.00287614076137,1.00287614076137
"Intercepts","Y",1.016,0.071,0,0.875,1.158,TRUE,"Between",3,1.00287614076137,1.00287614076137
"Intercepts","PHI_X",0.184,0.017,0,0.151,0.216,TRUE,"Between",3,1.00287614076137,1.00287614076137
"Intercepts","PHI_Y",0.259,0.019,0,0.223,0.296,TRUE,"Between",3,1.00287614076137,1.00287614076137
"Intercepts","PHI_XY",0.046,0.017,0.003,0.013,0.078,TRUE,"Between",3,1.00287614076137,1.00287614076137
"Intercepts","BETA_YX",0.324,0.017,0,0.29,0.358,TRUE,"Between",3,1.00287614076137,1.00287614076137
"Intercepts","PSI_X",-1.552,0.07,0,-1.692,-1.415,TRUE,"Between",3,1.00287614076137,1.00287614076137
"Intercepts","PSI_Y",-1.387,0.069,0,-1.521,-1.25,TRUE,"Between",3,1.00287614076137,1.00287614076137
