"paramHeader","param","est","posterior_sd","pval","lower_2.5ci","upper_2.5ci","sig","BetweenWithin","mplus_time","rhatMean","rhatLast"
"Intercepts","X",2.972,0.128,0,2.73,3.237,TRUE,"Between",2,1.00310773621529,1.00310773621529
"Intercepts","Y",1.038,0.074,0,0.901,1.19,TRUE,"Between",2,1.00310773621529,1.00310773621529
"Intercepts","PHI_X",0.205,0.017,0,0.171,0.238,TRUE,"Between",2,1.00310773621529,1.00310773621529
"Intercepts","PHI_Y",0.235,0.019,0,0.198,0.272,TRUE,"Between",2,1.00310773621529,1.00310773621529
"Intercepts","PHI_XY",0.066,0.02,0,0.028,0.104,TRUE,"Between",2,1.00310773621529,1.00310773621529
"Intercepts","BETA_YX",0.3,0.019,0,0.264,0.338,TRUE,"Between",2,1.00310773621529,1.00310773621529
"Intercepts","PSI_X",-1.544,0.077,0,-1.685,-1.387,TRUE,"Between",2,1.00310773621529,1.00310773621529
"Intercepts","PSI_Y",-1.399,0.077,0,-1.545,-1.239,TRUE,"Between",2,1.00310773621529,1.00310773621529
