"paramHeader","param","est","posterior_sd","pval","lower_2.5ci","upper_2.5ci","sig","BetweenWithin","mplus_time","rhatMean","rhatLast"
"Intercepts","X",3.008,0.114,0,2.786,3.232,TRUE,"Between",3,1.00180680986148,1.00180680986148
"Intercepts","Y",1.018,0.074,0,0.873,1.164,TRUE,"Between",3,1.00180680986148,1.00180680986148
"Intercepts","PHI_X",0.215,0.016,0,0.181,0.246,TRUE,"Between",3,1.00180680986148,1.00180680986148
"Intercepts","PHI_Y",0.23,0.017,0,0.195,0.265,TRUE,"Between",3,1.00180680986148,1.00180680986148
"Intercepts","PHI_XY",0.056,0.017,0.001,0.021,0.089,TRUE,"Between",3,1.00180680986148,1.00180680986148
"Intercepts","BETA_YX",0.29,0.018,0,0.254,0.326,TRUE,"Between",3,1.00180680986148,1.00180680986148
"Intercepts","PSI_X",-1.594,0.066,0,-1.726,-1.467,TRUE,"Between",3,1.00180680986148,1.00180680986148
"Intercepts","PSI_Y",-1.432,0.064,0,-1.558,-1.303,TRUE,"Between",3,1.00180680986148,1.00180680986148
