"paramHeader","param","est","posterior_sd","pval","lower_2.5ci","upper_2.5ci","sig","BetweenWithin","mplus_time","rhatMean","rhatLast"
"Intercepts","X",2.835,0.113,0,2.608,3.058,TRUE,"Between",4,1.00165965758892,1.00165965758892
"Intercepts","Y",0.87,0.059,0,0.75,0.984,TRUE,"Between",4,1.00165965758892,1.00165965758892
"Intercepts","PHI_X",0.164,0.017,0,0.131,0.196,TRUE,"Between",4,1.00165965758892,1.00165965758892
"Intercepts","PHI_Y",0.254,0.018,0,0.22,0.29,TRUE,"Between",4,1.00165965758892,1.00165965758892
"Intercepts","PHI_XY",0.068,0.02,0,0.03,0.107,TRUE,"Between",4,1.00165965758892,1.00165965758892
"Intercepts","BETA_YX",0.289,0.014,0,0.262,0.316,TRUE,"Between",4,1.00165965758892,1.00165965758892
"Intercepts","PSI_X",-1.665,0.062,0,-1.786,-1.544,TRUE,"Between",4,1.00165965758892,1.00165965758892
"Intercepts","PSI_Y",-1.456,0.063,0,-1.579,-1.334,TRUE,"Between",4,1.00165965758892,1.00165965758892
