"paramHeader","param","est","posterior_sd","pval","lower_2.5ci","upper_2.5ci","sig","BetweenWithin","mplus_time","rhatMean","rhatLast"
"Intercepts","X",2.942,0.11,0,2.719,3.158,TRUE,"Between",2,1.00281056272149,1.00281056272149
"Intercepts","Y",0.895,0.07,0,0.75,1.03,TRUE,"Between",2,1.00281056272149,1.00281056272149
"Intercepts","PHI_X",0.158,0.016,0,0.125,0.189,TRUE,"Between",2,1.00281056272149,1.00281056272149
"Intercepts","PHI_Y",0.236,0.019,0,0.199,0.273,TRUE,"Between",2,1.00281056272149,1.00281056272149
"Intercepts","PHI_XY",0.045,0.017,0.004,0.011,0.079,TRUE,"Between",2,1.00281056272149,1.00281056272149
"Intercepts","BETA_YX",0.272,0.019,0,0.236,0.31,TRUE,"Between",2,1.00281056272149,1.00281056272149
"Intercepts","PSI_X",-1.749,0.057,0,-1.861,-1.638,TRUE,"Between",2,1.00281056272149,1.00281056272149
"Intercepts","PSI_Y",-1.438,0.061,0,-1.559,-1.316,TRUE,"Between",2,1.00281056272149,1.00281056272149
