"paramHeader","param","est","posterior_sd","pval","lower_2.5ci","upper_2.5ci","sig","BetweenWithin","mplus_time","rhatMean","rhatLast"
"Intercepts","X",2.856,0.119,0,2.631,3.099,TRUE,"Between",3,1.00273170185732,1.00273170185732
"Intercepts","Y",0.89,0.07,0,0.757,1.031,TRUE,"Between",3,1.00273170185732,1.00273170185732
"Intercepts","PHI_X",0.197,0.016,0,0.164,0.229,TRUE,"Between",3,1.00273170185732,1.00273170185732
"Intercepts","PHI_Y",0.236,0.018,0,0.2,0.27,TRUE,"Between",3,1.00273170185732,1.00273170185732
"Intercepts","PHI_XY",0.04,0.017,0.007,0.008,0.071,TRUE,"Between",3,1.00273170185732,1.00273170185732
"Intercepts","BETA_YX",0.313,0.018,0,0.278,0.349,TRUE,"Between",3,1.00273170185732,1.00273170185732
"Intercepts","PSI_X",-1.599,0.063,0,-1.718,-1.476,TRUE,"Between",3,1.00273170185732,1.00273170185732
"Intercepts","PSI_Y",-1.455,0.067,0,-1.581,-1.319,TRUE,"Between",3,1.00273170185732,1.00273170185732
