"paramHeader","param","est","posterior_sd","pval","lower_2.5ci","upper_2.5ci","sig","BetweenWithin","mplus_time","rhatMean","rhatLast"
"Intercepts","X",2.984,0.141,0,2.712,3.265,TRUE,"Between",2,1.00388713874984,1.00388713874984
"Intercepts","Y",1.026,0.081,0,0.875,1.188,TRUE,"Between",2,1.00388713874984,1.00388713874984
"Intercepts","PHI_X",0.203,0.018,0,0.168,0.237,TRUE,"Between",2,1.00388713874984,1.00388713874984
"Intercepts","PHI_Y",0.271,0.018,0,0.234,0.306,TRUE,"Between",2,1.00388713874984,1.00388713874984
"Intercepts","PHI_XY",0.052,0.02,0.005,0.013,0.091,TRUE,"Between",2,1.00388713874984,1.00388713874984
"Intercepts","BETA_YX",0.316,0.019,0,0.278,0.354,TRUE,"Between",2,1.00388713874984,1.00388713874984
"Intercepts","PSI_X",-1.524,0.067,0,-1.653,-1.391,TRUE,"Between",2,1.00388713874984,1.00388713874984
"Intercepts","PSI_Y",-1.436,0.068,0,-1.562,-1.298,TRUE,"Between",2,1.00388713874984,1.00388713874984
