"paramHeader","param","est","posterior_sd","pval","lower_2.5ci","upper_2.5ci","sig","BetweenWithin","mplus_time","rhatMean","rhatLast"
"Intercepts","X",2.996,0.107,0,2.791,3.212,TRUE,"Between",2,1.00180503288486,1.00180503288486
"Intercepts","Y",1.027,0.071,0,0.891,1.169,TRUE,"Between",2,1.00180503288486,1.00180503288486
"Intercepts","PHI_X",0.221,0.018,0,0.186,0.255,TRUE,"Between",2,1.00180503288486,1.00180503288486
"Intercepts","PHI_Y",0.272,0.019,0,0.234,0.311,TRUE,"Between",2,1.00180503288486,1.00180503288486
"Intercepts","PHI_XY",0.067,0.016,0,0.035,0.098,TRUE,"Between",2,1.00180503288486,1.00180503288486
"Intercepts","BETA_YX",0.315,0.016,0,0.283,0.348,TRUE,"Between",2,1.00180503288486,1.00180503288486
"Intercepts","PSI_X",-1.578,0.059,0,-1.69,-1.462,TRUE,"Between",2,1.00180503288486,1.00180503288486
"Intercepts","PSI_Y",-1.459,0.062,0,-1.577,-1.335,TRUE,"Between",2,1.00180503288486,1.00180503288486
