"paramHeader","param","est","posterior_sd","pval","lower_2.5ci","upper_2.5ci","sig","BetweenWithin","mplus_time","rhatMean","rhatLast"
"Intercepts","X",3.109,0.118,0,2.876,3.346,TRUE,"Between",3,1.00136611405139,1.00136611405139
"Intercepts","Y",1.065,0.072,0,0.925,1.207,TRUE,"Between",3,1.00136611405139,1.00136611405139
"Intercepts","PHI_X",0.223,0.016,0,0.192,0.254,TRUE,"Between",3,1.00136611405139,1.00136611405139
"Intercepts","PHI_Y",0.255,0.018,0,0.219,0.291,TRUE,"Between",3,1.00136611405139,1.00136611405139
"Intercepts","PHI_XY",0.074,0.02,0,0.036,0.112,TRUE,"Between",3,1.00136611405139,1.00136611405139
"Intercepts","BETA_YX",0.303,0.02,0,0.265,0.343,TRUE,"Between",3,1.00136611405139,1.00136611405139
"Intercepts","PSI_X",-1.474,0.061,0,-1.595,-1.355,TRUE,"Between",3,1.00136611405139,1.00136611405139
"Intercepts","PSI_Y",-1.392,0.068,0,-1.529,-1.259,TRUE,"Between",3,1.00136611405139,1.00136611405139
