"paramHeader","param","est","posterior_sd","pval","lower_2.5ci","upper_2.5ci","sig","BetweenWithin","mplus_time","rhatMean","rhatLast"
"Intercepts","X",3.068,0.133,0,2.797,3.326,TRUE,"Between",2,1.00198049110308,1.00198049110308
"Intercepts","Y",1.019,0.087,0,0.841,1.188,TRUE,"Between",2,1.00198049110308,1.00198049110308
"Intercepts","PHI_X",0.205,0.018,0,0.171,0.24,TRUE,"Between",2,1.00198049110308,1.00198049110308
"Intercepts","PHI_Y",0.258,0.019,0,0.22,0.296,TRUE,"Between",2,1.00198049110308,1.00198049110308
"Intercepts","PHI_XY",0.056,0.018,0.001,0.02,0.091,TRUE,"Between",2,1.00198049110308,1.00198049110308
"Intercepts","BETA_YX",0.324,0.018,0,0.288,0.359,TRUE,"Between",2,1.00198049110308,1.00198049110308
"Intercepts","PSI_X",-1.636,0.072,0,-1.78,-1.495,TRUE,"Between",2,1.00198049110308,1.00198049110308
"Intercepts","PSI_Y",-1.4,0.076,0,-1.553,-1.25,TRUE,"Between",2,1.00198049110308,1.00198049110308
