"paramHeader","param","est","posterior_sd","pval","lower_2.5ci","upper_2.5ci","sig","BetweenWithin","mplus_time","rhatMean","rhatLast"
"Intercepts","X",2.991,0.138,0,2.722,3.262,TRUE,"Between",2,1.00222512379267,1.00222512379267
"Intercepts","Y",0.952,0.078,0,0.798,1.107,TRUE,"Between",2,1.00222512379267,1.00222512379267
"Intercepts","PHI_X",0.207,0.016,0,0.174,0.238,TRUE,"Between",2,1.00222512379267,1.00222512379267
"Intercepts","PHI_Y",0.231,0.019,0,0.194,0.268,TRUE,"Between",2,1.00222512379267,1.00222512379267
"Intercepts","PHI_XY",0.021,0.018,0.118,-0.014,0.055,FALSE,"Between",2,1.00222512379267,1.00222512379267
"Intercepts","BETA_YX",0.292,0.018,0,0.256,0.328,TRUE,"Between",2,1.00222512379267,1.00222512379267
"Intercepts","PSI_X",-1.566,0.074,0,-1.712,-1.423,TRUE,"Between",2,1.00222512379267,1.00222512379267
"Intercepts","PSI_Y",-1.446,0.074,0,-1.592,-1.302,TRUE,"Between",2,1.00222512379267,1.00222512379267
