"paramHeader","param","est","posterior_sd","pval","lower_2.5ci","upper_2.5ci","sig","BetweenWithin","mplus_time","rhatMean","rhatLast"
"Intercepts","X",3.089,0.125,0,2.846,3.336,TRUE,"Between",3,1.0011316634704,1.0011316634704
"Intercepts","Y",1.032,0.074,0,0.888,1.179,TRUE,"Between",3,1.0011316634704,1.0011316634704
"Intercepts","PHI_X",0.162,0.017,0,0.129,0.194,TRUE,"Between",3,1.0011316634704,1.0011316634704
"Intercepts","PHI_Y",0.242,0.02,0,0.203,0.28,TRUE,"Between",3,1.0011316634704,1.0011316634704
"Intercepts","PHI_XY",0.056,0.019,0.001,0.019,0.092,TRUE,"Between",3,1.0011316634704,1.0011316634704
"Intercepts","BETA_YX",0.301,0.018,0,0.266,0.338,TRUE,"Between",3,1.0011316634704,1.0011316634704
"Intercepts","PSI_X",-1.567,0.069,0,-1.705,-1.431,TRUE,"Between",3,1.0011316634704,1.0011316634704
"Intercepts","PSI_Y",-1.344,0.067,0,-1.476,-1.21,TRUE,"Between",3,1.0011316634704,1.0011316634704
