"paramHeader","param","est","posterior_sd","pval","lower_2.5ci","upper_2.5ci","sig","BetweenWithin","mplus_time","rhatMean","rhatLast"
"Intercepts","X",3.039,0.116,0,2.813,3.264,TRUE,"Between",2,1.00102870306563,1.00102870306563
"Intercepts","Y",1.023,0.069,0,0.889,1.157,TRUE,"Between",2,1.00102870306563,1.00102870306563
"Intercepts","PHI_X",0.184,0.017,0,0.149,0.217,TRUE,"Between",2,1.00102870306563,1.00102870306563
"Intercepts","PHI_Y",0.259,0.02,0,0.218,0.298,TRUE,"Between",2,1.00102870306563,1.00102870306563
"Intercepts","PHI_XY",0.052,0.017,0.001,0.017,0.083,TRUE,"Between",2,1.00102870306563,1.00102870306563
"Intercepts","BETA_YX",0.304,0.018,0,0.269,0.34,TRUE,"Between",2,1.00102870306563,1.00102870306563
"Intercepts","PSI_X",-1.481,0.062,0,-1.601,-1.361,TRUE,"Between",2,1.00102870306563,1.00102870306563
"Intercepts","PSI_Y",-1.38,0.068,0,-1.514,-1.247,TRUE,"Between",2,1.00102870306563,1.00102870306563
