"paramHeader","param","est","posterior_sd","pval","lower_2.5ci","upper_2.5ci","sig","BetweenWithin","mplus_time","rhatMean","rhatLast"
"Intercepts","X",2.889,0.134,0,2.627,3.152,TRUE,"Between",3,1.00088685227942,1.00088685227942
"Intercepts","Y",0.95,0.082,0,0.785,1.109,TRUE,"Between",3,1.00088685227942,1.00088685227942
"Intercepts","PHI_X",0.163,0.017,0,0.128,0.196,TRUE,"Between",3,1.00088685227942,1.00088685227942
"Intercepts","PHI_Y",0.229,0.02,0,0.19,0.268,TRUE,"Between",3,1.00088685227942,1.00088685227942
"Intercepts","PHI_XY",0.049,0.018,0.002,0.014,0.082,TRUE,"Between",3,1.00088685227942,1.00088685227942
"Intercepts","BETA_YX",0.275,0.018,0,0.24,0.311,TRUE,"Between",3,1.00088685227942,1.00088685227942
"Intercepts","PSI_X",-1.669,0.067,0,-1.802,-1.539,TRUE,"Between",3,1.00088685227942,1.00088685227942
"Intercepts","PSI_Y",-1.411,0.072,0,-1.553,-1.269,TRUE,"Between",3,1.00088685227942,1.00088685227942
