"paramHeader","param","est","posterior_sd","pval","lower_2.5ci","upper_2.5ci","sig","BetweenWithin","mplus_time","rhatMean","rhatLast"
"Intercepts","X",2.839,0.125,0,2.599,3.09,TRUE,"Between",3,1.00387425818887,1.00387425818887
"Intercepts","Y",0.924,0.071,0,0.789,1.066,TRUE,"Between",3,1.00387425818887,1.00387425818887
"Intercepts","PHI_X",0.185,0.017,0,0.15,0.219,TRUE,"Between",3,1.00387425818887,1.00387425818887
"Intercepts","PHI_Y",0.249,0.018,0,0.213,0.283,TRUE,"Between",3,1.00387425818887,1.00387425818887
"Intercepts","PHI_XY",0.058,0.019,0.001,0.02,0.095,TRUE,"Between",3,1.00387425818887,1.00387425818887
"Intercepts","BETA_YX",0.281,0.017,0,0.248,0.314,TRUE,"Between",3,1.00387425818887,1.00387425818887
"Intercepts","PSI_X",-1.603,0.067,0,-1.729,-1.47,TRUE,"Between",3,1.00387425818887,1.00387425818887
"Intercepts","PSI_Y",-1.444,0.066,0,-1.567,-1.31,TRUE,"Between",3,1.00387425818887,1.00387425818887
