"paramHeader","param","est","posterior_sd","pval","lower_2.5ci","upper_2.5ci","sig","BetweenWithin","mplus_time","rhatMean","rhatLast"
"Intercepts","X",2.912,0.121,0,2.667,3.15,TRUE,"Between",2,1.00245055627502,1.00245055627502
"Intercepts","Y",0.98,0.076,0,0.826,1.126,TRUE,"Between",2,1.00245055627502,1.00245055627502
"Intercepts","PHI_X",0.182,0.016,0,0.15,0.211,TRUE,"Between",2,1.00245055627502,1.00245055627502
"Intercepts","PHI_Y",0.256,0.021,0,0.214,0.297,TRUE,"Between",2,1.00245055627502,1.00245055627502
"Intercepts","PHI_XY",0.051,0.019,0.004,0.014,0.087,TRUE,"Between",2,1.00245055627502,1.00245055627502
"Intercepts","BETA_YX",0.282,0.016,0,0.25,0.313,TRUE,"Between",2,1.00245055627502,1.00245055627502
"Intercepts","PSI_X",-1.672,0.065,0,-1.803,-1.545,TRUE,"Between",2,1.00245055627502,1.00245055627502
"Intercepts","PSI_Y",-1.382,0.068,0,-1.52,-1.251,TRUE,"Between",2,1.00245055627502,1.00245055627502
