"paramHeader","param","est","posterior_sd","pval","lower_2.5ci","upper_2.5ci","sig","BetweenWithin","mplus_time","rhatMean","rhatLast"
"Intercepts","X",3.086,0.132,0,2.811,3.339,TRUE,"Between",2,1.00300510149831,1.00300510149831
"Intercepts","Y",0.993,0.081,0,0.824,1.147,TRUE,"Between",2,1.00300510149831,1.00300510149831
"Intercepts","PHI_X",0.185,0.017,0,0.152,0.216,TRUE,"Between",2,1.00300510149831,1.00300510149831
"Intercepts","PHI_Y",0.25,0.018,0,0.215,0.285,TRUE,"Between",2,1.00300510149831,1.00300510149831
"Intercepts","PHI_XY",0.018,0.02,0.189,-0.023,0.056,FALSE,"Between",2,1.00300510149831,1.00300510149831
"Intercepts","BETA_YX",0.277,0.021,0,0.237,0.317,TRUE,"Between",2,1.00300510149831,1.00300510149831
"Intercepts","PSI_X",-1.557,0.074,0,-1.707,-1.417,TRUE,"Between",2,1.00300510149831,1.00300510149831
"Intercepts","PSI_Y",-1.376,0.069,0,-1.52,-1.245,TRUE,"Between",2,1.00300510149831,1.00300510149831
