"paramHeader","param","est","posterior_sd","pval","lower_2.5ci","upper_2.5ci","sig","BetweenWithin","mplus_time","rhatMean","rhatLast"
"Intercepts","X",2.986,0.128,0,2.739,3.237,TRUE,"Between",2,1.00388982398814,1.00388982398814
"Intercepts","Y",0.977,0.078,0,0.83,1.133,TRUE,"Between",2,1.00388982398814,1.00388982398814
"Intercepts","PHI_X",0.217,0.018,0,0.182,0.252,TRUE,"Between",2,1.00388982398814,1.00388982398814
"Intercepts","PHI_Y",0.24,0.017,0,0.206,0.275,TRUE,"Between",2,1.00388982398814,1.00388982398814
"Intercepts","PHI_XY",0.059,0.02,0.001,0.02,0.098,TRUE,"Between",2,1.00388982398814,1.00388982398814
"Intercepts","BETA_YX",0.296,0.015,0,0.268,0.326,TRUE,"Between",2,1.00388982398814,1.00388982398814
"Intercepts","PSI_X",-1.696,0.07,0,-1.83,-1.558,TRUE,"Between",2,1.00388982398814,1.00388982398814
"Intercepts","PSI_Y",-1.374,0.07,0,-1.504,-1.231,TRUE,"Between",2,1.00388982398814,1.00388982398814
