"paramHeader","param","est","posterior_sd","pval","lower_2.5ci","upper_2.5ci","sig","BetweenWithin","mplus_time","rhatMean","rhatLast"
"Intercepts","X",2.988,0.114,0,2.764,3.212,TRUE,"Between",3,1.00186234306489,1.00186234306489
"Intercepts","Y",1.027,0.07,0,0.893,1.167,TRUE,"Between",3,1.00186234306489,1.00186234306489
"Intercepts","PHI_X",0.223,0.018,0,0.187,0.258,TRUE,"Between",3,1.00186234306489,1.00186234306489
"Intercepts","PHI_Y",0.221,0.018,0,0.185,0.256,TRUE,"Between",3,1.00186234306489,1.00186234306489
"Intercepts","PHI_XY",0.065,0.016,0,0.032,0.096,TRUE,"Between",3,1.00186234306489,1.00186234306489
"Intercepts","BETA_YX",0.294,0.017,0,0.261,0.327,TRUE,"Between",3,1.00186234306489,1.00186234306489
"Intercepts","PSI_X",-1.576,0.071,0,-1.714,-1.438,TRUE,"Between",3,1.00186234306489,1.00186234306489
"Intercepts","PSI_Y",-1.357,0.063,0,-1.479,-1.229,TRUE,"Between",3,1.00186234306489,1.00186234306489
