"paramHeader","param","est","posterior_sd","pval","lower_2.5ci","upper_2.5ci","sig","BetweenWithin","mplus_time","rhatMean","rhatLast"
"Intercepts","X",3.087,0.112,0,2.872,3.313,TRUE,"Between",2,1.00482099440863,1.00482099440863
"Intercepts","Y",1.058,0.07,0,0.927,1.198,TRUE,"Between",2,1.00482099440863,1.00482099440863
"Intercepts","PHI_X",0.208,0.016,0,0.176,0.24,TRUE,"Between",2,1.00482099440863,1.00482099440863
"Intercepts","PHI_Y",0.249,0.019,0,0.21,0.286,TRUE,"Between",2,1.00482099440863,1.00482099440863
"Intercepts","PHI_XY",0.075,0.017,0,0.041,0.107,TRUE,"Between",2,1.00482099440863,1.00482099440863
"Intercepts","BETA_YX",0.28,0.017,0,0.248,0.314,TRUE,"Between",2,1.00482099440863,1.00482099440863
"Intercepts","PSI_X",-1.578,0.061,0,-1.69,-1.459,TRUE,"Between",2,1.00482099440863,1.00482099440863
"Intercepts","PSI_Y",-1.416,0.061,0,-1.535,-1.291,TRUE,"Between",2,1.00482099440863,1.00482099440863
