"paramHeader","param","est","posterior_sd","pval","lower_2.5ci","upper_2.5ci","sig","BetweenWithin","mplus_time","rhatMean","rhatLast"
"Intercepts","X",3.012,0.134,0,2.748,3.275,TRUE,"Between",2,1.00214343642232,1.00214343642232
"Intercepts","Y",1.03,0.079,0,0.874,1.183,TRUE,"Between",2,1.00214343642232,1.00214343642232
"Intercepts","PHI_X",0.105,0.015,0,0.076,0.135,TRUE,"Between",2,1.00214343642232,1.00214343642232
"Intercepts","PHI_Y",0.171,0.02,0,0.133,0.213,TRUE,"Between",2,1.00214343642232,1.00214343642232
"Intercepts","PHI_XY",0.087,0.018,0,0.052,0.12,TRUE,"Between",2,1.00214343642232,1.00214343642232
"Intercepts","BETA_YX",0.326,0.018,0,0.291,0.363,TRUE,"Between",2,1.00214343642232,1.00214343642232
"Intercepts","PSI_X",-1.577,0.07,0,-1.714,-1.44,TRUE,"Between",2,1.00214343642232,1.00214343642232
"Intercepts","PSI_Y",-1.317,0.06,0,-1.434,-1.202,TRUE,"Between",2,1.00214343642232,1.00214343642232
