"paramHeader","param","est","posterior_sd","pval","lower_2.5ci","upper_2.5ci","sig","BetweenWithin","mplus_time","rhatMean","rhatLast"
"Intercepts","X",2.782,0.119,0,2.552,3.017,TRUE,"Between",2,1.00155825171318,1.00155825171318
"Intercepts","Y",0.919,0.072,0,0.78,1.059,TRUE,"Between",2,1.00155825171318,1.00155825171318
"Intercepts","PHI_X",0.187,0.017,0,0.153,0.22,TRUE,"Between",2,1.00155825171318,1.00155825171318
"Intercepts","PHI_Y",0.226,0.02,0,0.186,0.266,TRUE,"Between",2,1.00155825171318,1.00155825171318
"Intercepts","PHI_XY",0.066,0.019,0,0.029,0.102,TRUE,"Between",2,1.00155825171318,1.00155825171318
"Intercepts","BETA_YX",0.312,0.017,0,0.279,0.345,TRUE,"Between",2,1.00155825171318,1.00155825171318
"Intercepts","PSI_X",-1.658,0.067,0,-1.786,-1.528,TRUE,"Between",2,1.00155825171318,1.00155825171318
"Intercepts","PSI_Y",-1.455,0.06,0,-1.573,-1.334,TRUE,"Between",2,1.00155825171318,1.00155825171318
