"paramHeader","param","est","posterior_sd","pval","lower_2.5ci","upper_2.5ci","sig","BetweenWithin","mplus_time","rhatMean","rhatLast"
"Intercepts","X",3.061,0.127,0,2.817,3.316,TRUE,"Between",2,1.00296027277686,1.00296027277686
"Intercepts","Y",1.004,0.07,0,0.871,1.145,TRUE,"Between",2,1.00296027277686,1.00296027277686
"Intercepts","PHI_X",0.192,0.015,0,0.161,0.222,TRUE,"Between",2,1.00296027277686,1.00296027277686
"Intercepts","PHI_Y",0.267,0.019,0,0.229,0.304,TRUE,"Between",2,1.00296027277686,1.00296027277686
"Intercepts","PHI_XY",0.061,0.019,0.001,0.024,0.096,TRUE,"Between",2,1.00296027277686,1.00296027277686
"Intercepts","BETA_YX",0.302,0.017,0,0.269,0.334,TRUE,"Between",2,1.00296027277686,1.00296027277686
"Intercepts","PSI_X",-1.522,0.066,0,-1.645,-1.393,TRUE,"Between",2,1.00296027277686,1.00296027277686
"Intercepts","PSI_Y",-1.281,0.067,0,-1.407,-1.143,TRUE,"Between",2,1.00296027277686,1.00296027277686
