"paramHeader","param","est","posterior_sd","pval","lower_2.5ci","upper_2.5ci","sig","BetweenWithin","mplus_time","rhatMean","rhatLast"
"Intercepts","X",2.842,0.125,0,2.597,3.092,TRUE,"Between",2,1.00212175865595,1.00212175865595
"Intercepts","Y",0.937,0.074,0,0.792,1.083,TRUE,"Between",2,1.00212175865595,1.00212175865595
"Intercepts","PHI_X",0.193,0.017,0,0.159,0.226,TRUE,"Between",2,1.00212175865595,1.00212175865595
"Intercepts","PHI_Y",0.249,0.017,0,0.215,0.285,TRUE,"Between",2,1.00212175865595,1.00212175865595
"Intercepts","PHI_XY",0.064,0.018,0,0.027,0.099,TRUE,"Between",2,1.00212175865595,1.00212175865595
"Intercepts","BETA_YX",0.292,0.018,0,0.256,0.329,TRUE,"Between",2,1.00212175865595,1.00212175865595
"Intercepts","PSI_X",-1.636,0.069,0,-1.773,-1.5,TRUE,"Between",2,1.00212175865595,1.00212175865595
"Intercepts","PSI_Y",-1.42,0.063,0,-1.541,-1.296,TRUE,"Between",2,1.00212175865595,1.00212175865595
