"paramHeader","param","est","posterior_sd","pval","lower_2.5ci","upper_2.5ci","sig","BetweenWithin","mplus_time","rhatMean","rhatLast"
"Intercepts","X",3.116,0.115,0,2.889,3.342,TRUE,"Between",3,1.00081455044289,1.00081455044289
"Intercepts","Y",1.066,0.077,0,0.917,1.216,TRUE,"Between",3,1.00081455044289,1.00081455044289
"Intercepts","PHI_X",0.219,0.018,0,0.183,0.252,TRUE,"Between",3,1.00081455044289,1.00081455044289
"Intercepts","PHI_Y",0.263,0.018,0,0.227,0.299,TRUE,"Between",3,1.00081455044289,1.00081455044289
"Intercepts","PHI_XY",0.03,0.019,0.06,-0.008,0.066,FALSE,"Between",3,1.00081455044289,1.00081455044289
"Intercepts","BETA_YX",0.301,0.019,0,0.264,0.339,TRUE,"Between",3,1.00081455044289,1.00081455044289
"Intercepts","PSI_X",-1.533,0.072,0,-1.676,-1.392,TRUE,"Between",3,1.00081455044289,1.00081455044289
"Intercepts","PSI_Y",-1.377,0.068,0,-1.512,-1.243,TRUE,"Between",3,1.00081455044289,1.00081455044289
