"paramHeader","param","est","posterior_sd","pval","lower_2.5ci","upper_2.5ci","sig","BetweenWithin","mplus_time","rhatMean","rhatLast"
"Intercepts","X",3.083,0.126,0,2.825,3.329,TRUE,"Between",3,1.00163777094321,1.00163777094321
"Intercepts","Y",0.998,0.069,0,0.857,1.132,TRUE,"Between",3,1.00163777094321,1.00163777094321
"Intercepts","PHI_X",0.204,0.016,0,0.172,0.235,TRUE,"Between",3,1.00163777094321,1.00163777094321
"Intercepts","PHI_Y",0.256,0.019,0,0.218,0.292,TRUE,"Between",3,1.00163777094321,1.00163777094321
"Intercepts","PHI_XY",0.069,0.018,0.001,0.032,0.103,TRUE,"Between",3,1.00163777094321,1.00163777094321
"Intercepts","BETA_YX",0.295,0.018,0,0.259,0.331,TRUE,"Between",3,1.00163777094321,1.00163777094321
"Intercepts","PSI_X",-1.596,0.061,0,-1.716,-1.474,TRUE,"Between",3,1.00163777094321,1.00163777094321
"Intercepts","PSI_Y",-1.374,0.061,0,-1.496,-1.256,TRUE,"Between",3,1.00163777094321,1.00163777094321
