"paramHeader","param","est","posterior_sd","pval","lower_2.5ci","upper_2.5ci","sig","BetweenWithin","mplus_time","rhatMean","rhatLast"
"Intercepts","X",3.205,0.134,0,2.948,3.477,TRUE,"Between",3,1.00265200000131,1.00265200000131
"Intercepts","Y",1.117,0.078,0,0.964,1.271,TRUE,"Between",3,1.00265200000131,1.00265200000131
"Intercepts","PHI_X",0.243,0.017,0,0.21,0.275,TRUE,"Between",3,1.00265200000131,1.00265200000131
"Intercepts","PHI_Y",0.269,0.018,0,0.235,0.304,TRUE,"Between",3,1.00265200000131,1.00265200000131
"Intercepts","PHI_XY",0.062,0.018,0.001,0.026,0.096,TRUE,"Between",3,1.00265200000131,1.00265200000131
"Intercepts","BETA_YX",0.287,0.014,0,0.261,0.315,TRUE,"Between",3,1.00265200000131,1.00265200000131
"Intercepts","PSI_X",-1.547,0.059,0,-1.663,-1.432,TRUE,"Between",3,1.00265200000131,1.00265200000131
"Intercepts","PSI_Y",-1.271,0.065,0,-1.396,-1.14,TRUE,"Between",3,1.00265200000131,1.00265200000131
