"paramHeader","param","est","posterior_sd","pval","lower_2.5ci","upper_2.5ci","sig","BetweenWithin","mplus_time","rhatMean","rhatLast"
"Intercepts","X",3.092,0.131,0,2.837,3.352,TRUE,"Between",3,1.00135950317855,1.00135950317855
"Intercepts","Y",1.061,0.074,0,0.915,1.205,TRUE,"Between",3,1.00135950317855,1.00135950317855
"Intercepts","PHI_X",0.179,0.017,0,0.144,0.213,TRUE,"Between",3,1.00135950317855,1.00135950317855
"Intercepts","PHI_Y",0.232,0.017,0,0.198,0.267,TRUE,"Between",3,1.00135950317855,1.00135950317855
"Intercepts","PHI_XY",0.049,0.017,0.002,0.015,0.082,TRUE,"Between",3,1.00135950317855,1.00135950317855
"Intercepts","BETA_YX",0.307,0.016,0,0.275,0.339,TRUE,"Between",3,1.00135950317855,1.00135950317855
"Intercepts","PSI_X",-1.507,0.072,0,-1.648,-1.367,TRUE,"Between",3,1.00135950317855,1.00135950317855
"Intercepts","PSI_Y",-1.43,0.069,0,-1.564,-1.293,TRUE,"Between",3,1.00135950317855,1.00135950317855
