"paramHeader","param","est","posterior_sd","pval","lower_2.5ci","upper_2.5ci","sig","BetweenWithin","mplus_time","rhatMean","rhatLast"
"Intercepts","X",2.997,0.121,0,2.764,3.234,TRUE,"Between",2,1.00180212902576,1.00180212902576
"Intercepts","Y",0.952,0.068,0,0.814,1.084,TRUE,"Between",2,1.00180212902576,1.00180212902576
"Intercepts","PHI_X",0.178,0.017,0,0.143,0.211,TRUE,"Between",2,1.00180212902576,1.00180212902576
"Intercepts","PHI_Y",0.25,0.02,0,0.21,0.29,TRUE,"Between",2,1.00180212902576,1.00180212902576
"Intercepts","PHI_XY",0.097,0.018,0,0.063,0.132,TRUE,"Between",2,1.00180212902576,1.00180212902576
"Intercepts","BETA_YX",0.302,0.019,0,0.264,0.34,TRUE,"Between",2,1.00180212902576,1.00180212902576
"Intercepts","PSI_X",-1.662,0.055,0,-1.769,-1.556,TRUE,"Between",2,1.00180212902576,1.00180212902576
"Intercepts","PSI_Y",-1.417,0.071,0,-1.556,-1.276,TRUE,"Between",2,1.00180212902576,1.00180212902576
