"paramHeader","param","est","posterior_sd","pval","lower_2.5ci","upper_2.5ci","sig","BetweenWithin","mplus_time","rhatMean","rhatLast"
"Intercepts","X",3.154,0.121,0,2.918,3.395,TRUE,"Between",2,1.00273198325534,1.00273198325534
"Intercepts","Y",1.076,0.07,0,0.941,1.214,TRUE,"Between",2,1.00273198325534,1.00273198325534
"Intercepts","PHI_X",0.201,0.017,0,0.167,0.234,TRUE,"Between",2,1.00273198325534,1.00273198325534
"Intercepts","PHI_Y",0.273,0.019,0,0.235,0.31,TRUE,"Between",2,1.00273198325534,1.00273198325534
"Intercepts","PHI_XY",0.064,0.018,0,0.029,0.098,TRUE,"Between",2,1.00273198325534,1.00273198325534
"Intercepts","BETA_YX",0.296,0.016,0,0.266,0.328,TRUE,"Between",2,1.00273198325534,1.00273198325534
"Intercepts","PSI_X",-1.595,0.069,0,-1.724,-1.459,TRUE,"Between",2,1.00273198325534,1.00273198325534
"Intercepts","PSI_Y",-1.418,0.061,0,-1.536,-1.295,TRUE,"Between",2,1.00273198325534,1.00273198325534
