"paramHeader","param","est","posterior_sd","pval","lower_2.5ci","upper_2.5ci","sig","BetweenWithin","mplus_time","rhatMean","rhatLast"
"Intercepts","X",2.957,0.119,0,2.716,3.191,TRUE,"Between",2,1.00142921647997,1.00142921647997
"Intercepts","Y",0.99,0.071,0,0.845,1.125,TRUE,"Between",2,1.00142921647997,1.00142921647997
"Intercepts","PHI_X",0.174,0.017,0,0.14,0.207,TRUE,"Between",2,1.00142921647997,1.00142921647997
"Intercepts","PHI_Y",0.205,0.02,0,0.165,0.245,TRUE,"Between",2,1.00142921647997,1.00142921647997
"Intercepts","PHI_XY",0.042,0.019,0.013,0.004,0.078,TRUE,"Between",2,1.00142921647997,1.00142921647997
"Intercepts","BETA_YX",0.292,0.018,0,0.256,0.328,TRUE,"Between",2,1.00142921647997,1.00142921647997
"Intercepts","PSI_X",-1.675,0.061,0,-1.796,-1.558,TRUE,"Between",2,1.00142921647997,1.00142921647997
"Intercepts","PSI_Y",-1.407,0.06,0,-1.528,-1.29,TRUE,"Between",2,1.00142921647997,1.00142921647997
