"paramHeader","param","est","posterior_sd","pval","lower_2.5ci","upper_2.5ci","sig","BetweenWithin","mplus_time","rhatMean","rhatLast"
"Intercepts","X",3.069,0.121,0,2.836,3.31,TRUE,"Between",4,1.0027341661891,1.0027341661891
"Intercepts","Y",0.934,0.075,0,0.793,1.082,TRUE,"Between",4,1.0027341661891,1.0027341661891
"Intercepts","PHI_X",0.212,0.018,0,0.177,0.247,TRUE,"Between",4,1.0027341661891,1.0027341661891
"Intercepts","PHI_Y",0.246,0.02,0,0.205,0.284,TRUE,"Between",4,1.0027341661891,1.0027341661891
"Intercepts","PHI_XY",0.053,0.018,0.002,0.018,0.086,TRUE,"Between",4,1.0027341661891,1.0027341661891
"Intercepts","BETA_YX",0.282,0.016,0,0.252,0.314,TRUE,"Between",4,1.0027341661891,1.0027341661891
"Intercepts","PSI_X",-1.609,0.067,0,-1.736,-1.477,TRUE,"Between",4,1.0027341661891,1.0027341661891
"Intercepts","PSI_Y",-1.365,0.066,0,-1.493,-1.233,TRUE,"Between",4,1.0027341661891,1.0027341661891
