"paramHeader","param","est","posterior_sd","pval","lower_2.5ci","upper_2.5ci","sig","BetweenWithin","mplus_time","rhatMean","rhatLast"
"Intercepts","X",2.947,0.11,0,2.732,3.165,TRUE,"Between",3,1.00106986742017,1.00106986742017
"Intercepts","Y",0.96,0.073,0,0.813,1.103,TRUE,"Between",3,1.00106986742017,1.00106986742017
"Intercepts","PHI_X",0.203,0.018,0,0.168,0.237,TRUE,"Between",3,1.00106986742017,1.00106986742017
"Intercepts","PHI_Y",0.263,0.019,0,0.225,0.301,TRUE,"Between",3,1.00106986742017,1.00106986742017
"Intercepts","PHI_XY",0.043,0.018,0.009,0.006,0.078,TRUE,"Between",3,1.00106986742017,1.00106986742017
"Intercepts","BETA_YX",0.283,0.017,0,0.25,0.315,TRUE,"Between",3,1.00106986742017,1.00106986742017
"Intercepts","PSI_X",-1.624,0.064,0,-1.751,-1.499,TRUE,"Between",3,1.00106986742017,1.00106986742017
"Intercepts","PSI_Y",-1.359,0.066,0,-1.49,-1.23,TRUE,"Between",3,1.00106986742017,1.00106986742017
