"paramHeader","param","est","posterior_sd","pval","lower_2.5ci","upper_2.5ci","sig","BetweenWithin","mplus_time","rhatMean","rhatLast"
"Intercepts","X",3.008,0.119,0,2.765,3.239,TRUE,"Between",3,1.00285135815353,1.00285135815353
"Intercepts","Y",0.952,0.081,0,0.783,1.104,TRUE,"Between",3,1.00285135815353,1.00285135815353
"Intercepts","PHI_X",0.211,0.016,0,0.179,0.242,TRUE,"Between",3,1.00285135815353,1.00285135815353
"Intercepts","PHI_Y",0.255,0.02,0,0.215,0.295,TRUE,"Between",3,1.00285135815353,1.00285135815353
"Intercepts","PHI_XY",0.024,0.019,0.103,-0.014,0.06,FALSE,"Between",3,1.00285135815353,1.00285135815353
"Intercepts","BETA_YX",0.276,0.016,0,0.245,0.307,TRUE,"Between",3,1.00285135815353,1.00285135815353
"Intercepts","PSI_X",-1.72,0.071,0,-1.863,-1.582,TRUE,"Between",3,1.00285135815353,1.00285135815353
"Intercepts","PSI_Y",-1.393,0.077,0,-1.551,-1.243,TRUE,"Between",3,1.00285135815353,1.00285135815353
