"paramHeader","param","est","posterior_sd","pval","lower_2.5ci","upper_2.5ci","sig","BetweenWithin","mplus_time","rhatMean","rhatLast"
"Intercepts","X",2.984,0.111,0,2.768,3.202,TRUE,"Between",3,1.00186937122969,1.00186937122969
"Intercepts","Y",0.901,0.067,0,0.771,1.033,TRUE,"Between",3,1.00186937122969,1.00186937122969
"Intercepts","PHI_X",0.198,0.016,0,0.166,0.229,TRUE,"Between",3,1.00186937122969,1.00186937122969
"Intercepts","PHI_Y",0.244,0.017,0,0.21,0.277,TRUE,"Between",3,1.00186937122969,1.00186937122969
"Intercepts","PHI_XY",0.066,0.016,0,0.033,0.097,TRUE,"Between",3,1.00186937122969,1.00186937122969
"Intercepts","BETA_YX",0.292,0.018,0,0.257,0.329,TRUE,"Between",3,1.00186937122969,1.00186937122969
"Intercepts","PSI_X",-1.601,0.068,0,-1.735,-1.47,TRUE,"Between",3,1.00186937122969,1.00186937122969
"Intercepts","PSI_Y",-1.456,0.058,0,-1.573,-1.341,TRUE,"Between",3,1.00186937122969,1.00186937122969
