"paramHeader","param","est","posterior_sd","pval","lower_2.5ci","upper_2.5ci","sig","BetweenWithin","mplus_time","rhatMean","rhatLast"
"Intercepts","X",3.201,0.116,0,2.973,3.431,TRUE,"Between",2,1.00106461695916,1.00106461695916
"Intercepts","Y",1.142,0.073,0,0.996,1.284,TRUE,"Between",2,1.00106461695916,1.00106461695916
"Intercepts","PHI_X",0.232,0.017,0,0.199,0.263,TRUE,"Between",2,1.00106461695916,1.00106461695916
"Intercepts","PHI_Y",0.323,0.02,0,0.282,0.362,TRUE,"Between",2,1.00106461695916,1.00106461695916
"Intercepts","PHI_XY",0.047,0.018,0.006,0.01,0.082,TRUE,"Between",2,1.00106461695916,1.00106461695916
"Intercepts","BETA_YX",0.281,0.017,0,0.249,0.314,TRUE,"Between",2,1.00106461695916,1.00106461695916
"Intercepts","PSI_X",-1.574,0.069,0,-1.71,-1.442,TRUE,"Between",2,1.00106461695916,1.00106461695916
"Intercepts","PSI_Y",-1.348,0.063,0,-1.472,-1.224,TRUE,"Between",2,1.00106461695916,1.00106461695916
