"paramHeader","param","est","posterior_sd","pval","lower_2.5ci","upper_2.5ci","sig","BetweenWithin","mplus_time","rhatMean","rhatLast"
"Intercepts","X",3.083,0.117,0,2.841,3.304,TRUE,"Between",3,1.00321754354407,1.00321754354407
"Intercepts","Y",1.065,0.078,0,0.905,1.214,TRUE,"Between",3,1.00321754354407,1.00321754354407
"Intercepts","PHI_X",0.192,0.016,0,0.16,0.223,TRUE,"Between",3,1.00321754354407,1.00321754354407
"Intercepts","PHI_Y",0.227,0.02,0,0.187,0.265,TRUE,"Between",3,1.00321754354407,1.00321754354407
"Intercepts","PHI_XY",0.054,0.018,0.002,0.018,0.088,TRUE,"Between",3,1.00321754354407,1.00321754354407
"Intercepts","BETA_YX",0.284,0.017,0,0.251,0.317,TRUE,"Between",3,1.00321754354407,1.00321754354407
"Intercepts","PSI_X",-1.524,0.074,0,-1.669,-1.379,TRUE,"Between",3,1.00321754354407,1.00321754354407
"Intercepts","PSI_Y",-1.39,0.058,0,-1.506,-1.277,TRUE,"Between",3,1.00321754354407,1.00321754354407
