"paramHeader","param","est","posterior_sd","pval","lower_2.5ci","upper_2.5ci","sig","BetweenWithin","mplus_time","rhatMean","rhatLast"
"Intercepts","X",2.753,0.12,0,2.523,2.991,TRUE,"Between",2,1.00196952954125,1.00196952954125
"Intercepts","Y",0.969,0.072,0,0.834,1.113,TRUE,"Between",2,1.00196952954125,1.00196952954125
"Intercepts","PHI_X",0.195,0.018,0,0.16,0.229,TRUE,"Between",2,1.00196952954125,1.00196952954125
"Intercepts","PHI_Y",0.259,0.02,0,0.22,0.298,TRUE,"Between",2,1.00196952954125,1.00196952954125
"Intercepts","PHI_XY",0.038,0.019,0.023,0,0.075,TRUE,"Between",2,1.00196952954125,1.00196952954125
"Intercepts","BETA_YX",0.268,0.018,0,0.233,0.305,TRUE,"Between",2,1.00196952954125,1.00196952954125
"Intercepts","PSI_X",-1.621,0.059,0,-1.731,-1.507,TRUE,"Between",2,1.00196952954125,1.00196952954125
"Intercepts","PSI_Y",-1.457,0.076,0,-1.604,-1.302,TRUE,"Between",2,1.00196952954125,1.00196952954125
