"paramHeader","param","est","posterior_sd","pval","lower_2.5ci","upper_2.5ci","sig","BetweenWithin","mplus_time","rhatMean","rhatLast"
"Intercepts","X",2.912,0.13,0,2.651,3.163,TRUE,"Between",4,1.00318332880525,1.00318332880525
"Intercepts","Y",0.989,0.076,0,0.836,1.137,TRUE,"Between",4,1.00318332880525,1.00318332880525
"Intercepts","PHI_X",0.186,0.016,0,0.154,0.218,TRUE,"Between",4,1.00318332880525,1.00318332880525
"Intercepts","PHI_Y",0.263,0.019,0,0.224,0.3,TRUE,"Between",4,1.00318332880525,1.00318332880525
"Intercepts","PHI_XY",0.025,0.018,0.093,-0.011,0.06,FALSE,"Between",4,1.00318332880525,1.00318332880525
"Intercepts","BETA_YX",0.302,0.019,0,0.265,0.339,TRUE,"Between",4,1.00318332880525,1.00318332880525
"Intercepts","PSI_X",-1.576,0.069,0,-1.711,-1.44,TRUE,"Between",4,1.00318332880525,1.00318332880525
"Intercepts","PSI_Y",-1.456,0.068,0,-1.591,-1.323,TRUE,"Between",4,1.00318332880525,1.00318332880525
