"paramHeader","param","est","posterior_sd","pval","lower_2.5ci","upper_2.5ci","sig","BetweenWithin","mplus_time","rhatMean","rhatLast"
"Intercepts","X",3.075,0.116,0,2.842,3.304,TRUE,"Between",3,1.00127178098237,1.00127178098237
"Intercepts","Y",1.129,0.073,0,0.981,1.271,TRUE,"Between",3,1.00127178098237,1.00127178098237
"Intercepts","PHI_X",0.187,0.018,0,0.152,0.221,TRUE,"Between",3,1.00127178098237,1.00127178098237
"Intercepts","PHI_Y",0.248,0.02,0,0.207,0.288,TRUE,"Between",3,1.00127178098237,1.00127178098237
"Intercepts","PHI_XY",0.028,0.017,0.06,-0.007,0.06,FALSE,"Between",3,1.00127178098237,1.00127178098237
"Intercepts","BETA_YX",0.309,0.017,0,0.277,0.342,TRUE,"Between",3,1.00127178098237,1.00127178098237
"Intercepts","PSI_X",-1.62,0.071,0,-1.762,-1.478,TRUE,"Between",3,1.00127178098237,1.00127178098237
"Intercepts","PSI_Y",-1.367,0.066,0,-1.499,-1.238,TRUE,"Between",3,1.00127178098237,1.00127178098237
