"paramHeader","param","est","posterior_sd","pval","lower_2.5ci","upper_2.5ci","sig","BetweenWithin","mplus_time","rhatMean","rhatLast"
"Intercepts","X",3.025,0.114,0,2.804,3.258,TRUE,"Between",3,1.00147971784511,1.00147971784511
"Intercepts","Y",0.987,0.066,0,0.86,1.116,TRUE,"Between",3,1.00147971784511,1.00147971784511
"Intercepts","PHI_X",0.209,0.017,0,0.175,0.242,TRUE,"Between",3,1.00147971784511,1.00147971784511
"Intercepts","PHI_Y",0.262,0.019,0,0.224,0.299,TRUE,"Between",3,1.00147971784511,1.00147971784511
"Intercepts","PHI_XY",0.049,0.018,0.002,0.015,0.084,TRUE,"Between",3,1.00147971784511,1.00147971784511
"Intercepts","BETA_YX",0.31,0.017,0,0.277,0.344,TRUE,"Between",3,1.00147971784511,1.00147971784511
"Intercepts","PSI_X",-1.646,0.061,0,-1.763,-1.528,TRUE,"Between",3,1.00147971784511,1.00147971784511
"Intercepts","PSI_Y",-1.398,0.062,0,-1.517,-1.274,TRUE,"Between",3,1.00147971784511,1.00147971784511
