"paramHeader","param","est","posterior_sd","pval","lower_2.5ci","upper_2.5ci","sig","BetweenWithin","mplus_time","rhatMean","rhatLast"
"Intercepts","X",3.066,0.133,0,2.802,3.321,TRUE,"Between",2,1.00348523448354,1.00348523448354
"Intercepts","Y",1.061,0.075,0,0.907,1.21,TRUE,"Between",2,1.00348523448354,1.00348523448354
"Intercepts","PHI_X",0.205,0.017,0,0.172,0.237,TRUE,"Between",2,1.00348523448354,1.00348523448354
"Intercepts","PHI_Y",0.275,0.018,0,0.239,0.312,TRUE,"Between",2,1.00348523448354,1.00348523448354
"Intercepts","PHI_XY",0.052,0.017,0.002,0.02,0.085,TRUE,"Between",2,1.00348523448354,1.00348523448354
"Intercepts","BETA_YX",0.311,0.016,0,0.28,0.343,TRUE,"Between",2,1.00348523448354,1.00348523448354
"Intercepts","PSI_X",-1.623,0.06,0,-1.742,-1.504,TRUE,"Between",2,1.00348523448354,1.00348523448354
"Intercepts","PSI_Y",-1.35,0.064,0,-1.479,-1.226,TRUE,"Between",2,1.00348523448354,1.00348523448354
