"paramHeader","param","est","posterior_sd","pval","lower_2.5ci","upper_2.5ci","sig","BetweenWithin","mplus_time","rhatMean","rhatLast"
"Intercepts","X",2.798,0.107,0,2.586,3.01,TRUE,"Between",3,1.00097200179491,1.00097200179491
"Intercepts","Y",0.857,0.067,0,0.724,0.988,TRUE,"Between",3,1.00097200179491,1.00097200179491
"Intercepts","PHI_X",0.197,0.017,0,0.162,0.23,TRUE,"Between",3,1.00097200179491,1.00097200179491
"Intercepts","PHI_Y",0.249,0.019,0,0.211,0.286,TRUE,"Between",3,1.00097200179491,1.00097200179491
"Intercepts","PHI_XY",0.044,0.019,0.009,0.007,0.08,TRUE,"Between",3,1.00097200179491,1.00097200179491
"Intercepts","BETA_YX",0.272,0.017,0,0.239,0.307,TRUE,"Between",3,1.00097200179491,1.00097200179491
"Intercepts","PSI_X",-1.628,0.06,0,-1.746,-1.509,TRUE,"Between",3,1.00097200179491,1.00097200179491
"Intercepts","PSI_Y",-1.517,0.058,0,-1.632,-1.403,TRUE,"Between",3,1.00097200179491,1.00097200179491
