"paramHeader","param","est","posterior_sd","pval","lower_2.5ci","upper_2.5ci","sig","BetweenWithin","mplus_time","rhatMean","rhatLast"
"Intercepts","X",2.74,0.116,0,2.503,2.964,TRUE,"Between",2,1.00257732881873,1.00257732881873
"Intercepts","Y",0.938,0.062,0,0.809,1.058,TRUE,"Between",2,1.00257732881873,1.00257732881873
"Intercepts","PHI_X",0.177,0.015,0,0.146,0.207,TRUE,"Between",2,1.00257732881873,1.00257732881873
"Intercepts","PHI_Y",0.242,0.018,0,0.206,0.279,TRUE,"Between",2,1.00257732881873,1.00257732881873
"Intercepts","PHI_XY",0.035,0.02,0.048,-0.006,0.074,FALSE,"Between",2,1.00257732881873,1.00257732881873
"Intercepts","BETA_YX",0.305,0.019,0,0.268,0.343,TRUE,"Between",2,1.00257732881873,1.00257732881873
"Intercepts","PSI_X",-1.622,0.066,0,-1.754,-1.494,TRUE,"Between",2,1.00257732881873,1.00257732881873
"Intercepts","PSI_Y",-1.37,0.061,0,-1.493,-1.249,TRUE,"Between",2,1.00257732881873,1.00257732881873
