"paramHeader","param","est","posterior_sd","pval","lower_2.5ci","upper_2.5ci","sig","BetweenWithin","mplus_time","rhatMean","rhatLast"
"Intercepts","X",2.864,0.124,0,2.622,3.109,TRUE,"Between",2,1.00183829639766,1.00183829639766
"Intercepts","Y",0.937,0.083,0,0.774,1.098,TRUE,"Between",2,1.00183829639766,1.00183829639766
"Intercepts","PHI_X",0.208,0.017,0,0.175,0.24,TRUE,"Between",2,1.00183829639766,1.00183829639766
"Intercepts","PHI_Y",0.222,0.018,0,0.188,0.257,TRUE,"Between",2,1.00183829639766,1.00183829639766
"Intercepts","PHI_XY",0.066,0.019,0,0.028,0.102,TRUE,"Between",2,1.00183829639766,1.00183829639766
"Intercepts","BETA_YX",0.293,0.017,0,0.258,0.328,TRUE,"Between",2,1.00183829639766,1.00183829639766
"Intercepts","PSI_X",-1.625,0.069,0,-1.759,-1.49,TRUE,"Between",2,1.00183829639766,1.00183829639766
"Intercepts","PSI_Y",-1.446,0.066,0,-1.578,-1.32,TRUE,"Between",2,1.00183829639766,1.00183829639766
