"paramHeader","param","est","posterior_sd","pval","lower_2.5ci","upper_2.5ci","sig","BetweenWithin","mplus_time","rhatMean","rhatLast"
"Intercepts","X",2.939,0.119,0,2.698,3.172,TRUE,"Between",2,1.00183472448616,1.00183472448616
"Intercepts","Y",0.945,0.072,0,0.796,1.083,TRUE,"Between",2,1.00183472448616,1.00183472448616
"Intercepts","PHI_X",0.192,0.016,0,0.16,0.223,TRUE,"Between",2,1.00183472448616,1.00183472448616
"Intercepts","PHI_Y",0.219,0.018,0,0.184,0.255,TRUE,"Between",2,1.00183472448616,1.00183472448616
"Intercepts","PHI_XY",0.041,0.018,0.012,0.005,0.075,TRUE,"Between",2,1.00183472448616,1.00183472448616
"Intercepts","BETA_YX",0.325,0.019,0,0.287,0.363,TRUE,"Between",2,1.00183472448616,1.00183472448616
"Intercepts","PSI_X",-1.737,0.064,0,-1.864,-1.611,TRUE,"Between",2,1.00183472448616,1.00183472448616
"Intercepts","PSI_Y",-1.476,0.067,0,-1.609,-1.347,TRUE,"Between",2,1.00183472448616,1.00183472448616
