"paramHeader","param","est","posterior_sd","pval","lower_2.5ci","upper_2.5ci","sig","BetweenWithin","mplus_time","rhatMean","rhatLast"
"Intercepts","X",2.96,0.121,0,2.714,3.198,TRUE,"Between",2,1.00177776258504,1.00177776258504
"Intercepts","Y",1.04,0.067,0,0.903,1.17,TRUE,"Between",2,1.00177776258504,1.00177776258504
"Intercepts","PHI_X",0.221,0.017,0,0.186,0.253,TRUE,"Between",2,1.00177776258504,1.00177776258504
"Intercepts","PHI_Y",0.218,0.019,0,0.181,0.257,TRUE,"Between",2,1.00177776258504,1.00177776258504
"Intercepts","PHI_XY",0.027,0.019,0.084,-0.011,0.062,FALSE,"Between",2,1.00177776258504,1.00177776258504
"Intercepts","BETA_YX",0.269,0.019,0,0.231,0.306,TRUE,"Between",2,1.00177776258504,1.00177776258504
"Intercepts","PSI_X",-1.626,0.061,0,-1.746,-1.504,TRUE,"Between",2,1.00177776258504,1.00177776258504
"Intercepts","PSI_Y",-1.418,0.054,0,-1.525,-1.311,TRUE,"Between",2,1.00177776258504,1.00177776258504
