"paramHeader","param","est","posterior_sd","pval","lower_2.5ci","upper_2.5ci","sig","BetweenWithin","mplus_time","rhatMean","rhatLast"
"Intercepts","X",3.259,0.11,0,3.048,3.477,TRUE,"Between",2,1.00113083612538,1.00113083612538
"Intercepts","Y",1.176,0.066,0,1.047,1.304,TRUE,"Between",2,1.00113083612538,1.00113083612538
"Intercepts","PHI_X",0.202,0.018,0,0.166,0.236,TRUE,"Between",2,1.00113083612538,1.00113083612538
"Intercepts","PHI_Y",0.247,0.018,0,0.211,0.283,TRUE,"Between",2,1.00113083612538,1.00113083612538
"Intercepts","PHI_XY",0.069,0.019,0,0.031,0.105,TRUE,"Between",2,1.00113083612538,1.00113083612538
"Intercepts","BETA_YX",0.321,0.018,0,0.285,0.357,TRUE,"Between",2,1.00113083612538,1.00113083612538
"Intercepts","PSI_X",-1.546,0.063,0,-1.669,-1.424,TRUE,"Between",2,1.00113083612538,1.00113083612538
"Intercepts","PSI_Y",-1.35,0.063,0,-1.473,-1.221,TRUE,"Between",2,1.00113083612538,1.00113083612538
