"paramHeader","param","est","posterior_sd","pval","lower_2.5ci","upper_2.5ci","sig","BetweenWithin","mplus_time","rhatMean","rhatLast"
"Intercepts","X",2.799,0.134,0,2.536,3.064,TRUE,"Between",3,1.00137957297106,1.00137957297106
"Intercepts","Y",0.902,0.072,0,0.763,1.041,TRUE,"Between",3,1.00137957297106,1.00137957297106
"Intercepts","PHI_X",0.191,0.017,0,0.158,0.223,TRUE,"Between",3,1.00137957297106,1.00137957297106
"Intercepts","PHI_Y",0.236,0.019,0,0.199,0.274,TRUE,"Between",3,1.00137957297106,1.00137957297106
"Intercepts","PHI_XY",0.029,0.018,0.058,-0.008,0.064,FALSE,"Between",3,1.00137957297106,1.00137957297106
"Intercepts","BETA_YX",0.289,0.016,0,0.258,0.321,TRUE,"Between",3,1.00137957297106,1.00137957297106
"Intercepts","PSI_X",-1.742,0.071,0,-1.883,-1.603,TRUE,"Between",3,1.00137957297106,1.00137957297106
"Intercepts","PSI_Y",-1.534,0.069,0,-1.674,-1.4,TRUE,"Between",3,1.00137957297106,1.00137957297106
