"paramHeader","param","est","posterior_sd","pval","lower_2.5ci","upper_2.5ci","sig","BetweenWithin","mplus_time","rhatMean","rhatLast"
"Intercepts","X",3.242,0.126,0,2.996,3.494,TRUE,"Between",2,1.0007019045556,1.0007019045556
"Intercepts","Y",1.063,0.069,0,0.93,1.197,TRUE,"Between",2,1.0007019045556,1.0007019045556
"Intercepts","PHI_X",0.218,0.018,0,0.182,0.253,TRUE,"Between",2,1.0007019045556,1.0007019045556
"Intercepts","PHI_Y",0.261,0.02,0,0.223,0.3,TRUE,"Between",2,1.0007019045556,1.0007019045556
"Intercepts","PHI_XY",0.054,0.018,0.001,0.019,0.088,TRUE,"Between",2,1.0007019045556,1.0007019045556
"Intercepts","BETA_YX",0.282,0.02,0,0.244,0.323,TRUE,"Between",2,1.0007019045556,1.0007019045556
"Intercepts","PSI_X",-1.535,0.062,0,-1.657,-1.414,TRUE,"Between",2,1.0007019045556,1.0007019045556
"Intercepts","PSI_Y",-1.362,0.061,0,-1.485,-1.244,TRUE,"Between",2,1.0007019045556,1.0007019045556
