"paramHeader","param","est","posterior_sd","pval","lower_2.5ci","upper_2.5ci","sig","BetweenWithin","mplus_time","rhatMean","rhatLast"
"Intercepts","X",3.083,0.131,0,2.831,3.349,TRUE,"Between",2,1.0016776623315,1.0016776623315
"Intercepts","Y",1.128,0.077,0,0.98,1.284,TRUE,"Between",2,1.0016776623315,1.0016776623315
"Intercepts","PHI_X",0.221,0.016,0,0.188,0.252,TRUE,"Between",2,1.0016776623315,1.0016776623315
"Intercepts","PHI_Y",0.255,0.02,0,0.215,0.293,TRUE,"Between",2,1.0016776623315,1.0016776623315
"Intercepts","PHI_XY",0.07,0.017,0,0.035,0.103,TRUE,"Between",2,1.0016776623315,1.0016776623315
"Intercepts","BETA_YX",0.275,0.018,0,0.239,0.311,TRUE,"Between",2,1.0016776623315,1.0016776623315
"Intercepts","PSI_X",-1.538,0.067,0,-1.666,-1.405,TRUE,"Between",2,1.0016776623315,1.0016776623315
"Intercepts","PSI_Y",-1.486,0.071,0,-1.621,-1.342,TRUE,"Between",2,1.0016776623315,1.0016776623315
