"paramHeader","param","est","posterior_sd","pval","lower_2.5ci","upper_2.5ci","sig","BetweenWithin","mplus_time","rhatMean","rhatLast"
"Intercepts","X",2.827,0.127,0,2.582,3.078,TRUE,"Between",3,1.00122305452279,1.00122305452279
"Intercepts","Y",0.905,0.074,0,0.757,1.046,TRUE,"Between",3,1.00122305452279,1.00122305452279
"Intercepts","PHI_X",0.197,0.017,0,0.163,0.229,TRUE,"Between",3,1.00122305452279,1.00122305452279
"Intercepts","PHI_Y",0.223,0.017,0,0.188,0.258,TRUE,"Between",3,1.00122305452279,1.00122305452279
"Intercepts","PHI_XY",0.062,0.018,0.001,0.027,0.097,TRUE,"Between",3,1.00122305452279,1.00122305452279
"Intercepts","BETA_YX",0.288,0.018,0,0.253,0.324,TRUE,"Between",3,1.00122305452279,1.00122305452279
"Intercepts","PSI_X",-1.648,0.069,0,-1.784,-1.517,TRUE,"Between",3,1.00122305452279,1.00122305452279
"Intercepts","PSI_Y",-1.502,0.066,0,-1.631,-1.368,TRUE,"Between",3,1.00122305452279,1.00122305452279
