"paramHeader","param","est","posterior_sd","pval","lower_2.5ci","upper_2.5ci","sig","BetweenWithin","mplus_time","rhatMean","rhatLast"
"Intercepts","X",3.142,0.143,0,2.861,3.418,TRUE,"Between",3,1.00266896378045,1.00266896378045
"Intercepts","Y",1.091,0.086,0,0.917,1.26,TRUE,"Between",3,1.00266896378045,1.00266896378045
"Intercepts","PHI_X",0.2,0.017,0,0.166,0.233,TRUE,"Between",3,1.00266896378045,1.00266896378045
"Intercepts","PHI_Y",0.254,0.02,0,0.215,0.292,TRUE,"Between",3,1.00266896378045,1.00266896378045
"Intercepts","PHI_XY",0.021,0.018,0.132,-0.016,0.056,FALSE,"Between",3,1.00266896378045,1.00266896378045
"Intercepts","BETA_YX",0.286,0.016,0,0.253,0.318,TRUE,"Between",3,1.00266896378045,1.00266896378045
"Intercepts","PSI_X",-1.621,0.071,0,-1.759,-1.48,TRUE,"Between",3,1.00266896378045,1.00266896378045
"Intercepts","PSI_Y",-1.345,0.071,0,-1.487,-1.205,TRUE,"Between",3,1.00266896378045,1.00266896378045
