"paramHeader","param","est","posterior_sd","pval","lower_2.5ci","upper_2.5ci","sig","BetweenWithin","mplus_time","rhatMean","rhatLast"
"Intercepts","X",3.11,0.136,0,2.838,3.374,TRUE,"Between",2,1.00411652326604,1.00411652326604
"Intercepts","Y",1.039,0.074,0,0.891,1.183,TRUE,"Between",2,1.00411652326604,1.00411652326604
"Intercepts","PHI_X",0.194,0.017,0,0.161,0.227,TRUE,"Between",2,1.00411652326604,1.00411652326604
"Intercepts","PHI_Y",0.232,0.019,0,0.195,0.27,TRUE,"Between",2,1.00411652326604,1.00411652326604
"Intercepts","PHI_XY",0.046,0.016,0.002,0.014,0.075,TRUE,"Between",2,1.00411652326604,1.00411652326604
"Intercepts","BETA_YX",0.276,0.02,0,0.238,0.316,TRUE,"Between",2,1.00411652326604,1.00411652326604
"Intercepts","PSI_X",-1.59,0.066,0,-1.722,-1.463,TRUE,"Between",2,1.00411652326604,1.00411652326604
"Intercepts","PSI_Y",-1.535,0.069,0,-1.672,-1.401,TRUE,"Between",2,1.00411652326604,1.00411652326604
