"paramHeader","param","est","posterior_sd","pval","lower_2.5ci","upper_2.5ci","sig","BetweenWithin","mplus_time","rhatMean","rhatLast"
"Intercepts","X",2.95,0.13,0,2.694,3.211,TRUE,"Between",3,1.00154869740092,1.00154869740092
"Intercepts","Y",0.93,0.074,0,0.784,1.074,TRUE,"Between",3,1.00154869740092,1.00154869740092
"Intercepts","PHI_X",0.202,0.017,0,0.168,0.233,TRUE,"Between",3,1.00154869740092,1.00154869740092
"Intercepts","PHI_Y",0.232,0.02,0,0.192,0.271,TRUE,"Between",3,1.00154869740092,1.00154869740092
"Intercepts","PHI_XY",0.032,0.019,0.043,-0.005,0.067,FALSE,"Between",3,1.00154869740092,1.00154869740092
"Intercepts","BETA_YX",0.288,0.017,0,0.255,0.322,TRUE,"Between",3,1.00154869740092,1.00154869740092
"Intercepts","PSI_X",-1.763,0.071,0,-1.902,-1.628,TRUE,"Between",3,1.00154869740092,1.00154869740092
"Intercepts","PSI_Y",-1.434,0.059,0,-1.551,-1.317,TRUE,"Between",3,1.00154869740092,1.00154869740092
