"paramHeader","param","est","posterior_sd","pval","lower_2.5ci","upper_2.5ci","sig","BetweenWithin","mplus_time","rhatMean","rhatLast"
"Intercepts","X",3.075,0.129,0,2.829,3.331,TRUE,"Between",2,1.00129091697005,1.00129091697005
"Intercepts","Y",0.94,0.073,0,0.797,1.085,TRUE,"Between",2,1.00129091697005,1.00129091697005
"Intercepts","PHI_X",0.207,0.017,0,0.173,0.24,TRUE,"Between",2,1.00129091697005,1.00129091697005
"Intercepts","PHI_Y",0.256,0.019,0,0.219,0.294,TRUE,"Between",2,1.00129091697005,1.00129091697005
"Intercepts","PHI_XY",0.055,0.018,0.002,0.02,0.089,TRUE,"Between",2,1.00129091697005,1.00129091697005
"Intercepts","BETA_YX",0.32,0.018,0,0.285,0.355,TRUE,"Between",2,1.00129091697005,1.00129091697005
"Intercepts","PSI_X",-1.533,0.066,0,-1.661,-1.406,TRUE,"Between",2,1.00129091697005,1.00129091697005
"Intercepts","PSI_Y",-1.47,0.061,0,-1.59,-1.349,TRUE,"Between",2,1.00129091697005,1.00129091697005
