"paramHeader","param","est","posterior_sd","pval","lower_2.5ci","upper_2.5ci","sig","BetweenWithin","mplus_time","rhatMean","rhatLast"
"Intercepts","X",2.898,0.119,0,2.662,3.134,TRUE,"Between",2,1.00145525223771,1.00145525223771
"Intercepts","Y",0.891,0.068,0,0.76,1.025,TRUE,"Between",2,1.00145525223771,1.00145525223771
"Intercepts","PHI_X",0.213,0.017,0,0.179,0.246,TRUE,"Between",2,1.00145525223771,1.00145525223771
"Intercepts","PHI_Y",0.23,0.018,0,0.193,0.266,TRUE,"Between",2,1.00145525223771,1.00145525223771
"Intercepts","PHI_XY",0.048,0.016,0.002,0.017,0.078,TRUE,"Between",2,1.00145525223771,1.00145525223771
"Intercepts","BETA_YX",0.296,0.019,0,0.259,0.334,TRUE,"Between",2,1.00145525223771,1.00145525223771
"Intercepts","PSI_X",-1.602,0.06,0,-1.721,-1.485,TRUE,"Between",2,1.00145525223771,1.00145525223771
"Intercepts","PSI_Y",-1.488,0.062,0,-1.615,-1.368,TRUE,"Between",2,1.00145525223771,1.00145525223771
