"paramHeader","param","est","posterior_sd","pval","lower_2.5ci","upper_2.5ci","sig","BetweenWithin","mplus_time","rhatMean","rhatLast"
"Intercepts","X",3.152,0.134,0,2.886,3.42,TRUE,"Between",2,1.054604043053,1.054604043053
"Intercepts","Y",1.067,0.081,0,0.905,1.223,TRUE,"Between",2,1.054604043053,1.054604043053
"Intercepts","PHI_X",0.008,0.004,0.006,0.002,0.015,TRUE,"Between",2,1.054604043053,1.054604043053
"Intercepts","PHI_Y",0.139,0.018,0,0.105,0.176,TRUE,"Between",2,1.054604043053,1.054604043053
"Intercepts","PHI_XY",0.085,0.014,0,0.055,0.112,TRUE,"Between",2,1.054604043053,1.054604043053
"Intercepts","BETA_YX",0.341,0.024,0,0.295,0.387,TRUE,"Between",2,1.054604043053,1.054604043053
"Intercepts","PSI_X",-1.374,0.072,0,-1.514,-1.233,TRUE,"Between",2,1.054604043053,1.054604043053
"Intercepts","PSI_Y",-1.333,0.069,0,-1.47,-1.195,TRUE,"Between",2,1.054604043053,1.054604043053
