"paramHeader","param","est","posterior_sd","pval","lower_2.5ci","upper_2.5ci","sig","BetweenWithin","mplus_time","rhatMean","rhatLast"
"Intercepts","X",2.869,0.116,0,2.64,3.101,TRUE,"Between",2,1.00057043633448,1.00057043633448
"Intercepts","Y",0.92,0.076,0,0.775,1.071,TRUE,"Between",2,1.00057043633448,1.00057043633448
"Intercepts","PHI_X",0.22,0.018,0,0.183,0.255,TRUE,"Between",2,1.00057043633448,1.00057043633448
"Intercepts","PHI_Y",0.223,0.02,0,0.184,0.262,TRUE,"Between",2,1.00057043633448,1.00057043633448
"Intercepts","PHI_XY",0.054,0.02,0.003,0.015,0.092,TRUE,"Between",2,1.00057043633448,1.00057043633448
"Intercepts","BETA_YX",0.272,0.017,0,0.238,0.306,TRUE,"Between",2,1.00057043633448,1.00057043633448
"Intercepts","PSI_X",-1.623,0.065,0,-1.749,-1.493,TRUE,"Between",2,1.00057043633448,1.00057043633448
"Intercepts","PSI_Y",-1.399,0.07,0,-1.537,-1.265,TRUE,"Between",2,1.00057043633448,1.00057043633448
