"paramHeader","param","est","posterior_sd","pval","lower_2.5ci","upper_2.5ci","sig","BetweenWithin","mplus_time","rhatMean","rhatLast"
"Intercepts","X",2.909,0.128,0,2.664,3.167,TRUE,"Between",3,1.00443975009618,1.00443975009618
"Intercepts","Y",0.925,0.083,0,0.767,1.092,TRUE,"Between",3,1.00443975009618,1.00443975009618
"Intercepts","PHI_X",0.22,0.016,0,0.188,0.252,TRUE,"Between",3,1.00443975009618,1.00443975009618
"Intercepts","PHI_Y",0.262,0.019,0,0.223,0.3,TRUE,"Between",3,1.00443975009618,1.00443975009618
"Intercepts","PHI_XY",0.032,0.018,0.038,-0.003,0.067,FALSE,"Between",3,1.00443975009618,1.00443975009618
"Intercepts","BETA_YX",0.297,0.017,0,0.263,0.331,TRUE,"Between",3,1.00443975009618,1.00443975009618
"Intercepts","PSI_X",-1.603,0.069,0,-1.735,-1.467,TRUE,"Between",3,1.00443975009618,1.00443975009618
"Intercepts","PSI_Y",-1.426,0.074,0,-1.566,-1.276,TRUE,"Between",3,1.00443975009618,1.00443975009618
