"paramHeader","param","est","posterior_sd","pval","lower_2.5ci","upper_2.5ci","sig","BetweenWithin","mplus_time","rhatMean","rhatLast"
"Intercepts","X",3.165,0.119,0,2.936,3.402,TRUE,"Between",3,1.00216858942382,1.00216858942382
"Intercepts","Y",1.143,0.078,0,0.997,1.3,TRUE,"Between",3,1.00216858942382,1.00216858942382
"Intercepts","PHI_X",0.224,0.018,0,0.189,0.257,TRUE,"Between",3,1.00216858942382,1.00216858942382
"Intercepts","PHI_Y",0.263,0.02,0,0.222,0.302,TRUE,"Between",3,1.00216858942382,1.00216858942382
"Intercepts","PHI_XY",0.059,0.019,0.001,0.021,0.095,TRUE,"Between",3,1.00216858942382,1.00216858942382
"Intercepts","BETA_YX",0.323,0.016,0,0.292,0.354,TRUE,"Between",3,1.00216858942382,1.00216858942382
"Intercepts","PSI_X",-1.5,0.061,0,-1.615,-1.383,TRUE,"Between",3,1.00216858942382,1.00216858942382
"Intercepts","PSI_Y",-1.253,0.072,0,-1.393,-1.108,TRUE,"Between",3,1.00216858942382,1.00216858942382
