"paramHeader","param","est","posterior_sd","pval","lower_2.5ci","upper_2.5ci","sig","BetweenWithin","mplus_time","rhatMean","rhatLast"
"Intercepts","X",2.954,0.131,0,2.697,3.211,TRUE,"Between",2,1.00115455236523,1.00115455236523
"Intercepts","Y",1.039,0.077,0,0.885,1.187,TRUE,"Between",2,1.00115455236523,1.00115455236523
"Intercepts","PHI_X",0.189,0.017,0,0.156,0.221,TRUE,"Between",2,1.00115455236523,1.00115455236523
"Intercepts","PHI_Y",0.243,0.019,0,0.205,0.279,TRUE,"Between",2,1.00115455236523,1.00115455236523
"Intercepts","PHI_XY",0.017,0.017,0.168,-0.017,0.049,FALSE,"Between",2,1.00115455236523,1.00115455236523
"Intercepts","BETA_YX",0.319,0.018,0,0.283,0.355,TRUE,"Between",2,1.00115455236523,1.00115455236523
"Intercepts","PSI_X",-1.65,0.065,0,-1.777,-1.526,TRUE,"Between",2,1.00115455236523,1.00115455236523
"Intercepts","PSI_Y",-1.321,0.069,0,-1.457,-1.186,TRUE,"Between",2,1.00115455236523,1.00115455236523
