"paramHeader","param","est","posterior_sd","pval","lower_2.5ci","upper_2.5ci","sig","BetweenWithin","mplus_time","rhatMean","rhatLast"
"Intercepts","X",2.906,0.126,0,2.666,3.156,TRUE,"Between",3,1.00145517727538,1.00145517727538
"Intercepts","Y",0.929,0.07,0,0.789,1.064,TRUE,"Between",3,1.00145517727538,1.00145517727538
"Intercepts","PHI_X",0.196,0.016,0,0.162,0.226,TRUE,"Between",3,1.00145517727538,1.00145517727538
"Intercepts","PHI_Y",0.25,0.018,0,0.215,0.286,TRUE,"Between",3,1.00145517727538,1.00145517727538
"Intercepts","PHI_XY",0.015,0.02,0.228,-0.025,0.055,FALSE,"Between",3,1.00145517727538,1.00145517727538
"Intercepts","BETA_YX",0.275,0.016,0,0.244,0.307,TRUE,"Between",3,1.00145517727538,1.00145517727538
"Intercepts","PSI_X",-1.717,0.066,0,-1.844,-1.588,TRUE,"Between",3,1.00145517727538,1.00145517727538
"Intercepts","PSI_Y",-1.422,0.067,0,-1.555,-1.29,TRUE,"Between",3,1.00145517727538,1.00145517727538
