"paramHeader","param","est","posterior_sd","pval","lower_2.5ci","upper_2.5ci","sig","BetweenWithin","mplus_time","rhatMean","rhatLast"
"Intercepts","X",3.152,0.121,0,2.902,3.381,TRUE,"Between",2,1.00270899511445,1.00270899511445
"Intercepts","Y",1.068,0.074,0,0.914,1.21,TRUE,"Between",2,1.00270899511445,1.00270899511445
"Intercepts","PHI_X",0.184,0.016,0,0.151,0.215,TRUE,"Between",2,1.00270899511445,1.00270899511445
"Intercepts","PHI_Y",0.241,0.021,0,0.198,0.281,TRUE,"Between",2,1.00270899511445,1.00270899511445
"Intercepts","PHI_XY",0.059,0.018,0.001,0.023,0.093,TRUE,"Between",2,1.00270899511445,1.00270899511445
"Intercepts","BETA_YX",0.333,0.018,0,0.298,0.368,TRUE,"Between",2,1.00270899511445,1.00270899511445
"Intercepts","PSI_X",-1.482,0.071,0,-1.626,-1.343,TRUE,"Between",2,1.00270899511445,1.00270899511445
"Intercepts","PSI_Y",-1.333,0.067,0,-1.47,-1.204,TRUE,"Between",2,1.00270899511445,1.00270899511445
