"paramHeader","param","est","posterior_sd","pval","lower_2.5ci","upper_2.5ci","sig","BetweenWithin","mplus_time","rhatMean","rhatLast"
"Intercepts","X",2.929,0.132,0,2.674,3.189,TRUE,"Between",3,1.00117438845542,1.00117438845542
"Intercepts","Y",1.086,0.081,0,0.927,1.244,TRUE,"Between",3,1.00117438845542,1.00117438845542
"Intercepts","PHI_X",0.201,0.017,0,0.168,0.233,TRUE,"Between",3,1.00117438845542,1.00117438845542
"Intercepts","PHI_Y",0.293,0.02,0,0.252,0.333,TRUE,"Between",3,1.00117438845542,1.00117438845542
"Intercepts","PHI_XY",0.055,0.016,0,0.024,0.086,TRUE,"Between",3,1.00117438845542,1.00117438845542
"Intercepts","BETA_YX",0.308,0.02,0,0.27,0.347,TRUE,"Between",3,1.00117438845542,1.00117438845542
"Intercepts","PSI_X",-1.535,0.071,0,-1.672,-1.396,TRUE,"Between",3,1.00117438845542,1.00117438845542
"Intercepts","PSI_Y",-1.414,0.072,0,-1.559,-1.271,TRUE,"Between",3,1.00117438845542,1.00117438845542
