"paramHeader","param","est","posterior_sd","pval","lower_2.5ci","upper_2.5ci","sig","BetweenWithin","mplus_time","rhatMean","rhatLast"
"Intercepts","X",3.286,0.123,0,3.029,3.518,TRUE,"Between",4,1.00290274903663,1.00290274903663
"Intercepts","Y",1.162,0.068,0,1.018,1.288,TRUE,"Between",4,1.00290274903663,1.00290274903663
"Intercepts","PHI_X",0.191,0.017,0,0.156,0.222,TRUE,"Between",4,1.00290274903663,1.00290274903663
"Intercepts","PHI_Y",0.272,0.019,0,0.236,0.31,TRUE,"Between",4,1.00290274903663,1.00290274903663
"Intercepts","PHI_XY",0.042,0.018,0.012,0.005,0.077,TRUE,"Between",4,1.00290274903663,1.00290274903663
"Intercepts","BETA_YX",0.289,0.016,0,0.257,0.32,TRUE,"Between",4,1.00290274903663,1.00290274903663
"Intercepts","PSI_X",-1.591,0.061,0,-1.712,-1.472,TRUE,"Between",4,1.00290274903663,1.00290274903663
"Intercepts","PSI_Y",-1.29,0.062,0,-1.417,-1.169,TRUE,"Between",4,1.00290274903663,1.00290274903663
