"paramHeader","param","est","posterior_sd","pval","lower_2.5ci","upper_2.5ci","sig","BetweenWithin","mplus_time","rhatMean","rhatLast"
"Intercepts","X",2.887,0.126,0,2.647,3.139,TRUE,"Between",3,1.00240801469766,1.00240801469766
"Intercepts","Y",0.933,0.078,0,0.785,1.094,TRUE,"Between",3,1.00240801469766,1.00240801469766
"Intercepts","PHI_X",0.228,0.016,0,0.197,0.259,TRUE,"Between",3,1.00240801469766,1.00240801469766
"Intercepts","PHI_Y",0.234,0.02,0,0.194,0.274,TRUE,"Between",3,1.00240801469766,1.00240801469766
"Intercepts","PHI_XY",0.028,0.017,0.055,-0.006,0.061,FALSE,"Between",3,1.00240801469766,1.00240801469766
"Intercepts","BETA_YX",0.271,0.017,0,0.239,0.305,TRUE,"Between",3,1.00240801469766,1.00240801469766
"Intercepts","PSI_X",-1.612,0.067,0,-1.736,-1.477,TRUE,"Between",3,1.00240801469766,1.00240801469766
"Intercepts","PSI_Y",-1.429,0.071,0,-1.564,-1.282,TRUE,"Between",3,1.00240801469766,1.00240801469766
