"paramHeader","param","est","posterior_sd","pval","lower_2.5ci","upper_2.5ci","sig","BetweenWithin","mplus_time","rhatMean","rhatLast"
"Intercepts","X",2.942,0.106,0,2.733,3.152,TRUE,"Between",3,1.00111198473034,1.00111198473034
"Intercepts","Y",0.949,0.068,0,0.813,1.08,TRUE,"Between",3,1.00111198473034,1.00111198473034
"Intercepts","PHI_X",0.173,0.018,0,0.137,0.208,TRUE,"Between",3,1.00111198473034,1.00111198473034
"Intercepts","PHI_Y",0.266,0.018,0,0.23,0.302,TRUE,"Between",3,1.00111198473034,1.00111198473034
"Intercepts","PHI_XY",0.046,0.018,0.004,0.011,0.08,TRUE,"Between",3,1.00111198473034,1.00111198473034
"Intercepts","BETA_YX",0.297,0.016,0,0.266,0.329,TRUE,"Between",3,1.00111198473034,1.00111198473034
"Intercepts","PSI_X",-1.708,0.062,0,-1.826,-1.586,TRUE,"Between",3,1.00111198473034,1.00111198473034
"Intercepts","PSI_Y",-1.409,0.067,0,-1.542,-1.278,TRUE,"Between",3,1.00111198473034,1.00111198473034
