"paramHeader","param","est","posterior_sd","pval","lower_2.5ci","upper_2.5ci","sig","BetweenWithin","mplus_time","rhatMean","rhatLast"
"Intercepts","X",3.081,0.119,0,2.845,3.319,TRUE,"Between",2,1.00228197808526,1.00228197808526
"Intercepts","Y",1.034,0.067,0,0.898,1.165,TRUE,"Between",2,1.00228197808526,1.00228197808526
"Intercepts","PHI_X",0.202,0.015,0,0.171,0.23,TRUE,"Between",2,1.00228197808526,1.00228197808526
"Intercepts","PHI_Y",0.261,0.02,0,0.221,0.301,TRUE,"Between",2,1.00228197808526,1.00228197808526
"Intercepts","PHI_XY",0.032,0.019,0.051,-0.006,0.069,FALSE,"Between",2,1.00228197808526,1.00228197808526
"Intercepts","BETA_YX",0.315,0.015,0,0.286,0.344,TRUE,"Between",2,1.00228197808526,1.00228197808526
"Intercepts","PSI_X",-1.662,0.066,0,-1.794,-1.532,TRUE,"Between",2,1.00228197808526,1.00228197808526
"Intercepts","PSI_Y",-1.315,0.069,0,-1.452,-1.179,TRUE,"Between",2,1.00228197808526,1.00228197808526
