"paramHeader","param","est","posterior_sd","pval","lower_2.5ci","upper_2.5ci","sig","BetweenWithin","mplus_time","rhatMean","rhatLast"
"Intercepts","X",3.01,0.107,0,2.809,3.227,TRUE,"Between",2,1.00248249989618,1.00248249989618
"Intercepts","Y",1.016,0.071,0,0.882,1.161,TRUE,"Between",2,1.00248249989618,1.00248249989618
"Intercepts","PHI_X",0.191,0.017,0,0.157,0.225,TRUE,"Between",2,1.00248249989618,1.00248249989618
"Intercepts","PHI_Y",0.235,0.018,0,0.198,0.271,TRUE,"Between",2,1.00248249989618,1.00248249989618
"Intercepts","PHI_XY",0.063,0.019,0.001,0.025,0.101,TRUE,"Between",2,1.00248249989618,1.00248249989618
"Intercepts","BETA_YX",0.291,0.017,0,0.259,0.325,TRUE,"Between",2,1.00248249989618,1.00248249989618
"Intercepts","PSI_X",-1.712,0.073,0,-1.852,-1.565,TRUE,"Between",2,1.00248249989618,1.00248249989618
"Intercepts","PSI_Y",-1.406,0.058,0,-1.517,-1.287,TRUE,"Between",2,1.00248249989618,1.00248249989618
