"paramHeader","param","est","posterior_sd","pval","lower_2.5ci","upper_2.5ci","sig","BetweenWithin","mplus_time","rhatMean","rhatLast"
"Intercepts","X",2.888,0.104,0,2.678,3.093,TRUE,"Between",2,1.00100928084153,1.00100928084153
"Intercepts","Y",0.932,0.07,0,0.789,1.067,TRUE,"Between",2,1.00100928084153,1.00100928084153
"Intercepts","PHI_X",0.18,0.017,0,0.147,0.212,TRUE,"Between",2,1.00100928084153,1.00100928084153
"Intercepts","PHI_Y",0.26,0.019,0,0.222,0.296,TRUE,"Between",2,1.00100928084153,1.00100928084153
"Intercepts","PHI_XY",0.071,0.02,0,0.032,0.108,TRUE,"Between",2,1.00100928084153,1.00100928084153
"Intercepts","BETA_YX",0.325,0.016,0,0.294,0.356,TRUE,"Between",2,1.00100928084153,1.00100928084153
"Intercepts","PSI_X",-1.632,0.063,0,-1.757,-1.506,TRUE,"Between",2,1.00100928084153,1.00100928084153
"Intercepts","PSI_Y",-1.496,0.063,0,-1.619,-1.373,TRUE,"Between",2,1.00100928084153,1.00100928084153
