"paramHeader","param","est","posterior_sd","pval","lower_2.5ci","upper_2.5ci","sig","BetweenWithin","mplus_time","rhatMean","rhatLast"
"Intercepts","X",2.98,0.129,0,2.732,3.236,TRUE,"Between",3,1.0016863213121,1.0016863213121
"Intercepts","Y",1.022,0.074,0,0.878,1.169,TRUE,"Between",3,1.0016863213121,1.0016863213121
"Intercepts","PHI_X",0.204,0.019,0,0.167,0.239,TRUE,"Between",3,1.0016863213121,1.0016863213121
"Intercepts","PHI_Y",0.237,0.02,0,0.196,0.276,TRUE,"Between",3,1.0016863213121,1.0016863213121
"Intercepts","PHI_XY",0.068,0.017,0,0.036,0.102,TRUE,"Between",3,1.0016863213121,1.0016863213121
"Intercepts","BETA_YX",0.295,0.016,0,0.264,0.327,TRUE,"Between",3,1.0016863213121,1.0016863213121
"Intercepts","PSI_X",-1.574,0.07,0,-1.709,-1.437,TRUE,"Between",3,1.0016863213121,1.0016863213121
"Intercepts","PSI_Y",-1.374,0.072,0,-1.515,-1.231,TRUE,"Between",3,1.0016863213121,1.0016863213121
