"paramHeader","param","est","posterior_sd","pval","lower_2.5ci","upper_2.5ci","sig","BetweenWithin","mplus_time","rhatMean","rhatLast"
"Intercepts","X",3.063,0.116,0,2.836,3.299,TRUE,"Between",2,1.00095121608288,1.00095121608288
"Intercepts","Y",1.02,0.067,0,0.888,1.154,TRUE,"Between",2,1.00095121608288,1.00095121608288
"Intercepts","PHI_X",0.192,0.018,0,0.156,0.225,TRUE,"Between",2,1.00095121608288,1.00095121608288
"Intercepts","PHI_Y",0.271,0.019,0,0.235,0.308,TRUE,"Between",2,1.00095121608288,1.00095121608288
"Intercepts","PHI_XY",0.054,0.018,0.002,0.017,0.088,TRUE,"Between",2,1.00095121608288,1.00095121608288
"Intercepts","BETA_YX",0.3,0.018,0,0.266,0.336,TRUE,"Between",2,1.00095121608288,1.00095121608288
"Intercepts","PSI_X",-1.563,0.066,0,-1.692,-1.431,TRUE,"Between",2,1.00095121608288,1.00095121608288
"Intercepts","PSI_Y",-1.343,0.069,0,-1.481,-1.207,TRUE,"Between",2,1.00095121608288,1.00095121608288
