"paramHeader","param","est","posterior_sd","pval","lower_2.5ci","upper_2.5ci","sig","BetweenWithin","mplus_time","rhatMean","rhatLast"
"Intercepts","X",3.098,0.107,0,2.879,3.302,TRUE,"Between",3,1.00253627153498,1.00253627153498
"Intercepts","Y",1.045,0.069,0,0.899,1.177,TRUE,"Between",3,1.00253627153498,1.00253627153498
"Intercepts","PHI_X",0.179,0.018,0,0.143,0.215,TRUE,"Between",3,1.00253627153498,1.00253627153498
"Intercepts","PHI_Y",0.248,0.018,0,0.214,0.285,TRUE,"Between",3,1.00253627153498,1.00253627153498
"Intercepts","PHI_XY",0.065,0.02,0.001,0.026,0.103,TRUE,"Between",3,1.00253627153498,1.00253627153498
"Intercepts","BETA_YX",0.315,0.016,0,0.284,0.346,TRUE,"Between",3,1.00253627153498,1.00253627153498
"Intercepts","PSI_X",-1.668,0.068,0,-1.804,-1.536,TRUE,"Between",3,1.00253627153498,1.00253627153498
"Intercepts","PSI_Y",-1.427,0.062,0,-1.554,-1.305,TRUE,"Between",3,1.00253627153498,1.00253627153498
