"paramHeader","param","est","posterior_sd","pval","lower_2.5ci","upper_2.5ci","sig","BetweenWithin","mplus_time","rhatMean","rhatLast"
"Intercepts","X",3.148,0.125,0,2.908,3.395,TRUE,"Between",3,1.00116914316304,1.00116914316304
"Intercepts","Y",1.096,0.075,0,0.95,1.243,TRUE,"Between",3,1.00116914316304,1.00116914316304
"Intercepts","PHI_X",0.202,0.018,0,0.167,0.236,TRUE,"Between",3,1.00116914316304,1.00116914316304
"Intercepts","PHI_Y",0.266,0.019,0,0.229,0.303,TRUE,"Between",3,1.00116914316304,1.00116914316304
"Intercepts","PHI_XY",0.036,0.018,0.021,0.002,0.071,TRUE,"Between",3,1.00116914316304,1.00116914316304
"Intercepts","BETA_YX",0.294,0.016,0,0.261,0.326,TRUE,"Between",3,1.00116914316304,1.00116914316304
"Intercepts","PSI_X",-1.587,0.065,0,-1.713,-1.463,TRUE,"Between",3,1.00116914316304,1.00116914316304
"Intercepts","PSI_Y",-1.408,0.063,0,-1.533,-1.283,TRUE,"Between",3,1.00116914316304,1.00116914316304
