"parameter","outer_width","inner_width","point_est","ll","l","m","h","hh","time","rhat"
"gamma[1]",0.95,0.5,"mean",2.76638775,2.97831,3.08125627875,3.185095,3.39442625,15,1.00156604489094
"gamma[2]",0.95,0.5,"mean",0.7873209,0.89639875,0.95541734375,1.01383,1.12719475,15,1.00156604489094
"gamma[3]",0.95,0.5,"mean",0.11731415,0.14628075,0.161532574725,0.176966,0.205513275,15,1.00156604489094
"gamma[4]",0.95,0.5,"mean",0.2337156,0.26652175,0.28347897075,0.30016975,0.3318892,15,1.00156604489094
"gamma[5]",0.95,0.5,"mean",-0.0189268875,0.017456275,0.0356791992191125,0.05386115,0.0899818399999999,15,1.00156604489094
"gamma[6]",0.95,0.5,"mean",0.2442238,0.285438,0.30651892525,0.327269,0.36791555,15,1.00156604489094
"gamma[7]",0.95,0.5,"mean",-1.81352375,-1.66334,-1.58901757625,-1.51259,-1.367277,15,1.00156604489094
"gamma[8]",0.95,0.5,"mean",-1.71121425,-1.5803125,-1.51560838,-1.449575,-1.32385825,15,1.00156604489094
