"parameter","outer_width","inner_width","point_est","ll","l","m","h","hh","time","rhat"
"gamma[1]",0.95,0.5,"mean",2.7344935,2.899955,2.98042633,3.0595,3.219646,13,1.00185140360309
"gamma[2]",0.95,0.5,"mean",0.792444825,0.8996965,0.96138820075,1.021675,1.14458425,13,1.00185140360309
"gamma[3]",0.95,0.5,"mean",0.126832925,0.158099,0.1733107383875,0.18874925,0.218310125,13,1.00185140360309
"gamma[4]",0.95,0.5,"mean",0.2067928,0.24279725,0.26124071375,0.2797085,0.315540575,13,1.00185140360309
"gamma[5]",0.95,0.5,"mean",0.018382545,0.05768365,0.076369025197,0.095356275,0.1310168,13,1.00185140360309
"gamma[6]",0.95,0.5,"mean",0.28958965,0.32862075,0.349189542,0.36983,0.41045565,13,1.00185140360309
"gamma[7]",0.95,0.5,"mean",-1.976121,-1.8132825,-1.733341245,-1.6516175,-1.5013805,13,1.00185140360309
"gamma[8]",0.95,0.5,"mean",-1.50719525,-1.3618725,-1.289357656625,-1.2175075,-1.0726195,13,1.00185140360309
