"parameter","outer_width","inner_width","point_est","ll","l","m","h","hh","time","rhat"
"gamma[1]",0.95,0.5,"mean",2.73201775,2.881285,2.9680233325,3.0528275,3.2106905,14,1.00130604133198
"gamma[2]",0.95,0.5,"mean",0.898757275,0.997101,1.049948138375,1.1029575,1.2029315,14,1.00130604133198
"gamma[3]",0.95,0.5,"mean",0.173228325,0.20317675,0.2186977125,0.23384275,0.263551925,14,1.00130604133198
"gamma[4]",0.95,0.5,"mean",0.200358325,0.2310345,0.247073971,0.2631945,0.2941115,14,1.00130604133198
"gamma[5]",0.95,0.5,"mean",-0.010157295,0.030465325,0.051743653935275,0.0731798,0.112808025,14,1.00130604133198
"gamma[6]",0.95,0.5,"mean",0.20379725,0.23726425,0.254470117625,0.27167175,0.304991175,14,1.00130604133198
"gamma[7]",0.95,0.5,"mean",-2.1514085,-2.015765,-1.94500255875,-1.87265,-1.73953975,14,1.00130604133198
"gamma[8]",0.95,0.5,"mean",-1.60814025,-1.47852,-1.40772938,-1.3376425,-1.2026815,14,1.00130604133198
