"parameter","outer_width","inner_width","point_est","ll","l","m","h","hh","time","rhat"
"gamma[1]",0.95,0.5,"mean",2.60503775,2.767925,2.8560289775,2.94417,3.11546475,16,1.00159765515123
"gamma[2]",0.95,0.5,"mean",0.881903725,0.9945165,1.05343790175,1.1121025,1.22351625,16,1.00159765515123
"gamma[3]",0.95,0.5,"mean",0.163935925,0.19227975,0.206152342125,0.220131,0.247697925,16,1.00159765515123
"gamma[4]",0.95,0.5,"mean",0.2062739,0.2376305,0.2536777175,0.26997725,0.3012003,16,1.00159765515123
"gamma[5]",0.95,0.5,"mean",0.0233893575,0.054969125,0.0713160666835,0.087742425,0.119877825,16,1.00159765515123
"gamma[6]",0.95,0.5,"mean",0.2508508,0.29367475,0.316382865125,0.33876125,0.382737825,16,1.00159765515123
"gamma[7]",0.95,0.5,"mean",-1.85421575,-1.716125,-1.643787525,-1.57246,-1.4329575,16,1.00159765515123
"gamma[8]",0.95,0.5,"mean",-1.68505675,-1.53844,-1.4641449975,-1.38949,-1.24701975,16,1.00159765515123
