"parameter","outer_width","inner_width","point_est","ll","l","m","h","hh","time","rhat"
"gamma[1]",0.95,0.5,"mean",2.71157325,2.8959575,2.988791105,3.07953,3.26866425,16,1.00123566247795
"gamma[2]",0.95,0.5,"mean",0.8498631,0.96463725,1.017903789875,1.0718125,1.17379225,16,1.00123566247795
"gamma[3]",0.95,0.5,"mean",0.1968966,0.22395925,0.23812986,0.252256,0.279637225,16,1.00123566247795
"gamma[4]",0.95,0.5,"mean",0.176203825,0.203467,0.217303579375,0.23110725,0.2566594,16,1.00123566247795
"gamma[5]",0.95,0.5,"mean",0.0160946825,0.051935225,0.0704495887536875,0.088823775,0.1257405,16,1.00123566247795
"gamma[6]",0.95,0.5,"mean",0.231590475,0.27143625,0.290687959125,0.3103765,0.3481944,16,1.00123566247795
"gamma[7]",0.95,0.5,"mean",-1.839754,-1.70053,-1.6298713625,-1.5573875,-1.42849,16,1.00123566247795
"gamma[8]",0.95,0.5,"mean",-1.475373,-1.3480375,-1.28150770225,-1.21533,-1.0872195,16,1.00123566247795
