"parameter","outer_width","inner_width","point_est","ll","l","m","h","hh","time","rhat"
"gamma[1]",0.95,0.5,"mean",2.80874375,3.0005275,3.11764608875,3.2291425,3.4502205,13,1.00335070487074
"gamma[2]",0.95,0.5,"mean",0.86287605,0.96345425,1.0163726995,1.0688175,1.16970875,13,1.00335070487074
"gamma[3]",0.95,0.5,"mean",0.140736975,0.172031,0.1883969647375,0.204526,0.23653045,13,1.00335070487074
"gamma[4]",0.95,0.5,"mean",0.207078775,0.23622275,0.25080409825,0.26559375,0.292379775,13,1.00335070487074
"gamma[5]",0.95,0.5,"mean",-0.03386945,0.00064108575,0.018552753912725,0.03680875,0.0715624875,13,1.00335070487074
"gamma[6]",0.95,0.5,"mean",0.279611975,0.3143895,0.33282448275,0.3512915,0.38642405,13,1.00335070487074
"gamma[7]",0.95,0.5,"mean",-1.99508275,-1.8701975,-1.80407869875,-1.73863,-1.6118785,13,1.00335070487074
"gamma[8]",0.95,0.5,"mean",-1.66909075,-1.5388575,-1.471529455,-1.403115,-1.27385925,13,1.00335070487074
