"parameter","outer_width","inner_width","point_est","ll","l","m","h","hh","time","rhat"
"gamma[1]",0.95,0.5,"mean",2.8090005,2.9861625,3.08893054875,3.1893675,3.36816475,14,1.00269118593405
"gamma[2]",0.95,0.5,"mean",0.825466875,0.93063525,0.98490789975,1.039685,1.14207775,14,1.00269118593405
"gamma[3]",0.95,0.5,"mean",0.15247275,0.175092,0.18610784125,0.19714725,0.220155025,14,1.00269118593405
"gamma[4]",0.95,0.5,"mean",0.1830768,0.213143,0.228190725375,0.24331325,0.272276775,14,1.00269118593405
"gamma[5]",0.95,0.5,"mean",0.00911761925,0.04270225,0.060730569439125,0.078326025,0.11152565,14,1.00269118593405
"gamma[6]",0.95,0.5,"mean",0.18550315,0.228767,0.250143688,0.2719295,0.31480775,14,1.00269118593405
"gamma[7]",0.95,0.5,"mean",-1.75493325,-1.60918,-1.53143517625,-1.4545275,-1.3044005,14,1.00269118593405
"gamma[8]",0.95,0.5,"mean",-1.734421,-1.5956025,-1.52344198625,-1.45111,-1.3135955,14,1.00269118593405
