"parameter","outer_width","inner_width","point_est","ll","l","m","h","hh","time","rhat"
"gamma[1]",0.95,0.5,"mean",2.91106475,3.0911325,3.179387675,3.268425,3.455308,13,1.00101735695044
"gamma[2]",0.95,0.5,"mean",0.8008215,0.89875625,0.949361586875,1.0003025,1.1008395,13,1.00101735695044
"gamma[3]",0.95,0.5,"mean",0.155053425,0.1858575,0.2025627215,0.21905025,0.25097305,13,1.00101735695044
"gamma[4]",0.95,0.5,"mean",0.219538825,0.25188275,0.267839966375,0.28405925,0.31428305,13,1.00101735695044
"gamma[5]",0.95,0.5,"mean",-0.0177803575,0.01700695,0.0350302495049125,0.053169375,0.087872015,13,1.00101735695044
"gamma[6]",0.95,0.5,"mean",0.2437538,0.27648775,0.293341627875,0.31047075,0.343913425,13,1.00101735695044
"gamma[7]",0.95,0.5,"mean",-1.73877075,-1.6056425,-1.53351974875,-1.4618525,-1.3274565,13,1.00101735695044
"gamma[8]",0.95,0.5,"mean",-1.606142,-1.468625,-1.39582194975,-1.323385,-1.17673725,13,1.00101735695044
