"parameter","outer_width","inner_width","point_est","ll","l","m","h","hh","time","rhat"
"gamma[1]",0.95,0.5,"mean",2.59413075,2.765025,2.85604921375,2.9473025,3.12518325,15,1.00312426562397
"gamma[2]",0.95,0.5,"mean",0.8754731,0.97898025,1.03753474975,1.0966475,1.20713675,15,1.00312426562397
"gamma[3]",0.95,0.5,"mean",0.158096775,0.18557325,0.200895122875,0.21583125,0.24545315,15,1.00312426562397
"gamma[4]",0.95,0.5,"mean",0.16430495,0.19667225,0.213336328875,0.2297395,0.26238445,15,1.00312426562397
"gamma[5]",0.95,0.5,"mean",-0.0118462125,0.022012325,0.038563873657725,0.05567415,0.08719576,15,1.00312426562397
"gamma[6]",0.95,0.5,"mean",0.254514875,0.29602775,0.317919868625,0.339683,0.3831928,15,1.00312426562397
"gamma[7]",0.95,0.5,"mean",-1.88666,-1.738945,-1.6654545575,-1.59007,-1.45250175,15,1.00312426562397
"gamma[8]",0.95,0.5,"mean",-1.75771825,-1.621665,-1.55308925,-1.4849825,-1.35503875,15,1.00312426562397
