"parameter","outer_width","inner_width","point_est","ll","l","m","h","hh","time","rhat"
"gamma[1]",0.95,0.5,"mean",2.42329775,2.6149625,2.7246783925,2.8302925,3.02848,14,1.00217021818726
"gamma[2]",0.95,0.5,"mean",0.84008395,0.94186975,0.9921881525,1.0426925,1.1403105,14,1.00217021818726
"gamma[3]",0.95,0.5,"mean",0.1754095,0.20770325,0.223598259875,0.2397865,0.270827325,14,1.00217021818726
"gamma[4]",0.95,0.5,"mean",0.239288,0.2697575,0.2854678975,0.30128425,0.332436425,14,1.00217021818726
"gamma[5]",0.95,0.5,"mean",-0.0103725275,0.023022275,0.0406215679219875,0.058089325,0.0919741324999999,14,1.00217021818726
"gamma[6]",0.95,0.5,"mean",0.279085975,0.31260325,0.330473345875,0.3481585,0.38258855,14,1.00217021818726
"gamma[7]",0.95,0.5,"mean",-1.92193125,-1.7788475,-1.70750465625,-1.6344275,-1.49698,14,1.00217021818726
"gamma[8]",0.95,0.5,"mean",-1.717134,-1.5743325,-1.49676233,-1.4201175,-1.27471925,14,1.00217021818726
