"parameter","outer_width","inner_width","point_est","ll","l","m","h","hh","time","rhat"
"gamma[1]",0.95,0.5,"mean",2.814545,3.0133725,3.11223172625,3.2109925,3.39943925,19,1.00213696120143
"gamma[2]",0.95,0.5,"mean",0.801951875,0.9161675,0.97464139425,1.0337525,1.149601,19,1.00213696120143
"gamma[3]",0.95,0.5,"mean",0.1442997,0.17127925,0.1854573486625,0.19952325,0.2272363,19,1.00213696120143
"gamma[4]",0.95,0.5,"mean",0.215466625,0.24143275,0.256573797375,0.2714935,0.299505625,19,1.00213696120143
"gamma[5]",0.95,0.5,"mean",-0.01759125,0.02109925,0.0397792890870375,0.058439125,0.0952061774999999,19,1.00213696120143
"gamma[6]",0.95,0.5,"mean",0.2388659,0.2788425,0.299763392625,0.3205375,0.3614631,19,1.00213696120143
"gamma[7]",0.95,0.5,"mean",-1.96943225,-1.822845,-1.74527771375,-1.6688075,-1.51759825,19,1.00213696120143
"gamma[8]",0.95,0.5,"mean",-1.70192025,-1.55999,-1.48743486375,-1.4160375,-1.27797525,19,1.00213696120143
