"parameter","outer_width","inner_width","point_est","ll","l","m","h","hh","time","rhat"
"gamma[1]",0.95,0.5,"mean",2.89003275,3.0612,3.15460809125,3.244775,3.449601,14,1.00142577558132
"gamma[2]",0.95,0.5,"mean",0.8322361,0.93511725,0.987454159,1.040615,1.1428465,14,1.00142577558132
"gamma[3]",0.95,0.5,"mean",0.154499475,0.18756025,0.2042713045,0.22136325,0.2536371,14,1.00142577558132
"gamma[4]",0.95,0.5,"mean",0.18888995,0.21778725,0.232948210875,0.24771525,0.277010625,14,1.00142577558132
"gamma[5]",0.95,0.5,"mean",0.00454497100000001,0.03768915,0.0553499942129,0.07297735,0.1074911,14,1.00142577558132
"gamma[6]",0.95,0.5,"mean",0.2482032,0.2891295,0.30995129425,0.330892,0.370165325,14,1.00142577558132
"gamma[7]",0.95,0.5,"mean",-1.62945075,-1.493025,-1.42243832625,-1.35015,-1.2152555,14,1.00142577558132
"gamma[8]",0.95,0.5,"mean",-1.73215075,-1.58234,-1.50141508375,-1.421865,-1.26433875,14,1.00142577558132
