"parameter","outer_width","inner_width","point_est","ll","l","m","h","hh","time","rhat"
"gamma[1]",0.95,0.5,"mean",2.7713,2.9468475,3.042990555,3.136745,3.32907975,13,1.00164242689538
"gamma[2]",0.95,0.5,"mean",0.973229825,1.0707075,1.123263029125,1.1753,1.2796985,13,1.00164242689538
"gamma[3]",0.95,0.5,"mean",0.17646615,0.20937,0.226109190125,0.242805,0.2767714,13,1.00164242689538
"gamma[4]",0.95,0.5,"mean",0.218590675,0.25371275,0.27110791,0.2888515,0.323139825,13,1.00164242689538
"gamma[5]",0.95,0.5,"mean",-0.0224436875,0.012158975,0.030055830678325,0.04783795,0.08208888,13,1.00164242689538
"gamma[6]",0.95,0.5,"mean",0.262154325,0.30372775,0.3237170135,0.343957,0.384117075,13,1.00164242689538
"gamma[7]",0.95,0.5,"mean",-1.7982655,-1.6628975,-1.59340053125,-1.5243975,-1.38914,13,1.00164242689538
"gamma[8]",0.95,0.5,"mean",-1.733237,-1.56485,-1.4792254875,-1.39421,-1.22832125,13,1.00164242689538
