"parameter","outer_width","inner_width","point_est","ll","l","m","h","hh","time","rhat"
"gamma[1]",0.95,0.5,"mean",2.44085725,2.630675,2.727586315,2.8232075,3.017017,13,1.00123751591172
"gamma[2]",0.95,0.5,"mean",0.80703955,0.91497925,0.96958513025,1.0251775,1.12371325,13,1.00123751591172
"gamma[3]",0.95,0.5,"mean",0.163841775,0.1912365,0.20524068225,0.21930825,0.2461216,13,1.00123751591172
"gamma[4]",0.95,0.5,"mean",0.2538959,0.286538,0.30319600025,0.31960125,0.352127275,13,1.00123751591172
"gamma[5]",0.95,0.5,"mean",-0.036752475,0.00023817375,0.0197430135165747,0.039558625,0.07593385,13,1.00123751591172
"gamma[6]",0.95,0.5,"mean",0.30893985,0.3408945,0.35736432325,0.373824,0.406126425,13,1.00123751591172
"gamma[7]",0.95,0.5,"mean",-1.93339275,-1.80104,-1.73402131625,-1.6659375,-1.5318485,13,1.00123751591172
"gamma[8]",0.95,0.5,"mean",-1.5373035,-1.3932275,-1.32196779475,-1.2486075,-1.11047875,13,1.00123751591172
