"parameter","outer_width","inner_width","point_est","ll","l","m","h","hh","time","rhat"
"gamma[1]",0.95,0.5,"mean",2.7240085,2.94043,3.04648185,3.15414,3.355423,18,1.00252408069489
"gamma[2]",0.95,0.5,"mean",0.814005325,0.92226525,0.981320918375,1.0414575,1.15445475,18,1.00252408069489
"gamma[3]",0.95,0.5,"mean",0.140293575,0.1681355,0.182112278475,0.19620775,0.2234011,18,1.00252408069489
"gamma[4]",0.95,0.5,"mean",0.25301545,0.28278675,0.2973982095,0.31242025,0.341184475,18,1.00252408069489
"gamma[5]",0.95,0.5,"mean",0.00353932625000001,0.036725125,0.054161040603475,0.071306875,0.106038475,18,1.00252408069489
"gamma[6]",0.95,0.5,"mean",0.2020645,0.24570325,0.268920202625,0.291609,0.3369451,18,1.00252408069489
"gamma[7]",0.95,0.5,"mean",-1.76803025,-1.6359225,-1.56657581625,-1.4948675,-1.36628025,18,1.00252408069489
"gamma[8]",0.95,0.5,"mean",-1.70741025,-1.583355,-1.5194725325,-1.45676,-1.32516,18,1.00252408069489
