"parameter","outer_width","inner_width","point_est","ll","l","m","h","hh","time","rhat"
"gamma[1]",0.95,0.5,"mean",2.6355295,2.8140025,2.90092596625,2.988205,3.16103225,14,1.00181187555522
"gamma[2]",0.95,0.5,"mean",0.686680975,0.7968515,0.85031856775,0.9059525,1.00763275,14,1.00181187555522
"gamma[3]",0.95,0.5,"mean",0.16631795,0.193212,0.20750330425,0.221637,0.248229025,14,1.00181187555522
"gamma[4]",0.95,0.5,"mean",0.232392675,0.26091775,0.275723787125,0.290902,0.318994975,14,1.00181187555522
"gamma[5]",0.95,0.5,"mean",0.0024687365,0.0374307,0.0553302635755375,0.0734329,0.1078075,14,1.00181187555522
"gamma[6]",0.95,0.5,"mean",0.219712225,0.26033825,0.281883426,0.3035075,0.343453,14,1.00181187555522
"gamma[7]",0.95,0.5,"mean",-1.647341,-1.507435,-1.433252068125,-1.35727,-1.2196295,14,1.00181187555522
"gamma[8]",0.95,0.5,"mean",-1.52768775,-1.390835,-1.314538540375,-1.240005,-1.095817,14,1.00181187555522
