"parameter","outer_width","inner_width","point_est","ll","l","m","h","hh","time","rhat"
"gamma[1]",0.95,0.5,"mean",2.789804,2.988185,3.0868754575,3.185245,3.37468525,13,1.00224648814812
"gamma[2]",0.95,0.5,"mean",0.8313315,0.93453225,0.98767873925,1.0409675,1.14420075,13,1.00224648814812
"gamma[3]",0.95,0.5,"mean",0.1680233,0.194483,0.20857199425,0.2224675,0.24996605,13,1.00224648814812
"gamma[4]",0.95,0.5,"mean",0.2046263,0.23294125,0.247453870125,0.26190175,0.2899207,13,1.00224648814812
"gamma[5]",0.95,0.5,"mean",0.00534068050000001,0.036091325,0.0517580310243325,0.067677475,0.09791079,13,1.00224648814812
"gamma[6]",0.95,0.5,"mean",0.161335525,0.199663,0.2199015340125,0.23989225,0.27801775,13,1.00224648814812
"gamma[7]",0.95,0.5,"mean",-1.7365505,-1.606075,-1.54007950125,-1.47298,-1.347867,13,1.00224648814812
"gamma[8]",0.95,0.5,"mean",-1.600713,-1.4680575,-1.40031398225,-1.33213,-1.2038285,13,1.00224648814812
