"parameter","outer_width","inner_width","point_est","ll","l","m","h","hh","time","rhat"
"gamma[1]",0.95,0.5,"mean",2.62869,2.82305,2.91147394375,2.9997,3.171262,13,1.00120669268852
"gamma[2]",0.95,0.5,"mean",1.012347,1.098865,1.145902381375,1.191905,1.28171025,13,1.00120669268852
"gamma[3]",0.95,0.5,"mean",0.1971354,0.226237,0.24105456925,0.25609925,0.2843517,13,1.00120669268852
"gamma[4]",0.95,0.5,"mean",0.212934975,0.24506925,0.260491508625,0.2761485,0.30630335,13,1.00120669268852
"gamma[5]",0.95,0.5,"mean",0.0109657225,0.0443319,0.061321530335925,0.078763825,0.110457475,13,1.00120669268852
"gamma[6]",0.95,0.5,"mean",0.247717625,0.28708025,0.30746530925,0.32745,0.36627395,13,1.00120669268852
"gamma[7]",0.95,0.5,"mean",-1.85312575,-1.7267375,-1.6616056325,-1.5975875,-1.47435625,13,1.00120669268852
"gamma[8]",0.95,0.5,"mean",-1.70463075,-1.583425,-1.51838421125,-1.4526975,-1.3321095,13,1.00120669268852
