"parameter","outer_width","inner_width","point_est","ll","l","m","h","hh","time","rhat"
"gamma[1]",0.95,0.5,"mean",2.64935475,2.83396,2.93406548,3.03655,3.2123205,15,1.00133843305448
"gamma[2]",0.95,0.5,"mean",0.730258225,0.84331425,0.894847365125,0.9490405,1.04775175,15,1.00133843305448
"gamma[3]",0.95,0.5,"mean",0.1830075,0.2118185,0.22715650975,0.24217825,0.271623925,15,1.00133843305448
"gamma[4]",0.95,0.5,"mean",0.217950075,0.2477345,0.263330142875,0.2788575,0.307835425,15,1.00133843305448
"gamma[5]",0.95,0.5,"mean",0.00835298400000001,0.046290075,0.0661546245597025,0.086026675,0.1243218,15,1.00133843305448
"gamma[6]",0.95,0.5,"mean",0.255691575,0.2968895,0.317700906625,0.33887825,0.3782209,15,1.00133843305448
"gamma[7]",0.95,0.5,"mean",-1.89117975,-1.74105,-1.66770356125,-1.59323,-1.450143,15,1.00133843305448
"gamma[8]",0.95,0.5,"mean",-1.85746025,-1.7033975,-1.62542396375,-1.545885,-1.3972565,15,1.00133843305448
