"parameter","outer_width","inner_width","point_est","ll","l","m","h","hh","time","rhat"
"gamma[1]",0.95,0.5,"mean",2.84884875,3.0676625,3.16776659,3.267435,3.47503325,16,1.00230696563138
"gamma[2]",0.95,0.5,"mean",0.91114535,1.024435,1.080307832875,1.1366125,1.252241,16,1.00230696563138
"gamma[3]",0.95,0.5,"mean",0.11786725,0.14631775,0.1604258644875,0.1749685,0.202040675,16,1.00230696563138
"gamma[4]",0.95,0.5,"mean",0.22101115,0.24609125,0.258960619,0.27181525,0.29635675,16,1.00230696563138
"gamma[5]",0.95,0.5,"mean",0.035294045,0.06833135,0.0852588737475,0.102062,0.13521405,16,1.00230696563138
"gamma[6]",0.95,0.5,"mean",0.2511282,0.28714625,0.305939203375,0.32491975,0.3610529,16,1.00230696563138
"gamma[7]",0.95,0.5,"mean",-1.69211225,-1.5696225,-1.5046758075,-1.4400275,-1.31337,16,1.00230696563138
"gamma[8]",0.95,0.5,"mean",-1.54458375,-1.40212,-1.330864090125,-1.2601375,-1.1204995,16,1.00230696563138
