"parameter","outer_width","inner_width","point_est","ll","l","m","h","hh","time","rhat"
"gamma[1]",0.95,0.5,"mean",2.5737465,2.7732275,2.8779415625,2.98002,3.17933675,13,1.00171513031409
"gamma[2]",0.95,0.5,"mean",0.868967175,0.966333,1.020225869625,1.07051,1.184412,13,1.00171513031409
"gamma[3]",0.95,0.5,"mean",0.11530385,0.14526875,0.1599357512,0.17489125,0.20299125,13,1.00171513031409
"gamma[4]",0.95,0.5,"mean",0.187160325,0.2202365,0.23736490025,0.2547935,0.287769175,13,1.00171513031409
"gamma[5]",0.95,0.5,"mean",0.018879555,0.055947525,0.074886446922875,0.093751775,0.131402425,13,1.00171513031409
"gamma[6]",0.95,0.5,"mean",0.25961045,0.293964,0.312460523125,0.33100125,0.365810675,13,1.00171513031409
"gamma[7]",0.95,0.5,"mean",-1.8476025,-1.716135,-1.6449171525,-1.5754575,-1.4349095,13,1.00171513031409
"gamma[8]",0.95,0.5,"mean",-1.59648225,-1.4747,-1.408964115,-1.34525,-1.22046225,13,1.00171513031409
