"parameter","outer_width","inner_width","point_est","ll","l","m","h","hh","time","rhat"
"gamma[1]",0.95,0.5,"mean",2.783386,2.9750375,3.071460305,3.1720975,3.3416155,14,1.00267741738845
"gamma[2]",0.95,0.5,"mean",0.7723056,0.875743,0.929101396,0.98284775,1.0900105,14,1.00267741738845
"gamma[3]",0.95,0.5,"mean",0.130968475,0.160065,0.1750200267375,0.19018275,0.220044975,14,1.00267741738845
"gamma[4]",0.95,0.5,"mean",0.250517775,0.27935575,0.293778101,0.3086245,0.335324475,14,1.00267741738845
"gamma[5]",0.95,0.5,"mean",-0.032065215,0.0052610925,0.0244461258967625,0.043635325,0.0800326525,14,1.00267741738845
"gamma[6]",0.95,0.5,"mean",0.28749975,0.32093875,0.339198601125,0.35737475,0.392209275,14,1.00267741738845
"gamma[7]",0.95,0.5,"mean",-1.8027345,-1.6563275,-1.58536840125,-1.512825,-1.37053325,14,1.00267741738845
"gamma[8]",0.95,0.5,"mean",-1.496862,-1.3548125,-1.2824486165,-1.2099675,-1.07114925,14,1.00267741738845
