"parameter","outer_width","inner_width","point_est","ll","l","m","h","hh","time","rhat"
"gamma[1]",0.95,0.5,"mean",2.797089,2.9767275,3.07740293875,3.1741875,3.3653225,13,1.00140576591875
"gamma[2]",0.95,0.5,"mean",0.798025,0.903149,0.958947126875,1.013865,1.12024225,13,1.00140576591875
"gamma[3]",0.95,0.5,"mean",0.0953503825,0.12933275,0.1472168632,0.165064,0.198462375,13,1.00140576591875
"gamma[4]",0.95,0.5,"mean",0.24293275,0.27600075,0.292513113625,0.3093925,0.341717925,13,1.00140576591875
"gamma[5]",0.95,0.5,"mean",-0.0570206025,-0.021377575,-0.00327196880677625,0.014724275,0.048874335,13,1.00140576591875
"gamma[6]",0.95,0.5,"mean",0.209664225,0.24927025,0.2689763665,0.28882575,0.327065775,13,1.00140576591875
"gamma[7]",0.95,0.5,"mean",-1.8201535,-1.67577,-1.60480036,-1.533015,-1.3916305,13,1.00140576591875
"gamma[8]",0.95,0.5,"mean",-1.80179425,-1.6639825,-1.5948211225,-1.525095,-1.39567875,13,1.00140576591875
