"parameter","outer_width","inner_width","point_est","ll","l","m","h","hh","time","rhat"
"gamma[1]",0.95,0.5,"mean",2.9145095,3.119535,3.21827351625,3.320555,3.51417175,13,1.0018166533348
"gamma[2]",0.95,0.5,"mean",0.886310225,1.0042075,1.065199949125,1.1249,1.2490845,13,1.0018166533348
"gamma[3]",0.95,0.5,"mean",0.147146375,0.18114375,0.1970640458125,0.213305,0.245315225,13,1.0018166533348
"gamma[4]",0.95,0.5,"mean",0.21174415,0.24103425,0.255625422375,0.270029,0.298478175,13,1.0018166533348
"gamma[5]",0.95,0.5,"mean",-0.00435126474999999,0.029244825,0.0468565625771125,0.064305825,0.098708035,13,1.0018166533348
"gamma[6]",0.95,0.5,"mean",0.255110425,0.288693,0.3071455035,0.32488425,0.360230425,13,1.0018166533348
"gamma[7]",0.95,0.5,"mean",-1.682856,-1.5296975,-1.451779859875,-1.3717175,-1.22189625,13,1.0018166533348
"gamma[8]",0.95,0.5,"mean",-1.52791175,-1.404195,-1.336583933625,-1.2706725,-1.13679975,13,1.0018166533348
