"parameter","outer_width","inner_width","point_est","ll","l","m","h","hh","time","rhat"
"gamma[1]",0.95,0.5,"mean",2.758827,2.956975,3.04997694,3.1465825,3.330783,14,1.00157129459833
"gamma[2]",0.95,0.5,"mean",0.725416525,0.83661975,0.896644159,0.95634,1.06937025,14,1.00157129459833
"gamma[3]",0.95,0.5,"mean",0.15316055,0.18136,0.196020631875,0.21071475,0.23920445,14,1.00157129459833
"gamma[4]",0.95,0.5,"mean",0.192331175,0.223908,0.240730995625,0.257076,0.2904487,14,1.00157129459833
"gamma[5]",0.95,0.5,"mean",0.01701352,0.052391075,0.070847807168125,0.089246275,0.125821575,14,1.00157129459833
"gamma[6]",0.95,0.5,"mean",0.259549325,0.30178775,0.322641481,0.34358775,0.385138375,14,1.00157129459833
"gamma[7]",0.95,0.5,"mean",-1.53727475,-1.395385,-1.32735424025,-1.25779,-1.121885,14,1.00157129459833
"gamma[8]",0.95,0.5,"mean",-1.59660175,-1.459845,-1.387558891,-1.3146425,-1.172264,14,1.00157129459833
