"parameter","outer_width","inner_width","point_est","ll","l","m","h","hh","time","rhat"
"gamma[1]",0.95,0.5,"mean",2.7282815,2.8834425,2.96645992375,3.04965,3.2097765,13,1.00167370678351
"gamma[2]",0.95,0.5,"mean",0.94672035,1.06352,1.123816931125,1.1842475,1.31088525,13,1.00167370678351
"gamma[3]",0.95,0.5,"mean",0.1624589,0.189206,0.203359796125,0.21736425,0.24385965,13,1.00167370678351
"gamma[4]",0.95,0.5,"mean",0.203862525,0.23618575,0.252413372375,0.26869375,0.300236025,13,1.00167370678351
"gamma[5]",0.95,0.5,"mean",0.0150676225,0.04540745,0.0608059132380625,0.076306725,0.10552005,13,1.00167370678351
"gamma[6]",0.95,0.5,"mean",0.248042375,0.28997075,0.310578308125,0.33155925,0.371327275,13,1.00167370678351
"gamma[7]",0.95,0.5,"mean",-1.72791325,-1.5834875,-1.50959163875,-1.4349075,-1.28790575,13,1.00167370678351
"gamma[8]",0.95,0.5,"mean",-1.67339475,-1.549415,-1.48422385375,-1.4188275,-1.29228125,13,1.00167370678351
