"parameter","outer_width","inner_width","point_est","ll","l","m","h","hh","time","rhat"
"gamma[1]",0.95,0.5,"mean",2.7509095,2.937965,3.03650095625,3.13426,3.33322225,20,1.0035952264118
"gamma[2]",0.95,0.5,"mean",0.77696275,0.86998375,0.913346948,0.95786375,1.04004,20,1.0035952264118
"gamma[3]",0.95,0.5,"mean",0.1406874,0.16512375,0.178164705875,0.19071575,0.21566375,20,1.0035952264118
"gamma[4]",0.95,0.5,"mean",0.1654089,0.197179,0.213969555625,0.2306365,0.262611075,20,1.0035952264118
"gamma[5]",0.95,0.5,"mean",-0.00870158699999997,0.028300575,0.0478282410366625,0.067207675,0.1050861,20,1.0035952264118
"gamma[6]",0.95,0.5,"mean",0.19718,0.23709075,0.2570128675,0.27701025,0.3157188,20,1.0035952264118
"gamma[7]",0.95,0.5,"mean",-1.875651,-1.7133275,-1.637673585,-1.5601225,-1.40836875,20,1.0035952264118
"gamma[8]",0.95,0.5,"mean",-1.7481525,-1.6081475,-1.5332912625,-1.45887,-1.31935775,20,1.0035952264118
