"parameter","outer_width","inner_width","point_est","ll","l","m","h","hh","time","rhat"
"gamma[1]",0.95,0.5,"mean",2.602875,2.7871,2.88155686375,2.9714975,3.1723825,16,1.00295326142805
"gamma[2]",0.95,0.5,"mean",0.854579775,0.95023475,0.997408207625,1.0460925,1.13625475,16,1.00295326142805
"gamma[3]",0.95,0.5,"mean",0.175716225,0.203254,0.217479206625,0.23144575,0.259412075,16,1.00295326142805
"gamma[4]",0.95,0.5,"mean",0.1861855,0.2145905,0.2294218515,0.24417425,0.27153315,16,1.00295326142805
"gamma[5]",0.95,0.5,"mean",-0.02592388,0.010422975,0.0293045516358025,0.048437625,0.0842444625,16,1.00295326142805
"gamma[6]",0.95,0.5,"mean",0.27273695,0.3074725,0.32568629475,0.3439305,0.379109225,16,1.00295326142805
"gamma[7]",0.95,0.5,"mean",-1.82344375,-1.6850425,-1.6138430725,-1.54252,-1.40004725,16,1.00295326142805
"gamma[8]",0.95,0.5,"mean",-1.4374715,-1.29891,-1.22672837225,-1.152345,-1.016786,16,1.00295326142805
