"parameter","outer_width","inner_width","point_est","ll","l","m","h","hh","time","rhat"
"gamma[1]",0.95,0.5,"mean",2.53495075,2.6868375,2.77621484875,2.8647175,3.030864,13,1.00105932891377
"gamma[2]",0.95,0.5,"mean",0.726158375,0.845432,0.902264231375,0.9599845,1.07922575,13,1.00105932891377
"gamma[3]",0.95,0.5,"mean",0.192454875,0.217882,0.231363246,0.24505375,0.269637425,13,1.00105932891377
"gamma[4]",0.95,0.5,"mean",0.23407465,0.26518075,0.280871497625,0.2965635,0.327258575,13,1.00105932891377
"gamma[5]",0.95,0.5,"mean",-0.00296099399999999,0.029428925,0.0463948408191463,0.063451325,0.0956758,13,1.00105932891377
"gamma[6]",0.95,0.5,"mean",0.205051925,0.2418205,0.260642543375,0.2795385,0.317322625,13,1.00105932891377
"gamma[7]",0.95,0.5,"mean",-1.8122515,-1.659515,-1.5836005625,-1.507615,-1.364056,13,1.00105932891377
"gamma[8]",0.95,0.5,"mean",-1.83448875,-1.7074725,-1.64458179,-1.5814175,-1.457029,13,1.00105932891377
