"parameter","outer_width","inner_width","point_est","ll","l","m","h","hh","time","rhat"
"gamma[1]",0.95,0.5,"mean",2.731246,2.86595,2.94389248125,3.0210825,3.1693725,11,1.00125362914338
"gamma[2]",0.95,0.5,"mean",0.792676825,0.894489,0.9561663755,1.015745,1.131386,11,1.00125362914338
"gamma[3]",0.95,0.5,"mean",0.138756875,0.167225,0.1823200705,0.197506,0.22583375,11,1.00125362914338
"gamma[4]",0.95,0.5,"mean",0.23173365,0.26521575,0.281316512875,0.29790825,0.329024425,11,1.00125362914338
"gamma[5]",0.95,0.5,"mean",-0.06680003,-0.033124175,-0.0161635233702687,0.0011517725,0.0341383375,11,1.00125362914338
"gamma[6]",0.95,0.5,"mean",0.24450465,0.280597,0.299695552375,0.31868875,0.355023125,11,1.00125362914338
"gamma[7]",0.95,0.5,"mean",-1.86187325,-1.7267825,-1.65997584625,-1.5928075,-1.460489,11,1.00125362914338
"gamma[8]",0.95,0.5,"mean",-1.81935225,-1.681425,-1.60831976375,-1.53615,-1.39215725,11,1.00125362914338
