"parameter","outer_width","inner_width","point_est","ll","l","m","h","hh","time","rhat"
"gamma[1]",0.95,0.5,"mean",2.694367,2.88391,2.98522482375,3.0873025,3.2704505,13,1.00153141138397
"gamma[2]",0.95,0.5,"mean",0.86362555,0.9630905,1.011662609625,1.059375,1.162933,13,1.00153141138397
"gamma[3]",0.95,0.5,"mean",0.112952825,0.14439625,0.16018333425,0.17649,0.2056264,13,1.00153141138397
"gamma[4]",0.95,0.5,"mean",0.189144725,0.22308775,0.2404350965,0.25782725,0.292040075,13,1.00153141138397
"gamma[5]",0.95,0.5,"mean",-0.0499873325,-0.011633475,0.008171629899308,0.027957975,0.0637400075,13,1.00153141138397
"gamma[6]",0.95,0.5,"mean",0.2109838,0.2518445,0.272493877375,0.29329625,0.332205625,13,1.00153141138397
"gamma[7]",0.95,0.5,"mean",-1.676263,-1.539935,-1.4656781075,-1.392335,-1.249019,13,1.00153141138397
"gamma[8]",0.95,0.5,"mean",-1.48367225,-1.3474475,-1.274566287375,-1.201785,-1.061182,13,1.00153141138397
