"parameter","outer_width","inner_width","point_est","ll","l","m","h","hh","time","rhat"
"gamma[1]",0.95,0.5,"mean",2.90443625,3.05608,3.14639083625,3.2352825,3.39702475,19,1.00173606691432
"gamma[2]",0.95,0.5,"mean",0.900528325,0.9905415,1.037351030875,1.084675,1.17008,19,1.00173606691432
"gamma[3]",0.95,0.5,"mean",0.176144475,0.202045,0.215520266625,0.22898675,0.254853775,19,1.00173606691432
"gamma[4]",0.95,0.5,"mean",0.222155975,0.25260325,0.2678642925,0.2834335,0.3124367,19,1.00173606691432
"gamma[5]",0.95,0.5,"mean",-0.027778145,0.0096772325,0.0292685196104537,0.048796875,0.0848037149999999,19,1.00173606691432
"gamma[6]",0.95,0.5,"mean",0.241819675,0.282678,0.302896813,0.32302125,0.361157925,19,1.00173606691432
"gamma[7]",0.95,0.5,"mean",-1.9650415,-1.820855,-1.7444497925,-1.66763,-1.52507725,19,1.00173606691432
"gamma[8]",0.95,0.5,"mean",-1.486176,-1.3397925,-1.266230486125,-1.18944,-1.0558085,19,1.00173606691432
