"parameter","outer_width","inner_width","point_est","ll","l","m","h","hh","time","rhat"
"gamma[1]",0.95,0.5,"mean",2.90707675,3.1083275,3.21391840625,3.319535,3.522596,17,1.00228509212219
"gamma[2]",0.95,0.5,"mean",0.91181525,1.017685,1.07405646,1.12923,1.245231,17,1.00228509212219
"gamma[3]",0.95,0.5,"mean",0.132676125,0.16106875,0.17570017615,0.19023525,0.21942645,17,1.00228509212219
"gamma[4]",0.95,0.5,"mean",0.224316875,0.25210825,0.266486498375,0.28045225,0.308728575,17,1.00228509212219
"gamma[5]",0.95,0.5,"mean",0.0017755375,0.0323988,0.0495656747797713,0.066105675,0.099327645,17,1.00228509212219
"gamma[6]",0.95,0.5,"mean",0.26079685,0.2982295,0.31722726075,0.33581225,0.37380745,17,1.00228509212219
"gamma[7]",0.95,0.5,"mean",-1.8064315,-1.6723275,-1.59976178125,-1.5286525,-1.394223,17,1.00228509212219
"gamma[8]",0.95,0.5,"mean",-1.638745,-1.489195,-1.416780435,-1.3428875,-1.2006365,17,1.00228509212219
