"parameter","outer_width","inner_width","point_est","ll","l","m","h","hh","time","rhat"
"gamma[1]",0.95,0.5,"mean",2.4313595,2.61412,2.6984042625,2.7838275,2.955351,15,1.00252736844041
"gamma[2]",0.95,0.5,"mean",0.751188825,0.86837725,0.927302466625,0.98657275,1.10236125,15,1.00252736844041
"gamma[3]",0.95,0.5,"mean",0.154111925,0.1836495,0.19848389075,0.2136175,0.242137475,15,1.00252736844041
"gamma[4]",0.95,0.5,"mean",0.17538485,0.20738125,0.22310793375,0.23887875,0.269898425,15,1.00252736844041
"gamma[5]",0.95,0.5,"mean",0.0167057775,0.0511406,0.068879152214625,0.086874825,0.122317425,15,1.00252736844041
"gamma[6]",0.95,0.5,"mean",0.26043645,0.299483,0.3197455625,0.33957225,0.378799525,15,1.00252736844041
"gamma[7]",0.95,0.5,"mean",-1.85231125,-1.710735,-1.63977854375,-1.5673,-1.42619225,15,1.00252736844041
"gamma[8]",0.95,0.5,"mean",-1.4534485,-1.3242075,-1.254501542,-1.18504,-1.04405725,15,1.00252736844041
