"parameter","outer_width","inner_width","point_est","ll","l","m","h","hh","time","rhat"
"gamma[1]",0.95,0.5,"mean",2.47489975,2.6549975,2.75130225375,2.844515,3.0366045,14,1.0017898561295
"gamma[2]",0.95,0.5,"mean",0.7042376,0.82497725,0.881450566125,0.93910825,1.04972025,14,1.0017898561295
"gamma[3]",0.95,0.5,"mean",0.190585725,0.21556925,0.22897814275,0.24221075,0.268478725,14,1.0017898561295
"gamma[4]",0.95,0.5,"mean",0.202338875,0.23364525,0.249073530875,0.264985,0.29328185,14,1.0017898561295
"gamma[5]",0.95,0.5,"mean",-0.0158354425,0.021674625,0.0417326512535438,0.06148235,0.0993540125,14,1.0017898561295
"gamma[6]",0.95,0.5,"mean",0.238825925,0.27141675,0.28808027875,0.305205,0.337297225,14,1.0017898561295
"gamma[7]",0.95,0.5,"mean",-1.971725,-1.844145,-1.7771106825,-1.7105725,-1.5807155,14,1.0017898561295
"gamma[8]",0.95,0.5,"mean",-1.4217,-1.2865075,-1.211829684,-1.139615,-0.99725975,14,1.0017898561295
