"parameter","outer_width","inner_width","point_est","ll","l","m","h","hh","time","rhat"
"gamma[1]",0.95,0.5,"mean",2.64735325,2.8229325,2.92313689125,3.0176175,3.218965,15,1.00296312655305
"gamma[2]",0.95,0.5,"mean",0.8877939,0.99721175,1.04736637525,1.1002425,1.199615,15,1.00296312655305
"gamma[3]",0.95,0.5,"mean",0.2034418,0.22905075,0.2423343195,0.25580675,0.2809205,15,1.00296312655305
"gamma[4]",0.95,0.5,"mean",0.230190925,0.26177325,0.278253396125,0.294691,0.3277303,15,1.00296312655305
"gamma[5]",0.95,0.5,"mean",-0.065308175,-0.028790425,-0.0101344778848162,0.00871452,0.043835225,15,1.00296312655305
"gamma[6]",0.95,0.5,"mean",0.232626475,0.26904625,0.287768052,0.306136,0.342100825,15,1.00296312655305
"gamma[7]",0.95,0.5,"mean",-1.94851675,-1.7751425,-1.68837499875,-1.6000825,-1.43421725,15,1.00296312655305
"gamma[8]",0.95,0.5,"mean",-1.648196,-1.50957,-1.4372227475,-1.3643625,-1.23098725,15,1.00296312655305
