"parameter","outer_width","inner_width","point_est","ll","l","m","h","hh","time","rhat"
"gamma[1]",0.95,0.5,"mean",2.775275,2.9550125,3.05071200625,3.145935,3.31943075,14,1.00143981497726
"gamma[2]",0.95,0.5,"mean",0.817060325,0.921298,0.975558188375,1.028735,1.1369005,14,1.00143981497726
"gamma[3]",0.95,0.5,"mean",0.191713925,0.21790075,0.23223083675,0.2463245,0.2726353,14,1.00143981497726
"gamma[4]",0.95,0.5,"mean",0.19616425,0.22770475,0.24357505,0.25943275,0.290568375,14,1.00143981497726
"gamma[5]",0.95,0.5,"mean",0.016944625,0.0511085,0.06984621016925,0.08835575,0.12385,14,1.00143981497726
"gamma[6]",0.95,0.5,"mean",0.201754675,0.2415865,0.260998892875,0.280834,0.317311125,14,1.00143981497726
"gamma[7]",0.95,0.5,"mean",-1.89980475,-1.75568,-1.6816125325,-1.6080375,-1.458637,14,1.00143981497726
"gamma[8]",0.95,0.5,"mean",-1.60387075,-1.48126,-1.41530174375,-1.35005,-1.22686875,14,1.00143981497726
