"parameter","outer_width","inner_width","point_est","ll","l","m","h","hh","time","rhat"
"gamma[1]",0.95,0.5,"mean",2.83754325,3.012715,3.1100245925,3.19802,3.41894,18,1.0011608888494
"gamma[2]",0.95,0.5,"mean",0.7379104,0.84172525,0.8981061235,0.95441275,1.0592455,18,1.0011608888494
"gamma[3]",0.95,0.5,"mean",0.180862625,0.2096775,0.225052564125,0.24032025,0.269636125,18,1.0011608888494
"gamma[4]",0.95,0.5,"mean",0.21037725,0.24585575,0.263949811375,0.28197275,0.317066,18,1.0011608888494
"gamma[5]",0.95,0.5,"mean",-0.06077567,-0.024686525,-0.007051079063428,0.0107455,0.044787285,18,1.0011608888494
"gamma[6]",0.95,0.5,"mean",0.262679825,0.302909,0.323670820875,0.344408,0.387013325,18,1.0011608888494
"gamma[7]",0.95,0.5,"mean",-1.76149275,-1.6248625,-1.55243193125,-1.478755,-1.34566525,18,1.0011608888494
"gamma[8]",0.95,0.5,"mean",-1.4516305,-1.3133275,-1.24075679,-1.16801,-1.033276,18,1.0011608888494
