"parameter","outer_width","inner_width","point_est","ll","l","m","h","hh","time","rhat"
"gamma[1]",0.95,0.5,"mean",2.8074325,3.0001425,3.09372430625,3.18852,3.37866475,11,1.00224761261167
"gamma[2]",0.95,0.5,"mean",0.929365525,1.041665,1.099979267,1.157605,1.27511275,11,1.00224761261167
"gamma[3]",0.95,0.5,"mean",0.18098345,0.207171,0.2207635425,0.23422475,0.260423025,11,1.00224761261167
"gamma[4]",0.95,0.5,"mean",0.19648685,0.229093,0.245118955125,0.26145,0.294072025,11,1.00224761261167
"gamma[5]",0.95,0.5,"mean",-0.00834910649999999,0.024838225,0.0424270229307062,0.059431525,0.0930481675,11,1.00224761261167
"gamma[6]",0.95,0.5,"mean",0.237758075,0.273782,0.290861243875,0.30874475,0.34165535,11,1.00224761261167
"gamma[7]",0.95,0.5,"mean",-1.717674,-1.579475,-1.5102667225,-1.441365,-1.30309375,11,1.00224761261167
"gamma[8]",0.95,0.5,"mean",-1.64507425,-1.5223875,-1.45984820375,-1.39799,-1.273837,11,1.00224761261167
