"parameter","outer_width","inner_width","point_est","ll","l","m","h","hh","time","rhat"
"gamma[1]",0.95,0.5,"mean",2.7605955,2.960715,3.07584134375,3.186145,3.42492075,14,1.00144622273199
"gamma[2]",0.95,0.5,"mean",0.8025317,0.90532275,0.960915868625,1.015145,1.12286,14,1.00144622273199
"gamma[3]",0.95,0.5,"mean",0.1486907,0.1803035,0.197073647125,0.21409725,0.24614245,14,1.00144622273199
"gamma[4]",0.95,0.5,"mean",0.2203372,0.25050425,0.265720587375,0.2810055,0.310365875,14,1.00144622273199
"gamma[5]",0.95,0.5,"mean",-0.00222046925,0.03269055,0.0506589259038613,0.068655875,0.102099375,14,1.00144622273199
"gamma[6]",0.95,0.5,"mean",0.258719325,0.29429975,0.313225784875,0.3317745,0.368129025,14,1.00144622273199
"gamma[7]",0.95,0.5,"mean",-1.7021205,-1.5608325,-1.48859843875,-1.41706,-1.26735925,14,1.00144622273199
"gamma[8]",0.95,0.5,"mean",-1.568591,-1.4341675,-1.35949737875,-1.2864875,-1.145566,14,1.00144622273199
