"parameter","outer_width","inner_width","point_est","ll","l","m","h","hh","time","rhat"
"gamma[1]",0.95,0.5,"mean",2.6627585,2.817705,2.89283991625,2.9706175,3.1139745,13,1.00100736739031
"gamma[2]",0.95,0.5,"mean",0.953668775,1.057715,1.110942792375,1.1652375,1.265786,13,1.00100736739031
"gamma[3]",0.95,0.5,"mean",0.146375525,0.174462,0.188759975,0.2029535,0.23149115,13,1.00100736739031
"gamma[4]",0.95,0.5,"mean",0.201850325,0.23274475,0.247774972125,0.262828,0.293849125,13,1.00100736739031
"gamma[5]",0.95,0.5,"mean",0.02795905,0.06239205,0.081053141421625,0.099552925,0.13601985,13,1.00100736739031
"gamma[6]",0.95,0.5,"mean",0.251310675,0.28401725,0.302189456375,0.32003425,0.354367325,13,1.00100736739031
"gamma[7]",0.95,0.5,"mean",-1.9837795,-1.8406475,-1.76682919,-1.6922875,-1.55591675,13,1.00100736739031
"gamma[8]",0.95,0.5,"mean",-1.64749675,-1.5000625,-1.42322088325,-1.346805,-1.1947135,13,1.00100736739031
