"parameter","outer_width","inner_width","point_est","ll","l","m","h","hh","time","rhat"
"gamma[1]",0.95,0.5,"mean",2.761017,2.940165,3.02361067375,3.1072625,3.2784845,13,1.00135188411013
"gamma[2]",0.95,0.5,"mean",0.75919235,0.86997025,0.92748205225,0.98474775,1.099011,13,1.00135188411013
"gamma[3]",0.95,0.5,"mean",0.108375975,0.13768175,0.1527610591125,0.16760225,0.1947688,13,1.00135188411013
"gamma[4]",0.95,0.5,"mean",0.222669225,0.25550175,0.272581558,0.29001325,0.321082875,13,1.00135188411013
"gamma[5]",0.95,0.5,"mean",0.0483885325,0.0841383,0.10396231628625,0.12332575,0.160501925,13,1.00135188411013
"gamma[6]",0.95,0.5,"mean",0.23249485,0.26726575,0.28439445325,0.30170075,0.333868025,13,1.00135188411013
"gamma[7]",0.95,0.5,"mean",-1.7557365,-1.606705,-1.53043235675,-1.454255,-1.30897925,13,1.00135188411013
"gamma[8]",0.95,0.5,"mean",-1.578937,-1.4416425,-1.3677378775,-1.2934675,-1.1561075,13,1.00135188411013
