"parameter","outer_width","inner_width","point_est","ll","l","m","h","hh","time","rhat"
"gamma[1]",0.95,0.5,"mean",2.6248775,2.79968,2.8770779625,2.9565825,3.117451,17,1.00140464661722
"gamma[2]",0.95,0.5,"mean",0.900113275,1.0066425,1.059547039375,1.1149075,1.2074645,17,1.00140464661722
"gamma[3]",0.95,0.5,"mean",0.16423195,0.18975175,0.203078785375,0.21647675,0.243509525,17,1.00140464661722
"gamma[4]",0.95,0.5,"mean",0.195640175,0.22834675,0.244323437625,0.2609815,0.2909808,17,1.00140464661722
"gamma[5]",0.95,0.5,"mean",0.00800576700000001,0.044279725,0.0630213122935488,0.081450525,0.119680575,17,1.00140464661722
"gamma[6]",0.95,0.5,"mean",0.2770462,0.31203425,0.33003371675,0.34783625,0.382401325,17,1.00140464661722
"gamma[7]",0.95,0.5,"mean",-1.71713125,-1.581665,-1.51128400875,-1.4398975,-1.307499,17,1.00140464661722
"gamma[8]",0.95,0.5,"mean",-1.749102,-1.612175,-1.544698935,-1.47573,-1.34833575,17,1.00140464661722
