"parameter","outer_width","inner_width","point_est","ll","l","m","h","hh","time","rhat"
"gamma[1]",0.95,0.5,"mean",2.593659,2.7537925,2.83097002125,2.91133,3.059975,14,1.00176433460483
"gamma[2]",0.95,0.5,"mean",0.7930983,0.9072425,0.97054133575,1.0313975,1.15839525,14,1.00176433460483
"gamma[3]",0.95,0.5,"mean",0.117169425,0.1474935,0.163077263125,0.17829375,0.208161925,14,1.00176433460483
"gamma[4]",0.95,0.5,"mean",0.196209725,0.22973225,0.246585890125,0.26349225,0.29684775,14,1.00176433460483
"gamma[5]",0.95,0.5,"mean",0.00678732050000002,0.043699775,0.063002197965625,0.08253255,0.117839075,14,1.00176433460483
"gamma[6]",0.95,0.5,"mean",0.250769825,0.28471125,0.303209508125,0.3211975,0.35698925,14,1.00176433460483
"gamma[7]",0.95,0.5,"mean",-1.89935025,-1.7494525,-1.6715529975,-1.591895,-1.44205125,14,1.00176433460483
"gamma[8]",0.95,0.5,"mean",-1.57706275,-1.4198525,-1.344449920375,-1.2668675,-1.114279,14,1.00176433460483
