"parameter","outer_width","inner_width","point_est","ll","l","m","h","hh","time","rhat"
"gamma[1]",0.95,0.5,"mean",2.814298,2.998315,3.0908307575,3.183995,3.38030675,14,1.00224234539229
"gamma[2]",0.95,0.5,"mean",0.74291175,0.8465345,0.905070570125,0.962938,1.0682025,14,1.00224234539229
"gamma[3]",0.95,0.5,"mean",0.129427,0.15930875,0.1747945454125,0.19051625,0.2190276,14,1.00224234539229
"gamma[4]",0.95,0.5,"mean",0.1873897,0.2169625,0.23302324175,0.2490745,0.27809625,14,1.00224234539229
"gamma[5]",0.95,0.5,"mean",-0.02643556,0.0083197725,0.02667028408452,0.04480215,0.08035038,14,1.00224234539229
"gamma[6]",0.95,0.5,"mean",0.240836,0.27933625,0.29764585,0.31670625,0.350797825,14,1.00224234539229
"gamma[7]",0.95,0.5,"mean",-1.81945075,-1.668625,-1.5919673875,-1.51536,-1.3614585,14,1.00224234539229
"gamma[8]",0.95,0.5,"mean",-1.60175175,-1.477245,-1.4072418125,-1.338695,-1.2058895,14,1.00224234539229
