"parameter","outer_width","inner_width","point_est","ll","l","m","h","hh","time","rhat"
"gamma[1]",0.95,0.5,"mean",2.73851875,2.92027,3.0099772925,3.099445,3.27809525,14,1.00097959366083
"gamma[2]",0.95,0.5,"mean",0.874540975,0.973717,1.024469198125,1.073805,1.17766575,14,1.00097959366083
"gamma[3]",0.95,0.5,"mean",0.181564275,0.2099125,0.225307302875,0.2407775,0.2685826,14,1.00097959366083
"gamma[4]",0.95,0.5,"mean",0.211714525,0.2436805,0.259400242875,0.27500425,0.305909375,14,1.00097959366083
"gamma[5]",0.95,0.5,"mean",0.0128900925,0.0461265,0.0637882837106,0.08121465,0.115836275,14,1.00097959366083
"gamma[6]",0.95,0.5,"mean",0.2447808,0.286989,0.307697195375,0.328789,0.369720075,14,1.00097959366083
"gamma[7]",0.95,0.5,"mean",-1.71987275,-1.5731625,-1.49106546375,-1.411775,-1.253649,14,1.00097959366083
"gamma[8]",0.95,0.5,"mean",-1.60356675,-1.4620125,-1.392888391875,-1.322795,-1.188304,14,1.00097959366083
