"parameter","outer_width","inner_width","point_est","ll","l","m","h","hh","time","rhat"
"gamma[1]",0.95,0.5,"mean",2.6186455,2.8241275,2.92619222,3.0287225,3.233859,15,1.00222033054422
"gamma[2]",0.95,0.5,"mean",0.814045025,0.92897275,0.98673051975,1.046455,1.15135425,15,1.00222033054422
"gamma[3]",0.95,0.5,"mean",0.167077375,0.19589075,0.210234233125,0.22466825,0.25221325,15,1.00222033054422
"gamma[4]",0.95,0.5,"mean",0.1829973,0.2140785,0.23034065275,0.24678275,0.277896225,15,1.00222033054422
"gamma[5]",0.95,0.5,"mean",-0.01338613,0.02709395,0.0484385681552562,0.0698401,0.1143213,15,1.00222033054422
"gamma[6]",0.95,0.5,"mean",0.261881175,0.29970675,0.3205686855,0.341331,0.381219275,15,1.00222033054422
"gamma[7]",0.95,0.5,"mean",-1.8466655,-1.6941225,-1.61852178625,-1.54301,-1.3950485,15,1.00222033054422
"gamma[8]",0.95,0.5,"mean",-1.58216125,-1.4485225,-1.3799742725,-1.31184,-1.1791875,15,1.00222033054422
