"parameter","outer_width","inner_width","point_est","ll","l","m","h","hh","time","rhat"
"gamma[1]",0.95,0.5,"mean",2.68121525,2.875295,2.96112897125,3.0517125,3.2157705,15,1.00154088601672
"gamma[2]",0.95,0.5,"mean",0.8148357,0.92422975,0.980455651375,1.037145,1.1425735,15,1.00154088601672
"gamma[3]",0.95,0.5,"mean",0.145226525,0.174395,0.190030185,0.20541125,0.234542675,15,1.00154088601672
"gamma[4]",0.95,0.5,"mean",0.182075575,0.21691775,0.233707508,0.25082675,0.283787075,15,1.00154088601672
"gamma[5]",0.95,0.5,"mean",0.015052025,0.048662825,0.0656003244246875,0.08236955,0.1149736,15,1.00154088601672
"gamma[6]",0.95,0.5,"mean",0.254548175,0.29150725,0.31016050075,0.32892875,0.3667118,15,1.00154088601672
"gamma[7]",0.95,0.5,"mean",-1.70271475,-1.5624475,-1.48984437125,-1.41764,-1.27764675,15,1.00154088601672
"gamma[8]",0.95,0.5,"mean",-1.638724,-1.4817275,-1.402050027,-1.32214,-1.17195725,15,1.00154088601672
