"parameter","outer_width","inner_width","point_est","ll","l","m","h","hh","time","rhat"
"gamma[1]",0.95,0.5,"mean",2.545083,2.7347625,2.82703377875,2.9197525,3.099491,13,1.00118139411218
"gamma[2]",0.95,0.5,"mean",0.8812426,0.97991025,1.0355316845,1.0909075,1.1890335,13,1.00118139411218
"gamma[3]",0.95,0.5,"mean",0.171368975,0.1998785,0.21494761425,0.22995075,0.2587484,13,1.00118139411218
"gamma[4]",0.95,0.5,"mean",0.236072875,0.265275,0.279657475875,0.294359,0.3227065,13,1.00118139411218
"gamma[5]",0.95,0.5,"mean",0.0103128475,0.041803325,0.058351384149875,0.07491185,0.10584615,13,1.00118139411218
"gamma[6]",0.95,0.5,"mean",0.296248975,0.3345075,0.353784654125,0.37308875,0.411670675,13,1.00118139411218
"gamma[7]",0.95,0.5,"mean",-1.7042825,-1.56123,-1.486324685,-1.411475,-1.2653625,13,1.00118139411218
"gamma[8]",0.95,0.5,"mean",-1.616677,-1.45646,-1.37558016275,-1.292525,-1.1371815,13,1.00118139411218
