"parameter","outer_width","inner_width","point_est","ll","l","m","h","hh","time","rhat"
"gamma[1]",0.95,0.5,"mean",2.74866725,2.9187175,3.00804903625,3.09514,3.2708495,14,1.00112389432954
"gamma[2]",0.95,0.5,"mean",0.9152606,1.008825,1.057482684875,1.1057325,1.20578025,14,1.00112389432954
"gamma[3]",0.95,0.5,"mean",0.166175875,0.1968265,0.21292520225,0.22890075,0.259405675,14,1.00112389432954
"gamma[4]",0.95,0.5,"mean",0.191421825,0.222336,0.23822103175,0.2545185,0.284824225,14,1.00112389432954
"gamma[5]",0.95,0.5,"mean",-0.0172311025,0.01633835,0.0327832371096237,0.04977295,0.0807312074999998,14,1.00112389432954
"gamma[6]",0.95,0.5,"mean",0.23054055,0.270564,0.291909242375,0.312958,0.355467825,14,1.00112389432954
"gamma[7]",0.95,0.5,"mean",-1.587045,-1.4455625,-1.375456018625,-1.3037025,-1.165429,14,1.00112389432954
"gamma[8]",0.95,0.5,"mean",-1.75647175,-1.6149725,-1.54406161875,-1.4724475,-1.3377695,14,1.00112389432954
