"parameter","outer_width","inner_width","point_est","ll","l","m","h","hh","time","rhat"
"gamma[1]",0.95,0.5,"mean",2.62123525,2.7843775,2.87786307125,2.971515,3.14069075,18,1.00193758217168
"gamma[2]",0.95,0.5,"mean",0.864505775,0.971886,1.024751963625,1.076475,1.19264425,18,1.00193758217168
"gamma[3]",0.95,0.5,"mean",0.140330075,0.16966275,0.184836450125,0.20019575,0.22983205,18,1.00193758217168
"gamma[4]",0.95,0.5,"mean",0.176441525,0.2049375,0.219968957625,0.23513525,0.2636792,18,1.00193758217168
"gamma[5]",0.95,0.5,"mean",-0.011952525,0.0212368,0.0388681281814125,0.056192475,0.0909316525,18,1.00193758217168
"gamma[6]",0.95,0.5,"mean",0.2942417,0.330249,0.35039690075,0.3700905,0.40780405,18,1.00193758217168
"gamma[7]",0.95,0.5,"mean",-1.7185975,-1.5684975,-1.49145467625,-1.4156375,-1.262175,18,1.00193758217168
"gamma[8]",0.95,0.5,"mean",-1.63737,-1.51503,-1.45100530875,-1.3874825,-1.2704485,18,1.00193758217168
