"parameter","outer_width","inner_width","point_est","ll","l","m","h","hh","time","rhat"
"gamma[1]",0.95,0.5,"mean",2.57728325,2.7578275,2.85754633875,2.9546275,3.14730975,13,1.00148827697474
"gamma[2]",0.95,0.5,"mean",0.764013925,0.859405,0.907248044375,0.95528025,1.052883,13,1.00148827697474
"gamma[3]",0.95,0.5,"mean",0.16348065,0.19069125,0.20495258875,0.219217,0.24518345,13,1.00148827697474
"gamma[4]",0.95,0.5,"mean",0.168907,0.20154275,0.218026302125,0.23430325,0.265885425,13,1.00148827697474
"gamma[5]",0.95,0.5,"mean",-0.01484143,0.02118435,0.0404036667730938,0.0594883,0.0953788775,13,1.00148827697474
"gamma[6]",0.95,0.5,"mean",0.240759975,0.2741495,0.291516426,0.3090875,0.344068225,13,1.00148827697474
"gamma[7]",0.95,0.5,"mean",-1.67706275,-1.544195,-1.47650669625,-1.4084475,-1.28251625,13,1.00148827697474
"gamma[8]",0.95,0.5,"mean",-1.568772,-1.441085,-1.374511598,-1.3070775,-1.18170675,13,1.00148827697474
