"parameter","outer_width","inner_width","point_est","ll","l","m","h","hh","time","rhat"
"gamma[1]",0.95,0.5,"mean",2.79628825,2.9922875,3.08196257625,3.1776125,3.34667275,14,1.00192656198472
"gamma[2]",0.95,0.5,"mean",0.9628177,1.057915,1.112633002125,1.16598,1.2620165,14,1.00192656198472
"gamma[3]",0.95,0.5,"mean",0.1812442,0.20479225,0.217458983,0.2298565,0.25370825,14,1.00192656198472
"gamma[4]",0.95,0.5,"mean",0.18638305,0.222074,0.23944101475,0.256833,0.29214035,14,1.00192656198472
"gamma[5]",0.95,0.5,"mean",-0.00455003374999999,0.03486765,0.0544915677434125,0.074460475,0.112118,14,1.00192656198472
"gamma[6]",0.95,0.5,"mean",0.2531665,0.28686,0.305566155375,0.323917,0.3611141,14,1.00192656198472
"gamma[7]",0.95,0.5,"mean",-1.823779,-1.6715925,-1.59149690375,-1.5116375,-1.35653825,14,1.00192656198472
"gamma[8]",0.95,0.5,"mean",-1.53589275,-1.3946325,-1.322544331,-1.250285,-1.11271925,14,1.00192656198472
