"parameter","outer_width","inner_width","point_est","ll","l","m","h","hh","time","rhat"
"gamma[1]",0.95,0.5,"mean",2.9128225,3.070005,3.155089565,3.2390175,3.4078835,23,1.00108437288501
"gamma[2]",0.95,0.5,"mean",0.89543375,1.00172,1.057506729125,1.1140525,1.21727125,23,1.00108437288501
"gamma[3]",0.95,0.5,"mean",0.155995325,0.18486425,0.20019161525,0.215098,0.245544125,23,1.00108437288501
"gamma[4]",0.95,0.5,"mean",0.18081885,0.214552,0.23171896425,0.24875675,0.282359425,23,1.00108437288501
"gamma[5]",0.95,0.5,"mean",0.00516326300000001,0.041360525,0.0603835238906,0.07943295,0.115046625,23,1.00108437288501
"gamma[6]",0.95,0.5,"mean",0.2706384,0.308822,0.326846127625,0.3453955,0.38093435,23,1.00108437288501
"gamma[7]",0.95,0.5,"mean",-1.7448425,-1.5910975,-1.5151137825,-1.4393025,-1.28908875,23,1.00108437288501
"gamma[8]",0.95,0.5,"mean",-1.473561,-1.3310875,-1.255237243375,-1.17906,-1.0354185,23,1.00108437288501
