"parameter","outer_width","inner_width","point_est","ll","l","m","h","hh","time","rhat"
"gamma[1]",0.95,0.5,"mean",2.94080725,3.112705,3.21154037125,3.3060625,3.502231,24,1.00109659127794
"gamma[2]",0.95,0.5,"mean",0.750873675,0.857994,0.9106118775,0.96268925,1.07041625,24,1.00109659127794
"gamma[3]",0.95,0.5,"mean",0.153483575,0.1849405,0.2005088868625,0.21593625,0.24795015,24,1.00109659127794
"gamma[4]",0.95,0.5,"mean",0.21661575,0.2488945,0.26548480025,0.282051,0.313213375,24,1.00109659127794
"gamma[5]",0.95,0.5,"mean",0.0543489325,0.0866446,0.1039075412175,0.1207515,0.155888,24,1.00109659127794
"gamma[6]",0.95,0.5,"mean",0.26813115,0.30516025,0.326170351125,0.3467805,0.386415875,24,1.00109659127794
"gamma[7]",0.95,0.5,"mean",-1.655173,-1.49947,-1.420071974625,-1.3401775,-1.18131125,24,1.00109659127794
"gamma[8]",0.95,0.5,"mean",-1.527551,-1.3870575,-1.311071478375,-1.2331275,-1.0956255,24,1.00109659127794
