"parameter","outer_width","inner_width","point_est","ll","l","m","h","hh","time","rhat"
"gamma[1]",0.95,0.5,"mean",3.07356625,3.2437625,3.33522327375,3.4287225,3.59338725,15,1.00177948064196
"gamma[2]",0.95,0.5,"mean",0.698078975,0.80101075,0.852374913875,0.904447,1.0096215,15,1.00177948064196
"gamma[3]",0.95,0.5,"mean",0.159161075,0.190289,0.206032156375,0.222087,0.251492825,15,1.00177948064196
"gamma[4]",0.95,0.5,"mean",0.253314925,0.283088,0.29870241825,0.31478825,0.34317405,15,1.00177948064196
"gamma[5]",0.95,0.5,"mean",-0.0163782175,0.0203004,0.04057568862445,0.0606576,0.0981777375,15,1.00177948064196
"gamma[6]",0.95,0.5,"mean",0.22577515,0.2615305,0.278985890625,0.29695125,0.33226105,15,1.00177948064196
"gamma[7]",0.95,0.5,"mean",-1.986405,-1.851635,-1.7797073675,-1.708375,-1.572998,15,1.00177948064196
"gamma[8]",0.95,0.5,"mean",-1.542215,-1.4171225,-1.35088228825,-1.2850625,-1.15544975,15,1.00177948064196
