"parameter","outer_width","inner_width","point_est","ll","l","m","h","hh","time","rhat"
"gamma[1]",0.95,0.5,"mean",2.65045675,2.87575,2.97814868375,3.0855825,3.26425325,14,1.00153074483105
"gamma[2]",0.95,0.5,"mean",0.747892525,0.8648535,0.923859283375,0.982861,1.09419025,14,1.00153074483105
"gamma[3]",0.95,0.5,"mean",0.154566275,0.1830375,0.198057584375,0.21294675,0.241863825,14,1.00153074483105
"gamma[4]",0.95,0.5,"mean",0.1739632,0.2081585,0.22717388175,0.24575475,0.28190155,14,1.00153074483105
"gamma[5]",0.95,0.5,"mean",0.0138150925,0.0460309,0.063436820599325,0.0804468,0.1145407,14,1.00153074483105
"gamma[6]",0.95,0.5,"mean",0.28161055,0.3205305,0.340715322125,0.3609365,0.3995583,14,1.00153074483105
"gamma[7]",0.95,0.5,"mean",-1.84338475,-1.7249725,-1.65823585875,-1.593895,-1.46064975,14,1.00153074483105
"gamma[8]",0.95,0.5,"mean",-1.6515715,-1.521985,-1.4536421325,-1.3855125,-1.25440925,14,1.00153074483105
