"parameter","outer_width","inner_width","point_est","ll","l","m","h","hh","time","rhat"
"gamma[1]",0.95,0.5,"mean",2.838249,3.013,3.09742164875,3.1859075,3.3366505,13,1.00144720344849
"gamma[2]",0.95,0.5,"mean",0.861188875,0.97437425,1.038700087875,1.101165,1.2189035,13,1.00144720344849
"gamma[3]",0.95,0.5,"mean",0.118788925,0.14827775,0.162545358525,0.1770465,0.204804675,13,1.00144720344849
"gamma[4]",0.95,0.5,"mean",0.1988387,0.221562,0.233820695125,0.24584025,0.268657325,13,1.00144720344849
"gamma[5]",0.95,0.5,"mean",0.00688951650000002,0.040584375,0.0579773818294875,0.0752035,0.1093908,13,1.00144720344849
"gamma[6]",0.95,0.5,"mean",0.24761115,0.2873255,0.30650802225,0.326093,0.363447675,13,1.00144720344849
"gamma[7]",0.95,0.5,"mean",-1.7217035,-1.61128,-1.55464603625,-1.4978725,-1.39144675,13,1.00144720344849
"gamma[8]",0.95,0.5,"mean",-1.60298,-1.4955825,-1.43609709375,-1.3775825,-1.264497,13,1.00144720344849
