"parameter","outer_width","inner_width","point_est","ll","l","m","h","hh","time","rhat"
"gamma[1]",0.95,0.5,"mean",2.758557,2.9215175,3.00531110125,3.0903925,3.2529325,14,1.00221201995204
"gamma[2]",0.95,0.5,"mean",0.8557764,0.9568275,1.009656335125,1.0624,1.16935,14,1.00221201995204
"gamma[3]",0.95,0.5,"mean",0.159216875,0.18911375,0.203752965375,0.2187935,0.2478833,14,1.00221201995204
"gamma[4]",0.95,0.5,"mean",0.213098625,0.24272175,0.257401291375,0.27256425,0.300999375,14,1.00221201995204
"gamma[5]",0.95,0.5,"mean",0.00359646450000002,0.0374695,0.055089390053125,0.07238365,0.10452565,14,1.00221201995204
"gamma[6]",0.95,0.5,"mean",0.262336475,0.29328175,0.310642482625,0.32751675,0.3604428,14,1.00221201995204
"gamma[7]",0.95,0.5,"mean",-1.881852,-1.7485075,-1.67722140375,-1.606535,-1.46861475,14,1.00221201995204
"gamma[8]",0.95,0.5,"mean",-1.6572005,-1.51938,-1.4485212375,-1.3768475,-1.24358775,14,1.00221201995204
