"parameter","outer_width","inner_width","point_est","ll","l","m","h","hh","time","rhat"
"gamma[1]",0.95,0.5,"mean",2.6612175,2.841255,2.93741032375,3.0316875,3.2179165,13,1.00146286231472
"gamma[2]",0.95,0.5,"mean",0.8927998,0.9894335,1.0380664755,1.0859625,1.17990025,13,1.00146286231472
"gamma[3]",0.95,0.5,"mean",0.175643275,0.20350275,0.218498583375,0.2334225,0.261395425,13,1.00146286231472
"gamma[4]",0.95,0.5,"mean",0.19377945,0.22991525,0.24734986375,0.26520275,0.298624975,13,1.00146286231472
"gamma[5]",0.95,0.5,"mean",-0.026862705,0.0105389,0.0282696135421905,0.0463155,0.081990965,13,1.00146286231472
"gamma[6]",0.95,0.5,"mean",0.235589725,0.27468275,0.295806432,0.31686975,0.355232825,13,1.00146286231472
"gamma[7]",0.95,0.5,"mean",-1.7679145,-1.619175,-1.5457439525,-1.4692175,-1.3303135,13,1.00146286231472
"gamma[8]",0.95,0.5,"mean",-1.60191525,-1.4745475,-1.4094615725,-1.3453475,-1.21677075,13,1.00146286231472
