"parameter","outer_width","inner_width","point_est","ll","l","m","h","hh","time","rhat"
"gamma[1]",0.95,0.5,"mean",2.77758925,2.9584775,3.04718510625,3.135725,3.31602025,13,1.00123878965703
"gamma[2]",0.95,0.5,"mean",0.891611425,1.004285,1.062091654375,1.12165,1.227212,13,1.00123878965703
"gamma[3]",0.95,0.5,"mean",0.187625525,0.2189315,0.235360501375,0.2517655,0.284338925,13,1.00123878965703
"gamma[4]",0.95,0.5,"mean",0.231701075,0.26015925,0.274276085,0.288789,0.31559035,13,1.00123878965703
"gamma[5]",0.95,0.5,"mean",-0.0162095525,0.0192009,0.0377830169497713,0.056202075,0.092074405,13,1.00123878965703
"gamma[6]",0.95,0.5,"mean",0.2490495,0.28789925,0.308038533625,0.32832225,0.366300375,13,1.00123878965703
"gamma[7]",0.95,0.5,"mean",-1.84187475,-1.7084825,-1.6349539925,-1.561455,-1.42402525,13,1.00123878965703
"gamma[8]",0.95,0.5,"mean",-1.658182,-1.5372975,-1.47203598875,-1.4076175,-1.28202,13,1.00123878965703
