"parameter","outer_width","inner_width","point_est","ll","l","m","h","hh","time","rhat"
"gamma[1]",0.95,0.5,"mean",2.45336975,2.64091,2.74659853,2.851645,3.04043025,16,1.00175695242248
"gamma[2]",0.95,0.5,"mean",0.7777297,0.88383775,0.936672883875,0.989486,1.096271,16,1.00175695242248
"gamma[3]",0.95,0.5,"mean",0.13379615,0.1648145,0.18052497285,0.19672,0.2262664,16,1.00175695242248
"gamma[4]",0.95,0.5,"mean",0.248415975,0.27790725,0.29243769925,0.30699075,0.33499445,16,1.00175695242248
"gamma[5]",0.95,0.5,"mean",-0.013456135,0.021428725,0.04002953097371,0.058575775,0.0940360024999999,16,1.00175695242248
"gamma[6]",0.95,0.5,"mean",0.2570243,0.28980875,0.306910628875,0.3239645,0.35660645,16,1.00175695242248
"gamma[7]",0.95,0.5,"mean",-2.04356125,-1.90568,-1.831502135,-1.7586525,-1.6137065,16,1.00175695242248
"gamma[8]",0.95,0.5,"mean",-1.578563,-1.4481525,-1.38135675375,-1.313875,-1.18611425,16,1.00175695242248
