"parameter","outer_width","inner_width","point_est","ll","l","m","h","hh","time","rhat"
"gamma[1]",0.95,0.5,"mean",2.72044275,2.9256675,3.02136402,3.12253,3.29876075,14,1.0032373931618
"gamma[2]",0.95,0.5,"mean",0.961131525,1.079405,1.13542760075,1.19387,1.30142325,14,1.0032373931618
"gamma[3]",0.95,0.5,"mean",0.16661785,0.1947265,0.20898064475,0.22335775,0.2505011,14,1.0032373931618
"gamma[4]",0.95,0.5,"mean",0.210214125,0.24234375,0.259050299875,0.27542625,0.307862475,14,1.0032373931618
"gamma[5]",0.95,0.5,"mean",-0.0392046075,-0.0013897525,0.0173893353901262,0.036292425,0.0719452775,14,1.0032373931618
"gamma[6]",0.95,0.5,"mean",0.286289475,0.32711725,0.34814437675,0.36936425,0.409676825,14,1.0032373931618
"gamma[7]",0.95,0.5,"mean",-1.9072215,-1.75625,-1.67991124125,-1.603585,-1.4507735,14,1.0032373931618
"gamma[8]",0.95,0.5,"mean",-1.66743625,-1.517625,-1.44152582125,-1.3670525,-1.20865225,14,1.0032373931618
