"parameter","outer_width","inner_width","point_est","ll","l","m","h","hh","time","rhat"
"gamma[1]",0.95,0.5,"mean",2.849985,3.0302225,3.1203506175,3.211025,3.39097175,13,1.00196098853278
"gamma[2]",0.95,0.5,"mean",0.811778725,0.913913,0.97128785,1.0283975,1.13918225,13,1.00196098853278
"gamma[3]",0.95,0.5,"mean",0.14757365,0.17665,0.191620978,0.20646875,0.234559025,13,1.00196098853278
"gamma[4]",0.95,0.5,"mean",0.1697292,0.19869575,0.214376015125,0.23008025,0.2600834,13,1.00196098853278
"gamma[5]",0.95,0.5,"mean",0.0228383475,0.053665325,0.06975639119975,0.085683025,0.116289925,13,1.00196098853278
"gamma[6]",0.95,0.5,"mean",0.2402997,0.28478475,0.306664310125,0.32928925,0.369633075,13,1.00196098853278
"gamma[7]",0.95,0.5,"mean",-1.816633,-1.6650125,-1.5842622725,-1.5050075,-1.35243725,13,1.00196098853278
"gamma[8]",0.95,0.5,"mean",-1.6725415,-1.5355275,-1.46410169625,-1.3931925,-1.2524895,13,1.00196098853278
