"parameter","outer_width","inner_width","point_est","ll","l","m","h","hh","time","rhat"
"gamma[1]",0.95,0.5,"mean",2.73831325,2.91297,2.99840414375,3.0843975,3.25799525,14,1.00157011884342
"gamma[2]",0.95,0.5,"mean",0.82409075,0.9286425,0.98113559175,1.03392,1.13272375,14,1.00157011884342
"gamma[3]",0.95,0.5,"mean",0.172742175,0.200091,0.21489129,0.22961925,0.2580362,14,1.00157011884342
"gamma[4]",0.95,0.5,"mean",0.2635409,0.28781575,0.300201688125,0.3126135,0.337420175,14,1.00157011884342
"gamma[5]",0.95,0.5,"mean",-0.0263604925,0.0075772775,0.0251490478788375,0.04225215,0.07700868,14,1.00157011884342
"gamma[6]",0.95,0.5,"mean",0.219249375,0.26033175,0.2817568755,0.30313825,0.3447824,14,1.00157011884342
"gamma[7]",0.95,0.5,"mean",-1.89313075,-1.75029,-1.68274459625,-1.614385,-1.477377,14,1.00157011884342
"gamma[8]",0.95,0.5,"mean",-1.605545,-1.4667725,-1.397625320625,-1.327285,-1.1925985,14,1.00157011884342
