"parameter","outer_width","inner_width","point_est","ll","l","m","h","hh","time","rhat"
"gamma[1]",0.95,0.5,"mean",2.809346,3.0151975,3.11072171,3.20833,3.388071,15,1.00217575554743
"gamma[2]",0.95,0.5,"mean",0.81398375,0.927455,0.982371212375,1.037465,1.1496605,15,1.00217575554743
"gamma[3]",0.95,0.5,"mean",0.1713936,0.19922925,0.2138863845,0.22849025,0.25545405,15,1.00217575554743
"gamma[4]",0.95,0.5,"mean",0.2148552,0.24558075,0.2607258485,0.275985,0.30567565,15,1.00217575554743
"gamma[5]",0.95,0.5,"mean",0.0422551425,0.07652615,0.094717663006125,0.112923,0.146724425,15,1.00217575554743
"gamma[6]",0.95,0.5,"mean",0.22617905,0.2636855,0.283629409375,0.303095,0.342830725,15,1.00217575554743
"gamma[7]",0.95,0.5,"mean",-1.75659725,-1.6105425,-1.53479453625,-1.4587475,-1.3172975,15,1.00217575554743
"gamma[8]",0.95,0.5,"mean",-1.60289325,-1.4583875,-1.385038542125,-1.3117175,-1.17367175,15,1.00217575554743
