"parameter","outer_width","inner_width","point_est","ll","l","m","h","hh","time","rhat"
"gamma[1]",0.95,0.5,"mean",2.5675745,2.75036,2.84598275125,2.9426425,3.1254515,13,1.00262532880892
"gamma[2]",0.95,0.5,"mean",0.82764935,0.93512425,0.990441770875,1.046295,1.14461775,13,1.00262532880892
"gamma[3]",0.95,0.5,"mean",0.191356375,0.219237,0.233875421625,0.24821225,0.275795925,13,1.00262532880892
"gamma[4]",0.95,0.5,"mean",0.217749725,0.2452805,0.259764406375,0.27428425,0.301267075,13,1.00262532880892
"gamma[5]",0.95,0.5,"mean",0.0127797275,0.044940025,0.06220731693525,0.07950125,0.11114355,13,1.00262532880892
"gamma[6]",0.95,0.5,"mean",0.239939225,0.2758105,0.29358025525,0.311631,0.346883925,13,1.00262532880892
"gamma[7]",0.95,0.5,"mean",-1.8607835,-1.7312225,-1.66195372875,-1.592545,-1.462088,13,1.00262532880892
"gamma[8]",0.95,0.5,"mean",-1.41762325,-1.2936475,-1.23010835325,-1.167885,-1.0423785,13,1.00262532880892
