"parameter","outer_width","inner_width","point_est","ll","l","m","h","hh","time","rhat"
"gamma[1]",0.95,0.5,"mean",2.67864525,2.8600175,2.95226533625,3.044755,3.21138325,14,1.00179101125186
"gamma[2]",0.95,0.5,"mean",0.8686668,0.9844015,1.04469737425,1.1053125,1.22124775,14,1.00179101125186
"gamma[3]",0.95,0.5,"mean",0.19676465,0.2294375,0.245750452,0.26243325,0.293985325,14,1.00179101125186
"gamma[4]",0.95,0.5,"mean",0.221075975,0.24694975,0.260051869125,0.27320175,0.298201225,14,1.00179101125186
"gamma[5]",0.95,0.5,"mean",0.029233485,0.05959895,0.077247357875,0.094616175,0.127192825,14,1.00179101125186
"gamma[6]",0.95,0.5,"mean",0.227006,0.2667505,0.28745190025,0.3080665,0.347115375,14,1.00179101125186
"gamma[7]",0.95,0.5,"mean",-1.71282525,-1.5787325,-1.51227355375,-1.44444,-1.3084,14,1.00179101125186
"gamma[8]",0.95,0.5,"mean",-1.65873925,-1.5243075,-1.4572855,-1.3899475,-1.2541285,14,1.00179101125186
