"parameter","outer_width","inner_width","point_est","ll","l","m","h","hh","time","rhat"
"gamma[1]",0.95,0.5,"mean",2.73671475,2.9206825,3.02734032625,3.135665,3.32096275,18,1.00307868046479
"gamma[2]",0.95,0.5,"mean",0.875137725,0.988121,1.046016243125,1.10486,1.21447075,18,1.00307868046479
"gamma[3]",0.95,0.5,"mean",0.158995425,0.19260175,0.209569129,0.2267605,0.2593004,18,1.00307868046479
"gamma[4]",0.95,0.5,"mean",0.210575325,0.2394635,0.2544504045,0.2692805,0.297474875,18,1.00307868046479
"gamma[5]",0.95,0.5,"mean",0.0407295625,0.0755045,0.09449261348625,0.1136065,0.150241275,18,1.00307868046479
"gamma[6]",0.95,0.5,"mean",0.309411,0.35018375,0.36953298975,0.38901425,0.4290382,18,1.00307868046479
"gamma[7]",0.95,0.5,"mean",-1.843433,-1.699175,-1.6249012925,-1.549915,-1.41182575,18,1.00307868046479
"gamma[8]",0.95,0.5,"mean",-1.51933125,-1.352215,-1.27013305725,-1.18559,-1.028888,18,1.00307868046479
