"parameter","outer_width","inner_width","point_est","ll","l","m","h","hh","time","rhat"
"gamma[1]",0.95,0.5,"mean",2.82452825,3.022815,3.12651591125,3.23127,3.42309925,16,1.00117655350598
"gamma[2]",0.95,0.5,"mean",0.63903275,0.7361005,0.79295797525,0.84787675,0.9544806,16,1.00117655350598
"gamma[3]",0.95,0.5,"mean",0.185351,0.21326775,0.2284507615,0.24305175,0.272996325,16,1.00117655350598
"gamma[4]",0.95,0.5,"mean",0.21567805,0.243446,0.2580194625,0.27269575,0.299887975,16,1.00117655350598
"gamma[5]",0.95,0.5,"mean",-0.0061320015,0.02240685,0.0374192804977663,0.052053575,0.0816632025,16,1.00117655350598
"gamma[6]",0.95,0.5,"mean",0.23680775,0.27933975,0.301196379125,0.3233355,0.366491525,16,1.00117655350598
"gamma[7]",0.95,0.5,"mean",-1.70331025,-1.57924,-1.5122789,-1.44719,-1.3161685,16,1.00117655350598
"gamma[8]",0.95,0.5,"mean",-1.62672875,-1.475785,-1.39919625675,-1.3224025,-1.17583825,16,1.00117655350598
