"parameter","outer_width","inner_width","point_est","ll","l","m","h","hh","time","rhat"
"gamma[1]",0.95,0.5,"mean",2.87744825,3.045005,3.13123643375,3.2158,3.38840425,14,1.0006777841526
"gamma[2]",0.95,0.5,"mean",0.821309425,0.91695825,0.965080993125,1.013985,1.10909325,14,1.0006777841526
"gamma[3]",0.95,0.5,"mean",0.137017725,0.1628695,0.1762487940125,0.1898315,0.2154888,14,1.0006777841526
"gamma[4]",0.95,0.5,"mean",0.1806555,0.21063175,0.225187885,0.2398415,0.268607125,14,1.0006777841526
"gamma[5]",0.95,0.5,"mean",-0.0235663825,0.012141675,0.03007486377575,0.0483456,0.0812581275,14,1.0006777841526
"gamma[6]",0.95,0.5,"mean",0.2884553,0.3249355,0.344445751875,0.363634,0.401613575,14,1.0006777841526
"gamma[7]",0.95,0.5,"mean",-1.72457725,-1.5805225,-1.50704390875,-1.43267,-1.28895625,14,1.0006777841526
"gamma[8]",0.95,0.5,"mean",-1.67431375,-1.54778,-1.479551925,-1.4122475,-1.27845525,14,1.0006777841526
