"parameter","outer_width","inner_width","point_est","ll","l","m","h","hh","time","rhat"
"gamma[1]",0.95,0.5,"mean",2.90914975,3.078285,3.1731326725,3.265555,3.44900775,13,1.00117854893964
"gamma[2]",0.95,0.5,"mean",0.8770002,0.97569475,1.031932345125,1.0862125,1.193151,13,1.00117854893964
"gamma[3]",0.95,0.5,"mean",0.137476625,0.163844,0.177631205875,0.1916245,0.217853775,13,1.00117854893964
"gamma[4]",0.95,0.5,"mean",0.254520925,0.28597375,0.30142255275,0.31739225,0.34760755,13,1.00117854893964
"gamma[5]",0.95,0.5,"mean",0.00836947725000001,0.048625725,0.0695007112247125,0.090278225,0.13032165,13,1.00117854893964
"gamma[6]",0.95,0.5,"mean",0.216827925,0.2529755,0.272187736875,0.2913385,0.32980665,13,1.00117854893964
"gamma[7]",0.95,0.5,"mean",-1.86804175,-1.72385,-1.65473722875,-1.5837625,-1.44302,13,1.00117854893964
"gamma[8]",0.95,0.5,"mean",-1.42147125,-1.2898825,-1.220140724875,-1.1501625,-1.020004,13,1.00117854893964
