"parameter","outer_width","inner_width","point_est","ll","l","m","h","hh","time","rhat"
"gamma[1]",0.95,0.5,"mean",2.815428,2.9670675,3.05172440375,3.13272,3.291193,13,1.00299908316958
"gamma[2]",0.95,0.5,"mean",0.913193275,1.0351775,1.098527166875,1.16115,1.28741475,13,1.00299908316958
"gamma[3]",0.95,0.5,"mean",0.144678375,0.172461,0.1864955608,0.20065225,0.226800675,13,1.00299908316958
"gamma[4]",0.95,0.5,"mean",0.2179138,0.24814175,0.263531961,0.27894725,0.308574825,13,1.00299908316958
"gamma[5]",0.95,0.5,"mean",0.0769172875,0.11113,0.1286971882375,0.14594525,0.17981385,13,1.00299908316958
"gamma[6]",0.95,0.5,"mean",0.27311675,0.30747525,0.3259429125,0.34414325,0.379248725,13,1.00299908316958
"gamma[7]",0.95,0.5,"mean",-1.86089975,-1.714175,-1.63879568,-1.5627875,-1.41628675,13,1.00299908316958
"gamma[8]",0.95,0.5,"mean",-1.57589375,-1.4442025,-1.374721362625,-1.3050275,-1.164393,13,1.00299908316958
