"parameter","outer_width","inner_width","point_est","ll","l","m","h","hh","time","rhat"
"gamma[1]",0.95,0.5,"mean",2.82703925,3.01465,3.104820625,3.1967575,3.3705155,14,1.0014804975187
"gamma[2]",0.95,0.5,"mean",0.8960727,1.0036,1.06265602725,1.1211075,1.2343625,14,1.0014804975187
"gamma[3]",0.95,0.5,"mean",0.175386,0.2055375,0.2210158705,0.23694925,0.26567435,14,1.0014804975187
"gamma[4]",0.95,0.5,"mean",0.207329775,0.23798625,0.25335277225,0.268715,0.29842955,14,1.0014804975187
"gamma[5]",0.95,0.5,"mean",-0.0480109575,-0.015455775,0.00121317892689125,0.01790265,0.0484720875,14,1.0014804975187
"gamma[6]",0.95,0.5,"mean",0.242522575,0.28159575,0.303221890875,0.3242885,0.364117125,14,1.0014804975187
"gamma[7]",0.95,0.5,"mean",-1.593354,-1.4427325,-1.36457745875,-1.285465,-1.13186525,14,1.0014804975187
"gamma[8]",0.95,0.5,"mean",-1.64288175,-1.50642,-1.434374535,-1.3628575,-1.22555925,14,1.0014804975187
