"parameter","outer_width","inner_width","point_est","ll","l","m","h","hh","time","rhat"
"gamma[1]",0.95,0.5,"mean",2.731879,2.9221325,3.00786564,3.094375,3.28828525,15,1.00129443715783
"gamma[2]",0.95,0.5,"mean",0.94904315,1.0656975,1.12235337175,1.17973,1.2894845,15,1.00129443715783
"gamma[3]",0.95,0.5,"mean",0.157729475,0.188748,0.205416519875,0.222056,0.253126275,15,1.00129443715783
"gamma[4]",0.95,0.5,"mean",0.200925475,0.23120075,0.246885595875,0.26254725,0.292130925,15,1.00129443715783
"gamma[5]",0.95,0.5,"mean",-0.0051454065,0.024978725,0.0410669410615625,0.057000025,0.089415305,15,1.00129443715783
"gamma[6]",0.95,0.5,"mean",0.272194,0.31346925,0.334528592875,0.35538625,0.39780215,15,1.00129443715783
"gamma[7]",0.95,0.5,"mean",-1.78092025,-1.634895,-1.558029495,-1.48181,-1.33691525,15,1.00129443715783
"gamma[8]",0.95,0.5,"mean",-1.644041,-1.5121,-1.44264381625,-1.37362,-1.2386315,15,1.00129443715783
