"parameter","outer_width","inner_width","point_est","ll","l","m","h","hh","time","rhat"
"gamma[1]",0.95,0.5,"mean",2.8534555,3.003295,3.08796329125,3.1686725,3.33770775,14,1.00096258767568
"gamma[2]",0.95,0.5,"mean",0.881081375,0.98863175,1.0417792295,1.0935425,1.2039875,14,1.00096258767568
"gamma[3]",0.95,0.5,"mean",0.150261375,0.17829975,0.1929687815,0.207462,0.23565775,14,1.00096258767568
"gamma[4]",0.95,0.5,"mean",0.199327075,0.227868,0.2423251155,0.256868,0.285311525,14,1.00096258767568
"gamma[5]",0.95,0.5,"mean",0.00270362225,0.0376433,0.055241309934,0.07313495,0.106535275,14,1.00096258767568
"gamma[6]",0.95,0.5,"mean",0.283423425,0.31901925,0.3378665995,0.356565,0.393128,14,1.00096258767568
"gamma[7]",0.95,0.5,"mean",-1.7573115,-1.61794,-1.54943096,-1.4812875,-1.342564,14,1.00096258767568
"gamma[8]",0.95,0.5,"mean",-1.5809555,-1.4397175,-1.364955751,-1.291175,-1.15000975,14,1.00096258767568
