"parameter","outer_width","inner_width","point_est","ll","l","m","h","hh","time","rhat"
"gamma[1]",0.95,0.5,"mean",2.81580525,2.971565,3.05194604125,3.1299,3.30362375,14,1.00072566467869
"gamma[2]",0.95,0.5,"mean",0.736875175,0.8462355,0.905260693125,0.96510825,1.07379225,14,1.00072566467869
"gamma[3]",0.95,0.5,"mean",0.1934245,0.221687,0.236738564875,0.25165575,0.279946225,14,1.00072566467869
"gamma[4]",0.95,0.5,"mean",0.215871975,0.24633,0.262432052625,0.278447,0.3093531,14,1.00072566467869
"gamma[5]",0.95,0.5,"mean",-0.0097068495,0.02015805,0.0368538090582475,0.05329075,0.0832425075,14,1.00072566467869
"gamma[6]",0.95,0.5,"mean",0.27910755,0.3125415,0.330357775,0.3483405,0.383014275,14,1.00072566467869
"gamma[7]",0.95,0.5,"mean",-1.87209375,-1.7406325,-1.6741976125,-1.6072875,-1.478119,14,1.00072566467869
"gamma[8]",0.95,0.5,"mean",-1.54586325,-1.404815,-1.332187520625,-1.26095,-1.116508,14,1.00072566467869
