"parameter","outer_width","inner_width","point_est","ll","l","m","h","hh","time","rhat"
"gamma[1]",0.95,0.5,"mean",2.9596065,3.1389925,3.22131775875,3.307855,3.4725815,16,1.00255917473611
"gamma[2]",0.95,0.5,"mean",0.713914825,0.82312425,0.88600898425,0.9476925,1.06534075,16,1.00255917473611
"gamma[3]",0.95,0.5,"mean",0.15542495,0.1845215,0.19952653125,0.214492,0.244164575,16,1.00255917473611
"gamma[4]",0.95,0.5,"mean",0.227343375,0.25465125,0.267940503,0.28163525,0.306156375,16,1.00255917473611
"gamma[5]",0.95,0.5,"mean",0.016787875,0.050724075,0.0676022668339,0.084687725,0.115067825,16,1.00255917473611
"gamma[6]",0.95,0.5,"mean",0.261118925,0.29974625,0.321380118125,0.34243125,0.38288715,16,1.00255917473611
"gamma[7]",0.95,0.5,"mean",-1.76738975,-1.6374225,-1.570844015,-1.504335,-1.371246,16,1.00255917473611
"gamma[8]",0.95,0.5,"mean",-1.66551075,-1.5368775,-1.46764083125,-1.4000875,-1.26065725,16,1.00255917473611
