"parameter","outer_width","inner_width","point_est","ll","l","m","h","hh","time","rhat"
"gamma[1]",0.95,0.5,"mean",2.6953175,2.881525,2.9783356225,3.0785675,3.2530375,13,1.00174639400542
"gamma[2]",0.95,0.5,"mean",0.97959945,1.07955,1.129466896125,1.18035,1.27823075,13,1.00174639400542
"gamma[3]",0.95,0.5,"mean",0.136034525,0.166643,0.1820383597375,0.19799875,0.2277726,13,1.00174639400542
"gamma[4]",0.95,0.5,"mean",0.24466685,0.27357975,0.28893078875,0.304124,0.3326781,13,1.00174639400542
"gamma[5]",0.95,0.5,"mean",-0.0456856925,-0.0090380625,0.00943497535981,0.028124825,0.0639116575,13,1.00174639400542
"gamma[6]",0.95,0.5,"mean",0.266541875,0.3065745,0.327206064375,0.3477525,0.386067625,13,1.00174639400542
"gamma[7]",0.95,0.5,"mean",-1.62656075,-1.48326,-1.410679563125,-1.3370925,-1.198401,13,1.00174639400542
"gamma[8]",0.95,0.5,"mean",-1.4574505,-1.3297625,-1.2632194165,-1.1971325,-1.067869,13,1.00174639400542
