"parameter","outer_width","inner_width","point_est","ll","l","m","h","hh","time","rhat"
"gamma[1]",0.95,0.5,"mean",2.70193375,2.8753625,2.96781176125,3.06063,3.2275445,13,1.00129697246966
"gamma[2]",0.95,0.5,"mean",0.89975035,0.9976535,1.048587036,1.098885,1.1997115,13,1.00129697246966
"gamma[3]",0.95,0.5,"mean",0.14389665,0.17227975,0.1870171965,0.20168225,0.2307574,13,1.00129697246966
"gamma[4]",0.95,0.5,"mean",0.1980563,0.23053275,0.247503424625,0.26467025,0.29599145,13,1.00129697246966
"gamma[5]",0.95,0.5,"mean",0.0234088575,0.06034255,0.07953997295775,0.09879935,0.136017975,13,1.00129697246966
"gamma[6]",0.95,0.5,"mean",0.27733125,0.316932,0.336007433,0.35500675,0.39385135,13,1.00129697246966
"gamma[7]",0.95,0.5,"mean",-1.95629175,-1.8211425,-1.75018531375,-1.678155,-1.54325925,13,1.00129697246966
"gamma[8]",0.95,0.5,"mean",-1.610172,-1.4821725,-1.41375115375,-1.3459225,-1.21501925,13,1.00129697246966
