"parameter","outer_width","inner_width","point_est","ll","l","m","h","hh","time","rhat"
"gamma[1]",0.95,0.5,"mean",2.80950175,3.0158275,3.12227736625,3.2291125,3.426932,13,1.0044991862601
"gamma[2]",0.95,0.5,"mean",0.7555353,0.8637725,0.920359560875,0.976818,1.08228625,13,1.0044991862601
"gamma[3]",0.95,0.5,"mean",0.1703231,0.20088925,0.21650520225,0.2320095,0.261494575,13,1.0044991862601
"gamma[4]",0.95,0.5,"mean",0.2090978,0.23981,0.25541028525,0.2710475,0.301545525,13,1.0044991862601
"gamma[5]",0.95,0.5,"mean",0.0341285,0.06821075,0.086322459783,0.1042735,0.1393589,13,1.0044991862601
"gamma[6]",0.95,0.5,"mean",0.266263525,0.301608,0.321208886,0.340165,0.37811145,13,1.0044991862601
"gamma[7]",0.95,0.5,"mean",-1.9443465,-1.7867375,-1.70967596375,-1.63048,-1.481728,13,1.0044991862601
"gamma[8]",0.95,0.5,"mean",-1.63585175,-1.51279,-1.44704958375,-1.38173,-1.25701825,13,1.0044991862601
