"parameter","outer_width","inner_width","point_est","ll","l","m","h","hh","time","rhat"
"gamma[1]",0.95,0.5,"mean",2.7995775,3.008415,3.10396994,3.2014575,3.39564025,16,1.0024483308605
"gamma[2]",0.95,0.5,"mean",0.85600495,0.96660375,1.022012562875,1.0786025,1.185774,16,1.0024483308605
"gamma[3]",0.95,0.5,"mean",0.13025325,0.1577195,0.1718320403375,0.18602125,0.213642675,16,1.0024483308605
"gamma[4]",0.95,0.5,"mean",0.17500545,0.20477925,0.219764258125,0.23461325,0.26278895,16,1.0024483308605
"gamma[5]",0.95,0.5,"mean",-0.0162203,0.02427105,0.0452502006306425,0.066749525,0.10713745,16,1.0024483308605
"gamma[6]",0.95,0.5,"mean",0.2556985,0.29091775,0.30912602325,0.327199,0.362261875,16,1.0024483308605
"gamma[7]",0.95,0.5,"mean",-1.69374375,-1.572575,-1.5104910125,-1.44704,-1.32980925,16,1.0024483308605
"gamma[8]",0.95,0.5,"mean",-1.4482025,-1.30167,-1.228113974125,-1.155035,-1.0072185,16,1.0024483308605
