"parameter","outer_width","inner_width","point_est","ll","l","m","h","hh","time","rhat"
"gamma[1]",0.95,0.5,"mean",2.9039515,3.1090075,3.207394325,3.307575,3.51793975,15,1.00226392140658
"gamma[2]",0.95,0.5,"mean",0.872352525,0.97332075,1.025051388125,1.0780475,1.181544,15,1.00226392140658
"gamma[3]",0.95,0.5,"mean",0.139678475,0.1642065,0.176784055625,0.18927875,0.2136318,15,1.00226392140658
"gamma[4]",0.95,0.5,"mean",0.2309836,0.26091325,0.275618088625,0.290503,0.3189235,15,1.00226392140658
"gamma[5]",0.95,0.5,"mean",-0.05620666,-0.020936175,-0.00130928275483637,0.017882725,0.05384838,15,1.00226392140658
"gamma[6]",0.95,0.5,"mean",0.2811287,0.31791475,0.336761323375,0.35568725,0.39218345,15,1.00226392140658
"gamma[7]",0.95,0.5,"mean",-2.049571,-1.9229675,-1.85649639,-1.79043,-1.6610855,15,1.00226392140658
"gamma[8]",0.95,0.5,"mean",-1.5610025,-1.4336725,-1.368331406125,-1.302965,-1.17772775,15,1.00226392140658
