"parameter","outer_width","inner_width","point_est","ll","l","m","h","hh","time","rhat"
"gamma[1]",0.95,0.5,"mean",2.77435875,2.95342,3.04415129,3.13116,3.3182345,14,1.00263897427895
"gamma[2]",0.95,0.5,"mean",0.85168625,0.94347275,0.989775812125,1.0379025,1.12215025,14,1.00263897427895
"gamma[3]",0.95,0.5,"mean",0.1808811,0.20769375,0.2213157605,0.235229,0.261587275,14,1.00263897427895
"gamma[4]",0.95,0.5,"mean",0.19409505,0.2238045,0.239383355125,0.25488525,0.2837634,14,1.00263897427895
"gamma[5]",0.95,0.5,"mean",-0.011168355,0.020934325,0.0387535825774875,0.056446175,0.088783035,14,1.00263897427895
"gamma[6]",0.95,0.5,"mean",0.24848475,0.2862975,0.30557266325,0.324604,0.363007275,14,1.00263897427895
"gamma[7]",0.95,0.5,"mean",-1.88716375,-1.754725,-1.68576388625,-1.617255,-1.48329975,14,1.00263897427895
"gamma[8]",0.95,0.5,"mean",-1.4738135,-1.316035,-1.232790335125,-1.150185,-0.98627495,14,1.00263897427895
