"parameter","outer_width","inner_width","point_est","ll","l","m","h","hh","time","rhat"
"gamma[1]",0.95,0.5,"mean",2.89858625,3.0821275,3.1731639175,3.2676025,3.429272,12,1.00089894601713
"gamma[2]",0.95,0.5,"mean",0.90348965,1.0237,1.0827552475,1.14224,1.25754,12,1.00089894601713
"gamma[3]",0.95,0.5,"mean",0.165077925,0.193271,0.20767199,0.22198125,0.2493793,12,1.00089894601713
"gamma[4]",0.95,0.5,"mean",0.211596,0.24486175,0.262603370125,0.27992875,0.31381715,12,1.00089894601713
"gamma[5]",0.95,0.5,"mean",0.0080807025,0.04237195,0.06098757931774,0.07974765,0.114800175,12,1.00089894601713
"gamma[6]",0.95,0.5,"mean",0.3004574,0.336432,0.355469974125,0.37447,0.411673075,12,1.00089894601713
"gamma[7]",0.95,0.5,"mean",-1.7846705,-1.6552225,-1.5882934125,-1.52101,-1.38964,12,1.00089894601713
"gamma[8]",0.95,0.5,"mean",-1.60483925,-1.4740625,-1.40672058125,-1.339825,-1.21384725,12,1.00089894601713
