"parameter","outer_width","inner_width","point_est","ll","l","m","h","hh","time","rhat"
"gamma[1]",0.95,0.5,"mean",2.69384225,2.8542425,2.9487218575,3.041435,3.2091305,18,1.00095736487767
"gamma[2]",0.95,0.5,"mean",0.98181065,1.080475,1.132428464875,1.183355,1.28078325,18,1.00095736487767
"gamma[3]",0.95,0.5,"mean",0.17256905,0.1991425,0.212439914375,0.225761,0.252033825,18,1.00095736487767
"gamma[4]",0.95,0.5,"mean",0.182622825,0.2138765,0.230529891125,0.246898,0.279164275,18,1.00095736487767
"gamma[5]",0.95,0.5,"mean",-0.00505682825,0.0331358,0.0519766611700125,0.07075465,0.11010445,18,1.00095736487767
"gamma[6]",0.95,0.5,"mean",0.2484469,0.29078475,0.31230749825,0.3336755,0.3734615,18,1.00095736487767
"gamma[7]",0.95,0.5,"mean",-1.80864125,-1.666515,-1.5938942475,-1.5212325,-1.3798125,18,1.00095736487767
"gamma[8]",0.95,0.5,"mean",-1.63210075,-1.4942725,-1.41811127125,-1.34475,-1.1985495,18,1.00095736487767
