"parameter","outer_width","inner_width","point_est","ll","l","m","h","hh","time","rhat"
"gamma[1]",0.95,0.5,"mean",2.64651675,2.81275,2.9024955875,2.9911225,3.1731515,25,1.00200703178379
"gamma[2]",0.95,0.5,"mean",0.8417004,0.95215925,1.013664804625,1.0724425,1.19496175,25,1.00200703178379
"gamma[3]",0.95,0.5,"mean",0.1309081,0.16160175,0.1771989284625,0.1929055,0.223235225,25,1.00200703178379
"gamma[4]",0.95,0.5,"mean",0.225595425,0.25962825,0.277036015375,0.294804,0.327741375,25,1.00200703178379
"gamma[5]",0.95,0.5,"mean",-0.0237672825,0.0126149,0.0303674260652462,0.0487683,0.0814310075,25,1.00200703178379
"gamma[6]",0.95,0.5,"mean",0.198897075,0.23962425,0.260072453625,0.28094525,0.320619675,25,1.00200703178379
"gamma[7]",0.95,0.5,"mean",-1.73530225,-1.6149125,-1.55121292625,-1.488105,-1.3675195,25,1.00200703178379
"gamma[8]",0.95,0.5,"mean",-1.6530955,-1.50754,-1.43298693275,-1.35669,-1.21035825,25,1.00200703178379
