"parameter","outer_width","inner_width","point_est","ll","l","m","h","hh","time","rhat"
"gamma[1]",0.95,0.5,"mean",2.4743075,2.6553975,2.748255205,2.837115,3.0262225,14,1.00085329924989
"gamma[2]",0.95,0.5,"mean",0.7261714,0.85322925,0.915560370625,0.97785625,1.104706,14,1.00085329924989
"gamma[3]",0.95,0.5,"mean",0.2039904,0.233238,0.24854042675,0.2639435,0.2926877,14,1.00085329924989
"gamma[4]",0.95,0.5,"mean",0.2038949,0.2319715,0.24636997025,0.2611785,0.28838145,14,1.00085329924989
"gamma[5]",0.95,0.5,"mean",-0.0119373075,0.02175695,0.0392243758064125,0.0566632,0.0909748825,14,1.00085329924989
"gamma[6]",0.95,0.5,"mean",0.233939675,0.272775,0.29326170175,0.313828,0.3535598,14,1.00085329924989
"gamma[7]",0.95,0.5,"mean",-1.73436825,-1.60644,-1.5378747225,-1.4700575,-1.3383495,14,1.00085329924989
"gamma[8]",0.95,0.5,"mean",-1.602262,-1.4911975,-1.43296388375,-1.3751675,-1.26144275,14,1.00085329924989
