"parameter","outer_width","inner_width","point_est","ll","l","m","h","hh","time","rhat"
"gamma[1]",0.95,0.5,"mean",2.687753,2.8584425,2.96062459875,3.060975,3.24498575,12,1.00183317509525
"gamma[2]",0.95,0.5,"mean",0.890553675,0.9856225,1.035527333125,1.08439,1.1796185,12,1.00183317509525
"gamma[3]",0.95,0.5,"mean",0.1204317,0.14796375,0.1629167763125,0.177641,0.206226625,12,1.00183317509525
"gamma[4]",0.95,0.5,"mean",0.188435675,0.2248385,0.243922411125,0.2627465,0.299366475,12,1.00183317509525
"gamma[5]",0.95,0.5,"mean",-0.0548809075,-0.018893725,0.00084154349741875,0.020389475,0.05816919,12,1.00183317509525
"gamma[6]",0.95,0.5,"mean",0.2339081,0.26859875,0.286048321375,0.303708,0.337954025,12,1.00183317509525
"gamma[7]",0.95,0.5,"mean",-1.9186325,-1.771145,-1.69378466,-1.6169,-1.45820625,12,1.00183317509525
"gamma[8]",0.95,0.5,"mean",-1.7815165,-1.6473475,-1.57684927625,-1.5051875,-1.37078,12,1.00183317509525
