"parameter","outer_width","inner_width","point_est","ll","l","m","h","hh","time","rhat"
"gamma[1]",0.95,0.5,"mean",2.71194675,2.8863875,2.97988617125,3.06995,3.268539,13,1.00162398882204
"gamma[2]",0.95,0.5,"mean",1.03959825,1.1559475,1.2128988965,1.27252,1.37804425,13,1.00162398882204
"gamma[3]",0.95,0.5,"mean",0.173068375,0.2035215,0.219073226875,0.23461725,0.2655581,13,1.00162398882204
"gamma[4]",0.95,0.5,"mean",0.231777775,0.26204425,0.277221684125,0.29263025,0.32096025,13,1.00162398882204
"gamma[5]",0.95,0.5,"mean",0.0165054625,0.046798425,0.06128463294825,0.076180625,0.10518785,13,1.00162398882204
"gamma[6]",0.95,0.5,"mean",0.22529495,0.26538175,0.28555041175,0.30602575,0.345244875,13,1.00162398882204
"gamma[7]",0.95,0.5,"mean",-1.72598,-1.6094625,-1.54365316125,-1.47991,-1.3593445,13,1.00162398882204
"gamma[8]",0.95,0.5,"mean",-1.740636,-1.5979425,-1.52894077875,-1.45807,-1.32461825,13,1.00162398882204
