"parameter","outer_width","inner_width","point_est","ll","l","m","h","hh","time","rhat"
"gamma[1]",0.95,0.5,"mean",2.81293125,2.988175,3.0848627275,3.1804825,3.34794025,15,1.00210290476214
"gamma[2]",0.95,0.5,"mean",0.830701575,0.935173,0.99078335,1.045725,1.14885725,15,1.00210290476214
"gamma[3]",0.95,0.5,"mean",0.169556175,0.19684275,0.2109797675,0.22505975,0.252578625,15,1.00210290476214
"gamma[4]",0.95,0.5,"mean",0.20777155,0.239508,0.25540921425,0.2716555,0.301738825,15,1.00210290476214
"gamma[5]",0.95,0.5,"mean",0.011682765,0.0449308,0.06216956991575,0.0795986,0.11278145,15,1.00210290476214
"gamma[6]",0.95,0.5,"mean",0.276087325,0.3121245,0.330400628,0.3490035,0.385830775,15,1.00210290476214
"gamma[7]",0.95,0.5,"mean",-1.683554,-1.5339825,-1.45689425125,-1.38045,-1.23084975,15,1.00210290476214
"gamma[8]",0.95,0.5,"mean",-1.58076125,-1.4439825,-1.37145733625,-1.29738,-1.1621145,15,1.00210290476214
