"parameter","outer_width","inner_width","point_est","ll","l","m","h","hh","time","rhat"
"gamma[1]",0.95,0.5,"mean",2.813934,3.0206,3.12808301875,3.240855,3.40937075,17,1.00234903432107
"gamma[2]",0.95,0.5,"mean",0.9216681,1.0285775,1.08425076,1.1419775,1.2433575,17,1.00234903432107
"gamma[3]",0.95,0.5,"mean",0.1393494,0.16790125,0.1829324065375,0.19808525,0.226758025,17,1.00234903432107
"gamma[4]",0.95,0.5,"mean",0.204826175,0.2396395,0.25843484625,0.276872,0.31336575,17,1.00234903432107
"gamma[5]",0.95,0.5,"mean",0.01755224,0.0494766,0.06603930436705,0.0820952,0.115603925,17,1.00234903432107
"gamma[6]",0.95,0.5,"mean",0.2495088,0.284243,0.302867331375,0.3210055,0.356220475,17,1.00234903432107
"gamma[7]",0.95,0.5,"mean",-1.82851825,-1.6868275,-1.61642829,-1.543535,-1.40591925,17,1.00234903432107
"gamma[8]",0.95,0.5,"mean",-1.67878075,-1.5544575,-1.4920809775,-1.4280675,-1.30878125,17,1.00234903432107
