"parameter","outer_width","inner_width","point_est","ll","l","m","h","hh","time","rhat"
"gamma[1]",0.95,0.5,"mean",2.80789875,2.9759,3.05948318375,3.138305,3.32111975,16,1.00175186352897
"gamma[2]",0.95,0.5,"mean",0.932910625,1.0385875,1.09057338275,1.143675,1.24276025,16,1.00175186352897
"gamma[3]",0.95,0.5,"mean",0.135806675,0.16588525,0.180997532325,0.19668,0.22558695,16,1.00175186352897
"gamma[4]",0.95,0.5,"mean",0.199504425,0.22950225,0.24524312425,0.26106925,0.291563075,16,1.00175186352897
"gamma[5]",0.95,0.5,"mean",0.028912455,0.06118695,0.07888077046675,0.09568295,0.131349825,16,1.00175186352897
"gamma[6]",0.95,0.5,"mean",0.233094925,0.27238425,0.29303102225,0.31368925,0.3528919,16,1.00175186352897
"gamma[7]",0.95,0.5,"mean",-1.82493125,-1.6630575,-1.5809947375,-1.500035,-1.3328965,16,1.00175186352897
"gamma[8]",0.95,0.5,"mean",-1.729168,-1.588785,-1.51495324125,-1.44133,-1.2998895,16,1.00175186352897
