"parameter","outer_width","inner_width","point_est","ll","l","m","h","hh","time","rhat"
"gamma[1]",0.95,0.5,"mean",2.74610975,2.91815,3.01708258375,3.1164575,3.28924825,16,1.00210282206608
"gamma[2]",0.95,0.5,"mean",0.83001145,0.945089,0.997711807875,1.0511975,1.16137425,16,1.00210282206608
"gamma[3]",0.95,0.5,"mean",0.144797975,0.176421,0.192678479,0.20869175,0.239841475,16,1.00210282206608
"gamma[4]",0.95,0.5,"mean",0.22430455,0.256479,0.273611052,0.29042425,0.3226783,16,1.00210282206608
"gamma[5]",0.95,0.5,"mean",0.00228087175,0.0379682,0.0571616694874625,0.076269075,0.11227585,16,1.00210282206608
"gamma[6]",0.95,0.5,"mean",0.23397935,0.2675925,0.2857030075,0.30363675,0.337657125,16,1.00210282206608
"gamma[7]",0.95,0.5,"mean",-1.99261125,-1.8427925,-1.7691317075,-1.6929175,-1.55299,16,1.00210282206608
"gamma[8]",0.95,0.5,"mean",-1.55982275,-1.4238525,-1.35358783475,-1.28273,-1.143949,16,1.00210282206608
