"parameter","outer_width","inner_width","point_est","ll","l","m","h","hh","time","rhat"
"gamma[1]",0.95,0.5,"mean",2.77561625,2.95272,3.05104368125,3.1491925,3.32680375,13,1.00178482234924
"gamma[2]",0.95,0.5,"mean",0.945019425,1.0304875,1.076218920125,1.1203125,1.2153305,13,1.00178482234924
"gamma[3]",0.95,0.5,"mean",0.152382775,0.1821515,0.196268550375,0.2110385,0.2383831,13,1.00178482234924
"gamma[4]",0.95,0.5,"mean",0.179672575,0.2122295,0.2283699765,0.2448565,0.275420425,13,1.00178482234924
"gamma[5]",0.95,0.5,"mean",-0.00261592625,0.037733475,0.05880790319888,0.07953315,0.12081935,13,1.00178482234924
"gamma[6]",0.95,0.5,"mean",0.30358325,0.33775925,0.355914025125,0.37413475,0.408452725,13,1.00178482234924
"gamma[7]",0.95,0.5,"mean",-1.835803,-1.6959175,-1.61875160125,-1.5443575,-1.389395,13,1.00178482234924
"gamma[8]",0.95,0.5,"mean",-1.60687025,-1.4783825,-1.41183817225,-1.3451025,-1.2144695,13,1.00178482234924
