"paramHeader","param","est","posterior_sd","pval","lower_2.5ci","upper_2.5ci","sig","BetweenWithin","mplus_time","rhatMean","rhatLast"
"Intercepts","X",2.845,0.118,0,2.611,3.069,TRUE,"Between",3,1.00080795623049,1.00080795623049
"Intercepts","Y",0.901,0.06,0,0.781,1.015,TRUE,"Between",3,1.00080795623049,1.00080795623049
"Intercepts","PHI_X",0.191,0.019,0,0.154,0.227,TRUE,"Between",3,1.00080795623049,1.00080795623049
"Intercepts","PHI_Y",0.246,0.017,0,0.214,0.279,TRUE,"Between",3,1.00080795623049,1.00080795623049
"Intercepts","PHI_XY",0.044,0.019,0.009,0.006,0.082,TRUE,"Between",3,1.00080795623049,1.00080795623049
"Intercepts","BETA_YX",0.3,0.017,0,0.266,0.334,TRUE,"Between",3,1.00080795623049,1.00080795623049
"Intercepts","PSI_X",-1.703,0.063,0,-1.829,-1.582,TRUE,"Between",3,1.00080795623049,1.00080795623049
"Intercepts","PSI_Y",-1.591,0.064,0,-1.718,-1.466,TRUE,"Between",3,1.00080795623049,1.00080795623049
