"paramHeader","param","est","posterior_sd","pval","lower_2.5ci","upper_2.5ci","sig","BetweenWithin","mplus_time","rhatMean","rhatLast"
"Intercepts","X",2.892,0.119,0,2.659,3.128,TRUE,"Between",3,1.00181285632522,1.00181285632522
"Intercepts","Y",0.946,0.076,0,0.797,1.087,TRUE,"Between",3,1.00181285632522,1.00181285632522
"Intercepts","PHI_X",0.205,0.016,0,0.173,0.236,TRUE,"Between",3,1.00181285632522,1.00181285632522
"Intercepts","PHI_Y",0.239,0.017,0,0.206,0.272,TRUE,"Between",3,1.00181285632522,1.00181285632522
"Intercepts","PHI_XY",0.05,0.018,0.002,0.015,0.084,TRUE,"Between",3,1.00181285632522,1.00181285632522
"Intercepts","BETA_YX",0.268,0.018,0,0.234,0.303,TRUE,"Between",3,1.00181285632522,1.00181285632522
"Intercepts","PSI_X",-1.631,0.065,0,-1.76,-1.504,TRUE,"Between",3,1.00181285632522,1.00181285632522
"Intercepts","PSI_Y",-1.386,0.06,0,-1.504,-1.269,TRUE,"Between",3,1.00181285632522,1.00181285632522
