"paramHeader","param","est","posterior_sd","pval","lower_2.5ci","upper_2.5ci","sig","BetweenWithin","mplus_time","rhatMean","rhatLast"
"Intercepts","X",2.847,0.124,0,2.605,3.09,TRUE,"Between",3,1.00104362101296,1.00104362101296
"Intercepts","Y",0.948,0.069,0,0.813,1.081,TRUE,"Between",3,1.00104362101296,1.00104362101296
"Intercepts","PHI_X",0.199,0.017,0,0.165,0.232,TRUE,"Between",3,1.00104362101296,1.00104362101296
"Intercepts","PHI_Y",0.234,0.017,0,0.201,0.267,TRUE,"Between",3,1.00104362101296,1.00104362101296
"Intercepts","PHI_XY",0.06,0.018,0,0.025,0.096,TRUE,"Between",3,1.00104362101296,1.00104362101296
"Intercepts","BETA_YX",0.296,0.016,0,0.264,0.329,TRUE,"Between",3,1.00104362101296,1.00104362101296
"Intercepts","PSI_X",-1.625,0.058,0,-1.742,-1.514,TRUE,"Between",3,1.00104362101296,1.00104362101296
"Intercepts","PSI_Y",-1.423,0.064,0,-1.548,-1.296,TRUE,"Between",3,1.00104362101296,1.00104362101296
