"paramHeader","param","est","posterior_sd","pval","lower_2.5ci","upper_2.5ci","sig","BetweenWithin","mplus_time","rhatMean","rhatLast"
"Intercepts","X",2.996,0.122,0,2.758,3.239,TRUE,"Between",2,1.0011795531962,1.0011795531962
"Intercepts","Y",1.07,0.072,0,0.93,1.211,TRUE,"Between",2,1.0011795531962,1.0011795531962
"Intercepts","PHI_X",0.233,0.016,0,0.201,0.263,TRUE,"Between",2,1.0011795531962,1.0011795531962
"Intercepts","PHI_Y",0.259,0.018,0,0.223,0.295,TRUE,"Between",2,1.0011795531962,1.0011795531962
"Intercepts","PHI_XY",0.057,0.017,0,0.023,0.089,TRUE,"Between",2,1.0011795531962,1.0011795531962
"Intercepts","BETA_YX",0.281,0.017,0,0.249,0.315,TRUE,"Between",2,1.0011795531962,1.0011795531962
"Intercepts","PSI_X",-1.563,0.072,0,-1.707,-1.426,TRUE,"Between",2,1.0011795531962,1.0011795531962
"Intercepts","PSI_Y",-1.352,0.061,0,-1.472,-1.232,TRUE,"Between",2,1.0011795531962,1.0011795531962
