"paramHeader","param","est","posterior_sd","pval","lower_2.5ci","upper_2.5ci","sig","BetweenWithin","mplus_time","rhatMean","rhatLast"
"Intercepts","X",3.219,0.102,0,3.018,3.416,TRUE,"Between",2,1.00099494986507,1.00099494986507
"Intercepts","Y",1.045,0.067,0,0.913,1.177,TRUE,"Between",2,1.00099494986507,1.00099494986507
"Intercepts","PHI_X",0.215,0.017,0,0.182,0.247,TRUE,"Between",2,1.00099494986507,1.00099494986507
"Intercepts","PHI_Y",0.222,0.017,0,0.189,0.257,TRUE,"Between",2,1.00099494986507,1.00099494986507
"Intercepts","PHI_XY",0.082,0.019,0,0.045,0.12,TRUE,"Between",2,1.00099494986507,1.00099494986507
"Intercepts","BETA_YX",0.276,0.016,0,0.245,0.308,TRUE,"Between",2,1.00099494986507,1.00099494986507
"Intercepts","PSI_X",-1.6,0.064,0,-1.726,-1.476,TRUE,"Between",2,1.00099494986507,1.00099494986507
"Intercepts","PSI_Y",-1.311,0.066,0,-1.443,-1.18,TRUE,"Between",2,1.00099494986507,1.00099494986507
