"paramHeader","param","est","posterior_sd","pval","lower_2.5ci","upper_2.5ci","sig","BetweenWithin","mplus_time","rhatMean","rhatLast"
"Intercepts","X",2.897,0.107,0,2.688,3.102,TRUE,"Between",3,1.00047299728881,1.00047299728881
"Intercepts","Y",0.965,0.06,0,0.848,1.082,TRUE,"Between",3,1.00047299728881,1.00047299728881
"Intercepts","PHI_X",0.189,0.016,0,0.156,0.221,TRUE,"Between",3,1.00047299728881,1.00047299728881
"Intercepts","PHI_Y",0.243,0.018,0,0.209,0.279,TRUE,"Between",3,1.00047299728881,1.00047299728881
"Intercepts","PHI_XY",0.062,0.019,0.001,0.025,0.098,TRUE,"Between",3,1.00047299728881,1.00047299728881
"Intercepts","BETA_YX",0.273,0.017,0,0.241,0.306,TRUE,"Between",3,1.00047299728881,1.00047299728881
"Intercepts","PSI_X",-1.654,0.067,0,-1.789,-1.524,TRUE,"Between",3,1.00047299728881,1.00047299728881
"Intercepts","PSI_Y",-1.435,0.063,0,-1.558,-1.308,TRUE,"Between",3,1.00047299728881,1.00047299728881
