"paramHeader","param","est","posterior_sd","pval","lower_2.5ci","upper_2.5ci","sig","BetweenWithin","mplus_time","rhatMean","rhatLast"
"Intercepts","X",2.926,0.13,0,2.676,3.184,TRUE,"Between",3,1.00119791758983,1.00119791758983
"Intercepts","Y",1,0.078,0,0.852,1.152,TRUE,"Between",3,1.00119791758983,1.00119791758983
"Intercepts","PHI_X",0.17,0.016,0,0.137,0.2,TRUE,"Between",3,1.00119791758983,1.00119791758983
"Intercepts","PHI_Y",0.233,0.017,0,0.2,0.267,TRUE,"Between",3,1.00119791758983,1.00119791758983
"Intercepts","PHI_XY",0.067,0.021,0.001,0.027,0.107,TRUE,"Between",3,1.00119791758983,1.00119791758983
"Intercepts","BETA_YX",0.284,0.017,0,0.25,0.319,TRUE,"Between",3,1.00119791758983,1.00119791758983
"Intercepts","PSI_X",-1.631,0.071,0,-1.773,-1.494,TRUE,"Between",3,1.00119791758983,1.00119791758983
"Intercepts","PSI_Y",-1.48,0.064,0,-1.605,-1.351,TRUE,"Between",3,1.00119791758983,1.00119791758983
