"paramHeader","param","est","posterior_sd","pval","lower_2.5ci","upper_2.5ci","sig","BetweenWithin","mplus_time","rhatMean","rhatLast"
"Intercepts","X",3.058,0.115,0,2.832,3.282,TRUE,"Between",3,1.00068929892398,1.00068929892398
"Intercepts","Y",1.105,0.066,0,0.974,1.234,TRUE,"Between",3,1.00068929892398,1.00068929892398
"Intercepts","PHI_X",0.204,0.017,0,0.17,0.238,TRUE,"Between",3,1.00068929892398,1.00068929892398
"Intercepts","PHI_Y",0.243,0.018,0,0.207,0.279,TRUE,"Between",3,1.00068929892398,1.00068929892398
"Intercepts","PHI_XY",0.053,0.019,0.003,0.015,0.09,TRUE,"Between",3,1.00068929892398,1.00068929892398
"Intercepts","BETA_YX",0.302,0.019,0,0.265,0.34,TRUE,"Between",3,1.00068929892398,1.00068929892398
"Intercepts","PSI_X",-1.537,0.067,0,-1.673,-1.409,TRUE,"Between",3,1.00068929892398,1.00068929892398
"Intercepts","PSI_Y",-1.428,0.063,0,-1.554,-1.307,TRUE,"Between",3,1.00068929892398,1.00068929892398
