"paramHeader","param","est","posterior_sd","pval","lower_2.5ci","upper_2.5ci","sig","BetweenWithin","mplus_time","rhatMean","rhatLast"
"Intercepts","X",2.97,0.126,0,2.729,3.219,TRUE,"Between",2,1.00119166151909,1.00119166151909
"Intercepts","Y",0.923,0.081,0,0.767,1.08,TRUE,"Between",2,1.00119166151909,1.00119166151909
"Intercepts","PHI_X",0.237,0.015,0,0.207,0.266,TRUE,"Between",2,1.00119166151909,1.00119166151909
"Intercepts","PHI_Y",0.26,0.017,0,0.227,0.294,TRUE,"Between",2,1.00119166151909,1.00119166151909
"Intercepts","PHI_XY",0.052,0.018,0.001,0.016,0.086,TRUE,"Between",2,1.00119166151909,1.00119166151909
"Intercepts","BETA_YX",0.321,0.018,0,0.287,0.355,TRUE,"Between",2,1.00119166151909,1.00119166151909
"Intercepts","PSI_X",-1.692,0.064,0,-1.819,-1.568,TRUE,"Between",2,1.00119166151909,1.00119166151909
"Intercepts","PSI_Y",-1.378,0.065,0,-1.504,-1.248,TRUE,"Between",2,1.00119166151909,1.00119166151909
