"paramHeader","param","est","posterior_sd","pval","lower_2.5ci","upper_2.5ci","sig","BetweenWithin","mplus_time","rhatMean","rhatLast"
"Intercepts","X",3.038,0.11,0,2.823,3.25,TRUE,"Between",2,1.0007515795534,1.0007515795534
"Intercepts","Y",1.018,0.063,0,0.891,1.139,TRUE,"Between",2,1.0007515795534,1.0007515795534
"Intercepts","PHI_X",0.217,0.017,0,0.183,0.25,TRUE,"Between",2,1.0007515795534,1.0007515795534
"Intercepts","PHI_Y",0.208,0.019,0,0.172,0.246,TRUE,"Between",2,1.0007515795534,1.0007515795534
"Intercepts","PHI_XY",0.057,0.019,0.002,0.02,0.093,TRUE,"Between",2,1.0007515795534,1.0007515795534
"Intercepts","BETA_YX",0.319,0.017,0,0.287,0.354,TRUE,"Between",2,1.0007515795534,1.0007515795534
"Intercepts","PSI_X",-1.491,0.057,0,-1.605,-1.381,TRUE,"Between",2,1.0007515795534,1.0007515795534
"Intercepts","PSI_Y",-1.449,0.06,0,-1.568,-1.33,TRUE,"Between",2,1.0007515795534,1.0007515795534
