"paramHeader","param","est","posterior_sd","pval","lower_2.5ci","upper_2.5ci","sig","BetweenWithin","mplus_time","rhatMean","rhatLast"
"Intercepts","X",3.05,0.112,0,2.831,3.272,TRUE,"Between",3,1.00154289422716,1.00154289422716
"Intercepts","Y",1.004,0.075,0,0.855,1.148,TRUE,"Between",3,1.00154289422716,1.00154289422716
"Intercepts","PHI_X",0.216,0.017,0,0.182,0.25,TRUE,"Between",3,1.00154289422716,1.00154289422716
"Intercepts","PHI_Y",0.232,0.016,0,0.201,0.263,TRUE,"Between",3,1.00154289422716,1.00154289422716
"Intercepts","PHI_XY",0.06,0.018,0,0.024,0.095,TRUE,"Between",3,1.00154289422716,1.00154289422716
"Intercepts","BETA_YX",0.263,0.017,0,0.23,0.297,TRUE,"Between",3,1.00154289422716,1.00154289422716
"Intercepts","PSI_X",-1.598,0.071,0,-1.741,-1.46,TRUE,"Between",3,1.00154289422716,1.00154289422716
"Intercepts","PSI_Y",-1.453,0.061,0,-1.573,-1.332,TRUE,"Between",3,1.00154289422716,1.00154289422716
