"paramHeader","param","est","posterior_sd","pval","lower_2.5ci","upper_2.5ci","sig","BetweenWithin","mplus_time","rhatMean","rhatLast"
"Intercepts","X",3.023,0.117,0,2.796,3.256,TRUE,"Between",3,1.00107386675428,1.00107386675428
"Intercepts","Y",1.101,0.07,0,0.964,1.233,TRUE,"Between",3,1.00107386675428,1.00107386675428
"Intercepts","PHI_X",0.221,0.017,0,0.188,0.254,TRUE,"Between",3,1.00107386675428,1.00107386675428
"Intercepts","PHI_Y",0.241,0.017,0,0.207,0.276,TRUE,"Between",3,1.00107386675428,1.00107386675428
"Intercepts","PHI_XY",0.055,0.019,0.002,0.017,0.09,TRUE,"Between",3,1.00107386675428,1.00107386675428
"Intercepts","BETA_YX",0.298,0.018,0,0.262,0.334,TRUE,"Between",3,1.00107386675428,1.00107386675428
"Intercepts","PSI_X",-1.493,0.064,0,-1.622,-1.368,TRUE,"Between",3,1.00107386675428,1.00107386675428
"Intercepts","PSI_Y",-1.374,0.062,0,-1.495,-1.252,TRUE,"Between",3,1.00107386675428,1.00107386675428
