"paramHeader","param","est","posterior_sd","pval","lower_2.5ci","upper_2.5ci","sig","BetweenWithin","mplus_time","rhatMean","rhatLast"
"Intercepts","X",2.842,0.118,0,2.607,3.072,TRUE,"Between",3,1.00077887307629,1.00077887307629
"Intercepts","Y",0.931,0.071,0,0.79,1.072,TRUE,"Between",3,1.00077887307629,1.00077887307629
"Intercepts","PHI_X",0.222,0.017,0,0.189,0.255,TRUE,"Between",3,1.00077887307629,1.00077887307629
"Intercepts","PHI_Y",0.252,0.02,0,0.214,0.291,TRUE,"Between",3,1.00077887307629,1.00077887307629
"Intercepts","PHI_XY",0.038,0.019,0.027,-0.001,0.075,FALSE,"Between",3,1.00077887307629,1.00077887307629
"Intercepts","BETA_YX",0.297,0.017,0,0.265,0.331,TRUE,"Between",3,1.00077887307629,1.00077887307629
"Intercepts","PSI_X",-1.665,0.069,0,-1.803,-1.529,TRUE,"Between",3,1.00077887307629,1.00077887307629
"Intercepts","PSI_Y",-1.322,0.067,0,-1.453,-1.191,TRUE,"Between",3,1.00077887307629,1.00077887307629
