"paramHeader","param","est","posterior_sd","pval","lower_2.5ci","upper_2.5ci","sig","BetweenWithin","mplus_time","rhatMean","rhatLast"
"Intercepts","X",3.065,0.121,0,2.829,3.298,TRUE,"Between",2,1.00069754355417,1.00069754355417
"Intercepts","Y",1.139,0.073,0,0.997,1.277,TRUE,"Between",2,1.00069754355417,1.00069754355417
"Intercepts","PHI_X",0.2,0.017,0,0.165,0.233,TRUE,"Between",2,1.00069754355417,1.00069754355417
"Intercepts","PHI_Y",0.279,0.016,0,0.247,0.311,TRUE,"Between",2,1.00069754355417,1.00069754355417
"Intercepts","PHI_XY",0.066,0.019,0,0.028,0.102,TRUE,"Between",2,1.00069754355417,1.00069754355417
"Intercepts","BETA_YX",0.305,0.017,0,0.272,0.338,TRUE,"Between",2,1.00069754355417,1.00069754355417
"Intercepts","PSI_X",-1.452,0.064,0,-1.579,-1.33,TRUE,"Between",2,1.00069754355417,1.00069754355417
"Intercepts","PSI_Y",-1.365,0.059,0,-1.483,-1.251,TRUE,"Between",2,1.00069754355417,1.00069754355417
