"paramHeader","param","est","posterior_sd","pval","lower_2.5ci","upper_2.5ci","sig","BetweenWithin","mplus_time","rhatMean","rhatLast"
"Intercepts","X",3.133,0.113,0,2.91,3.354,TRUE,"Between",3,1.00092475750513,1.00092475750513
"Intercepts","Y",1.083,0.07,0,0.947,1.217,TRUE,"Between",3,1.00092475750513,1.00092475750513
"Intercepts","PHI_X",0.209,0.016,0,0.177,0.24,TRUE,"Between",3,1.00092475750513,1.00092475750513
"Intercepts","PHI_Y",0.25,0.019,0,0.213,0.288,TRUE,"Between",3,1.00092475750513,1.00092475750513
"Intercepts","PHI_XY",0.039,0.017,0.011,0.005,0.074,TRUE,"Between",3,1.00092475750513,1.00092475750513
"Intercepts","BETA_YX",0.29,0.018,0,0.256,0.325,TRUE,"Between",3,1.00092475750513,1.00092475750513
"Intercepts","PSI_X",-1.486,0.065,0,-1.616,-1.361,TRUE,"Between",3,1.00092475750513,1.00092475750513
"Intercepts","PSI_Y",-1.352,0.069,0,-1.489,-1.217,TRUE,"Between",3,1.00092475750513,1.00092475750513
