"paramHeader","param","est","posterior_sd","pval","lower_2.5ci","upper_2.5ci","sig","BetweenWithin","mplus_time","rhatMean","rhatLast"
"Intercepts","X",3.051,0.118,0,2.822,3.284,TRUE,"Between",2,1.0010144691438,1.0010144691438
"Intercepts","Y",0.998,0.074,0,0.852,1.14,TRUE,"Between",2,1.0010144691438,1.0010144691438
"Intercepts","PHI_X",0.227,0.016,0,0.195,0.257,TRUE,"Between",2,1.0010144691438,1.0010144691438
"Intercepts","PHI_Y",0.247,0.02,0,0.208,0.288,TRUE,"Between",2,1.0010144691438,1.0010144691438
"Intercepts","PHI_XY",0.049,0.017,0.002,0.016,0.082,TRUE,"Between",2,1.0010144691438,1.0010144691438
"Intercepts","BETA_YX",0.288,0.018,0,0.253,0.326,TRUE,"Between",2,1.0010144691438,1.0010144691438
"Intercepts","PSI_X",-1.477,0.061,0,-1.6,-1.358,TRUE,"Between",2,1.0010144691438,1.0010144691438
"Intercepts","PSI_Y",-1.393,0.069,0,-1.528,-1.26,TRUE,"Between",2,1.0010144691438,1.0010144691438
