"paramHeader","param","est","posterior_sd","pval","lower_2.5ci","upper_2.5ci","sig","BetweenWithin","mplus_time","rhatMean","rhatLast"
"Intercepts","X",2.934,0.114,0,2.707,3.156,TRUE,"Between",2,1.00051047151213,1.00051047151213
"Intercepts","Y",0.934,0.067,0,0.802,1.064,TRUE,"Between",2,1.00051047151213,1.00051047151213
"Intercepts","PHI_X",0.177,0.018,0,0.141,0.212,TRUE,"Between",2,1.00051047151213,1.00051047151213
"Intercepts","PHI_Y",0.217,0.02,0,0.179,0.257,TRUE,"Between",2,1.00051047151213,1.00051047151213
"Intercepts","PHI_XY",0.066,0.017,0,0.033,0.099,TRUE,"Between",2,1.00051047151213,1.00051047151213
"Intercepts","BETA_YX",0.313,0.019,0,0.277,0.352,TRUE,"Between",2,1.00051047151213,1.00051047151213
"Intercepts","PSI_X",-1.692,0.064,0,-1.821,-1.57,TRUE,"Between",2,1.00051047151213,1.00051047151213
"Intercepts","PSI_Y",-1.495,0.06,0,-1.616,-1.379,TRUE,"Between",2,1.00051047151213,1.00051047151213
