"paramHeader","param","est","posterior_sd","pval","lower_2.5ci","upper_2.5ci","sig","BetweenWithin","mplus_time","rhatMean","rhatLast"
"Intercepts","X",3.015,0.11,0,2.802,3.234,TRUE,"Between",3,1.00107065376949,1.00107065376949
"Intercepts","Y",0.937,0.071,0,0.795,1.072,TRUE,"Between",3,1.00107065376949,1.00107065376949
"Intercepts","PHI_X",0.215,0.019,0,0.178,0.251,TRUE,"Between",3,1.00107065376949,1.00107065376949
"Intercepts","PHI_Y",0.239,0.018,0,0.204,0.275,TRUE,"Between",3,1.00107065376949,1.00107065376949
"Intercepts","PHI_XY",0.029,0.019,0.061,-0.008,0.065,FALSE,"Between",3,1.00107065376949,1.00107065376949
"Intercepts","BETA_YX",0.281,0.019,0,0.245,0.318,TRUE,"Between",3,1.00107065376949,1.00107065376949
"Intercepts","PSI_X",-1.732,0.069,0,-1.87,-1.6,TRUE,"Between",3,1.00107065376949,1.00107065376949
"Intercepts","PSI_Y",-1.458,0.058,0,-1.573,-1.344,TRUE,"Between",3,1.00107065376949,1.00107065376949
