"paramHeader","param","est","posterior_sd","pval","lower_2.5ci","upper_2.5ci","sig","BetweenWithin","mplus_time","rhatMean","rhatLast"
"Intercepts","X",3.049,0.112,0,2.826,3.269,TRUE,"Between",3,1.00077494690098,1.00077494690098
"Intercepts","Y",0.955,0.063,0,0.828,1.075,TRUE,"Between",3,1.00077494690098,1.00077494690098
"Intercepts","PHI_X",0.215,0.018,0,0.178,0.25,TRUE,"Between",3,1.00077494690098,1.00077494690098
"Intercepts","PHI_Y",0.229,0.018,0,0.194,0.265,TRUE,"Between",3,1.00077494690098,1.00077494690098
"Intercepts","PHI_XY",0.074,0.017,0,0.041,0.108,TRUE,"Between",3,1.00077494690098,1.00077494690098
"Intercepts","BETA_YX",0.313,0.016,0,0.281,0.347,TRUE,"Between",3,1.00077494690098,1.00077494690098
"Intercepts","PSI_X",-1.591,0.07,0,-1.734,-1.456,TRUE,"Between",3,1.00077494690098,1.00077494690098
"Intercepts","PSI_Y",-1.419,0.068,0,-1.555,-1.285,TRUE,"Between",3,1.00077494690098,1.00077494690098
