"paramHeader","param","est","posterior_sd","pval","lower_2.5ci","upper_2.5ci","sig","BetweenWithin","mplus_time","rhatMean","rhatLast"
"Intercepts","X",3.069,0.112,0,2.851,3.286,TRUE,"Between",2,1.00142021800414,1.00142021800414
"Intercepts","Y",0.974,0.072,0,0.832,1.112,TRUE,"Between",2,1.00142021800414,1.00142021800414
"Intercepts","PHI_X",0.2,0.016,0,0.168,0.23,TRUE,"Between",2,1.00142021800414,1.00142021800414
"Intercepts","PHI_Y",0.267,0.017,0,0.235,0.301,TRUE,"Between",2,1.00142021800414,1.00142021800414
"Intercepts","PHI_XY",0.043,0.017,0.005,0.01,0.075,TRUE,"Between",2,1.00142021800414,1.00142021800414
"Intercepts","BETA_YX",0.287,0.016,0,0.257,0.318,TRUE,"Between",2,1.00142021800414,1.00142021800414
"Intercepts","PSI_X",-1.559,0.064,0,-1.689,-1.436,TRUE,"Between",2,1.00142021800414,1.00142021800414
"Intercepts","PSI_Y",-1.424,0.069,0,-1.561,-1.288,TRUE,"Between",2,1.00142021800414,1.00142021800414
