"paramHeader","param","est","posterior_sd","pval","lower_2.5ci","upper_2.5ci","sig","BetweenWithin","mplus_time","rhatMean","rhatLast"
"Intercepts","X",3.034,0.107,0,2.823,3.242,TRUE,"Between",2,1.00086405022691,1.00086405022691
"Intercepts","Y",0.98,0.059,0,0.866,1.092,TRUE,"Between",2,1.00086405022691,1.00086405022691
"Intercepts","PHI_X",0.222,0.015,0,0.191,0.252,TRUE,"Between",2,1.00086405022691,1.00086405022691
"Intercepts","PHI_Y",0.249,0.018,0,0.215,0.285,TRUE,"Between",2,1.00086405022691,1.00086405022691
"Intercepts","PHI_XY",0.054,0.016,0,0.022,0.086,TRUE,"Between",2,1.00086405022691,1.00086405022691
"Intercepts","BETA_YX",0.28,0.017,0,0.248,0.314,TRUE,"Between",2,1.00086405022691,1.00086405022691
"Intercepts","PSI_X",-1.568,0.069,0,-1.704,-1.435,TRUE,"Between",2,1.00086405022691,1.00086405022691
"Intercepts","PSI_Y",-1.349,0.065,0,-1.478,-1.222,TRUE,"Between",2,1.00086405022691,1.00086405022691
