"paramHeader","param","est","posterior_sd","pval","lower_2.5ci","upper_2.5ci","sig","BetweenWithin","mplus_time","rhatMean","rhatLast"
"Intercepts","X",2.839,0.105,0,2.631,3.048,TRUE,"Between",3,1.00110522166752,1.00110522166752
"Intercepts","Y",0.903,0.072,0,0.762,1.042,TRUE,"Between",3,1.00110522166752,1.00110522166752
"Intercepts","PHI_X",0.199,0.016,0,0.167,0.231,TRUE,"Between",3,1.00110522166752,1.00110522166752
"Intercepts","PHI_Y",0.233,0.019,0,0.197,0.271,TRUE,"Between",3,1.00110522166752,1.00110522166752
"Intercepts","PHI_XY",0.046,0.018,0.005,0.011,0.08,TRUE,"Between",3,1.00110522166752,1.00110522166752
"Intercepts","BETA_YX",0.297,0.015,0,0.268,0.325,TRUE,"Between",3,1.00110522166752,1.00110522166752
"Intercepts","PSI_X",-1.602,0.058,0,-1.72,-1.491,TRUE,"Between",3,1.00110522166752,1.00110522166752
"Intercepts","PSI_Y",-1.519,0.064,0,-1.645,-1.392,TRUE,"Between",3,1.00110522166752,1.00110522166752
