"paramHeader","param","est","posterior_sd","pval","lower_2.5ci","upper_2.5ci","sig","BetweenWithin","mplus_time","rhatMean","rhatLast"
"Intercepts","X",2.998,0.13,0,2.742,3.255,TRUE,"Between",2,1.00076944142565,1.00076944142565
"Intercepts","Y",0.962,0.063,0,0.84,1.083,TRUE,"Between",2,1.00076944142565,1.00076944142565
"Intercepts","PHI_X",0.189,0.015,0,0.159,0.219,TRUE,"Between",2,1.00076944142565,1.00076944142565
"Intercepts","PHI_Y",0.241,0.021,0,0.201,0.282,TRUE,"Between",2,1.00076944142565,1.00076944142565
"Intercepts","PHI_XY",0.044,0.021,0.015,0.003,0.085,TRUE,"Between",2,1.00076944142565,1.00076944142565
"Intercepts","BETA_YX",0.273,0.018,0,0.238,0.31,TRUE,"Between",2,1.00076944142565,1.00076944142565
"Intercepts","PSI_X",-1.764,0.066,0,-1.898,-1.635,TRUE,"Between",2,1.00076944142565,1.00076944142565
"Intercepts","PSI_Y",-1.356,0.062,0,-1.478,-1.234,TRUE,"Between",2,1.00076944142565,1.00076944142565
