"paramHeader","param","est","posterior_sd","pval","lower_2.5ci","upper_2.5ci","sig","BetweenWithin","mplus_time","rhatMean","rhatLast"
"Intercepts","X",3.126,0.111,0,2.906,3.342,TRUE,"Between",2,1.00073943226863,1.00073943226863
"Intercepts","Y",1.102,0.075,0,0.953,1.243,TRUE,"Between",2,1.00073943226863,1.00073943226863
"Intercepts","PHI_X",0.215,0.017,0,0.181,0.249,TRUE,"Between",2,1.00073943226863,1.00073943226863
"Intercepts","PHI_Y",0.236,0.02,0,0.197,0.274,TRUE,"Between",2,1.00073943226863,1.00073943226863
"Intercepts","PHI_XY",0.049,0.017,0.003,0.015,0.083,TRUE,"Between",2,1.00073943226863,1.00073943226863
"Intercepts","BETA_YX",0.293,0.016,0,0.261,0.325,TRUE,"Between",2,1.00073943226863,1.00073943226863
"Intercepts","PSI_X",-1.536,0.066,0,-1.668,-1.41,TRUE,"Between",2,1.00073943226863,1.00073943226863
"Intercepts","PSI_Y",-1.31,0.067,0,-1.44,-1.178,TRUE,"Between",2,1.00073943226863,1.00073943226863
