"paramHeader","param","est","posterior_sd","pval","lower_2.5ci","upper_2.5ci","sig","BetweenWithin","mplus_time","rhatMean","rhatLast"
"Intercepts","X",2.946,0.113,0,2.72,3.167,TRUE,"Between",2,1.00067129483475,1.00067129483475
"Intercepts","Y",0.954,0.067,0,0.822,1.084,TRUE,"Between",2,1.00067129483475,1.00067129483475
"Intercepts","PHI_X",0.19,0.016,0,0.157,0.222,TRUE,"Between",2,1.00067129483475,1.00067129483475
"Intercepts","PHI_Y",0.242,0.018,0,0.208,0.277,TRUE,"Between",2,1.00067129483475,1.00067129483475
"Intercepts","PHI_XY",0.045,0.019,0.011,0.007,0.082,TRUE,"Between",2,1.00067129483475,1.00067129483475
"Intercepts","BETA_YX",0.292,0.017,0,0.257,0.324,TRUE,"Between",2,1.00067129483475,1.00067129483475
"Intercepts","PSI_X",-1.624,0.059,0,-1.743,-1.511,TRUE,"Between",2,1.00067129483475,1.00067129483475
"Intercepts","PSI_Y",-1.368,0.069,0,-1.506,-1.228,TRUE,"Between",2,1.00067129483475,1.00067129483475
