"paramHeader","param","est","posterior_sd","pval","lower_2.5ci","upper_2.5ci","sig","BetweenWithin","mplus_time","rhatMean","rhatLast"
"Intercepts","X",3.157,0.106,0,2.949,3.37,TRUE,"Between",3,1.00091689066156,1.00091689066156
"Intercepts","Y",1.088,0.071,0,0.95,1.226,TRUE,"Between",3,1.00091689066156,1.00091689066156
"Intercepts","PHI_X",0.196,0.017,0,0.162,0.229,TRUE,"Between",3,1.00091689066156,1.00091689066156
"Intercepts","PHI_Y",0.236,0.019,0,0.2,0.273,TRUE,"Between",3,1.00091689066156,1.00091689066156
"Intercepts","PHI_XY",0.049,0.018,0.003,0.014,0.084,TRUE,"Between",3,1.00091689066156,1.00091689066156
"Intercepts","BETA_YX",0.309,0.015,0,0.278,0.339,TRUE,"Between",3,1.00091689066156,1.00091689066156
"Intercepts","PSI_X",-1.538,0.069,0,-1.678,-1.404,TRUE,"Between",3,1.00091689066156,1.00091689066156
"Intercepts","PSI_Y",-1.32,0.065,0,-1.448,-1.194,TRUE,"Between",3,1.00091689066156,1.00091689066156
