"paramHeader","param","est","posterior_sd","pval","lower_2.5ci","upper_2.5ci","sig","BetweenWithin","mplus_time","rhatMean","rhatLast"
"Intercepts","X",2.881,0.113,0,2.661,3.102,TRUE,"Between",2,1.00084089769524,1.00084089769524
"Intercepts","Y",0.931,0.076,0,0.78,1.077,TRUE,"Between",2,1.00084089769524,1.00084089769524
"Intercepts","PHI_X",0.219,0.016,0,0.188,0.249,TRUE,"Between",2,1.00084089769524,1.00084089769524
"Intercepts","PHI_Y",0.268,0.019,0,0.232,0.306,TRUE,"Between",2,1.00084089769524,1.00084089769524
"Intercepts","PHI_XY",0.029,0.018,0.061,-0.008,0.064,FALSE,"Between",2,1.00084089769524,1.00084089769524
"Intercepts","BETA_YX",0.323,0.017,0,0.291,0.355,TRUE,"Between",2,1.00084089769524,1.00084089769524
"Intercepts","PSI_X",-1.655,0.062,0,-1.779,-1.532,TRUE,"Between",2,1.00084089769524,1.00084089769524
"Intercepts","PSI_Y",-1.38,0.059,0,-1.495,-1.265,TRUE,"Between",2,1.00084089769524,1.00084089769524
