"paramHeader","param","est","posterior_sd","pval","lower_2.5ci","upper_2.5ci","sig","BetweenWithin","mplus_time","rhatMean","rhatLast"
"Intercepts","X",3.065,0.135,0,2.799,3.328,TRUE,"Between",3,1.00084349268717,1.00084349268717
"Intercepts","Y",1.027,0.078,0,0.875,1.175,TRUE,"Between",3,1.00084349268717,1.00084349268717
"Intercepts","PHI_X",0.181,0.017,0,0.148,0.213,TRUE,"Between",3,1.00084349268717,1.00084349268717
"Intercepts","PHI_Y",0.271,0.018,0,0.236,0.308,TRUE,"Between",3,1.00084349268717,1.00084349268717
"Intercepts","PHI_XY",0.021,0.019,0.138,-0.017,0.057,FALSE,"Between",3,1.00084349268717,1.00084349268717
"Intercepts","BETA_YX",0.302,0.019,0,0.265,0.34,TRUE,"Between",3,1.00084349268717,1.00084349268717
"Intercepts","PSI_X",-1.576,0.063,0,-1.701,-1.456,TRUE,"Between",3,1.00084349268717,1.00084349268717
"Intercepts","PSI_Y",-1.409,0.064,0,-1.537,-1.282,TRUE,"Between",3,1.00084349268717,1.00084349268717
