"paramHeader","param","est","posterior_sd","pval","lower_2.5ci","upper_2.5ci","sig","BetweenWithin","mplus_time","rhatMean","rhatLast"
"Intercepts","X",3.136,0.114,0,2.914,3.358,TRUE,"Between",3,1.00110929567378,1.00110929567378
"Intercepts","Y",1.112,0.069,0,0.979,1.247,TRUE,"Between",3,1.00110929567378,1.00110929567378
"Intercepts","PHI_X",0.195,0.017,0,0.162,0.227,TRUE,"Between",3,1.00110929567378,1.00110929567378
"Intercepts","PHI_Y",0.25,0.017,0,0.218,0.284,TRUE,"Between",3,1.00110929567378,1.00110929567378
"Intercepts","PHI_XY",0.068,0.018,0,0.033,0.103,TRUE,"Between",3,1.00110929567378,1.00110929567378
"Intercepts","BETA_YX",0.321,0.016,0,0.289,0.354,TRUE,"Between",3,1.00110929567378,1.00110929567378
"Intercepts","PSI_X",-1.534,0.071,0,-1.676,-1.399,TRUE,"Between",3,1.00110929567378,1.00110929567378
"Intercepts","PSI_Y",-1.278,0.06,0,-1.394,-1.16,TRUE,"Between",3,1.00110929567378,1.00110929567378
