"paramHeader","param","est","posterior_sd","pval","lower_2.5ci","upper_2.5ci","sig","BetweenWithin","mplus_time","rhatMean","rhatLast"
"Intercepts","X",3.005,0.117,0,2.773,3.233,TRUE,"Between",2,1.00096353081352,1.00096353081352
"Intercepts","Y",1.055,0.066,0,0.926,1.183,TRUE,"Between",2,1.00096353081352,1.00096353081352
"Intercepts","PHI_X",0.174,0.017,0,0.141,0.206,TRUE,"Between",2,1.00096353081352,1.00096353081352
"Intercepts","PHI_Y",0.232,0.019,0,0.195,0.27,TRUE,"Between",2,1.00096353081352,1.00096353081352
"Intercepts","PHI_XY",0.049,0.016,0.001,0.019,0.079,TRUE,"Between",2,1.00096353081352,1.00096353081352
"Intercepts","BETA_YX",0.31,0.017,0,0.276,0.345,TRUE,"Between",2,1.00096353081352,1.00096353081352
"Intercepts","PSI_X",-1.567,0.068,0,-1.706,-1.435,TRUE,"Between",2,1.00096353081352,1.00096353081352
"Intercepts","PSI_Y",-1.465,0.061,0,-1.585,-1.343,TRUE,"Between",2,1.00096353081352,1.00096353081352
