"paramHeader","param","est","posterior_sd","pval","lower_2.5ci","upper_2.5ci","sig","BetweenWithin","mplus_time","rhatMean","rhatLast"
"Intercepts","X",2.953,0.117,0,2.721,3.184,TRUE,"Between",3,1.00292072129086,1.00292072129086
"Intercepts","Y",0.886,0.074,0,0.739,1.029,TRUE,"Between",3,1.00292072129086,1.00292072129086
"Intercepts","PHI_X",0.201,0.018,0,0.165,0.236,TRUE,"Between",3,1.00292072129086,1.00292072129086
"Intercepts","PHI_Y",0.229,0.017,0,0.195,0.263,TRUE,"Between",3,1.00292072129086,1.00292072129086
"Intercepts","PHI_XY",0.055,0.017,0.001,0.02,0.088,TRUE,"Between",3,1.00292072129086,1.00292072129086
"Intercepts","BETA_YX",0.27,0.018,0,0.235,0.307,TRUE,"Between",3,1.00292072129086,1.00292072129086
"Intercepts","PSI_X",-1.667,0.06,0,-1.788,-1.55,TRUE,"Between",3,1.00292072129086,1.00292072129086
"Intercepts","PSI_Y",-1.458,0.07,0,-1.597,-1.321,TRUE,"Between",3,1.00292072129086,1.00292072129086
