"paramHeader","param","est","posterior_sd","pval","lower_2.5ci","upper_2.5ci","sig","BetweenWithin","mplus_time","rhatMean","rhatLast"
"Intercepts","X",2.894,0.122,0,2.655,3.139,TRUE,"Between",2,1.00076403215036,1.00076403215036
"Intercepts","Y",0.934,0.073,0,0.788,1.076,TRUE,"Between",2,1.00076403215036,1.00076403215036
"Intercepts","PHI_X",0.196,0.017,0,0.162,0.229,TRUE,"Between",2,1.00076403215036,1.00076403215036
"Intercepts","PHI_Y",0.273,0.018,0,0.237,0.309,TRUE,"Between",2,1.00076403215036,1.00076403215036
"Intercepts","PHI_XY",0.018,0.019,0.174,-0.019,0.054,FALSE,"Between",2,1.00076403215036,1.00076403215036
"Intercepts","BETA_YX",0.281,0.016,0,0.25,0.312,TRUE,"Between",2,1.00076403215036,1.00076403215036
"Intercepts","PSI_X",-1.655,0.064,0,-1.783,-1.531,TRUE,"Between",2,1.00076403215036,1.00076403215036
"Intercepts","PSI_Y",-1.475,0.068,0,-1.61,-1.343,TRUE,"Between",2,1.00076403215036,1.00076403215036
