"paramHeader","param","est","posterior_sd","pval","lower_2.5ci","upper_2.5ci","sig","BetweenWithin","mplus_time","rhatMean","rhatLast"
"Intercepts","X",3.077,0.095,0,2.888,3.26,TRUE,"Between",2,1.00100434620327,1.00100434620327
"Intercepts","Y",1.128,0.064,0,1,1.251,TRUE,"Between",2,1.00100434620327,1.00100434620327
"Intercepts","PHI_X",0.224,0.017,0,0.191,0.256,TRUE,"Between",2,1.00100434620327,1.00100434620327
"Intercepts","PHI_Y",0.259,0.018,0,0.224,0.293,TRUE,"Between",2,1.00100434620327,1.00100434620327
"Intercepts","PHI_XY",0.048,0.018,0.004,0.011,0.084,TRUE,"Between",2,1.00100434620327,1.00100434620327
"Intercepts","BETA_YX",0.297,0.017,0,0.264,0.332,TRUE,"Between",2,1.00100434620327,1.00100434620327
"Intercepts","PSI_X",-1.562,0.057,0,-1.68,-1.451,TRUE,"Between",2,1.00100434620327,1.00100434620327
"Intercepts","PSI_Y",-1.403,0.065,0,-1.53,-1.274,TRUE,"Between",2,1.00100434620327,1.00100434620327
