"paramHeader","param","est","posterior_sd","pval","lower_2.5ci","upper_2.5ci","sig","BetweenWithin","mplus_time","rhatMean","rhatLast"
"Intercepts","X",2.97,0.123,0,2.735,3.212,TRUE,"Between",2,1.00093109661931,1.00093109661931
"Intercepts","Y",0.989,0.075,0,0.842,1.136,TRUE,"Between",2,1.00093109661931,1.00093109661931
"Intercepts","PHI_X",0.198,0.016,0,0.165,0.23,TRUE,"Between",2,1.00093109661931,1.00093109661931
"Intercepts","PHI_Y",0.269,0.017,0,0.236,0.304,TRUE,"Between",2,1.00093109661931,1.00093109661931
"Intercepts","PHI_XY",0.017,0.02,0.201,-0.022,0.055,FALSE,"Between",2,1.00093109661931,1.00093109661931
"Intercepts","BETA_YX",0.293,0.018,0,0.258,0.329,TRUE,"Between",2,1.00093109661931,1.00093109661931
"Intercepts","PSI_X",-1.614,0.067,0,-1.747,-1.485,TRUE,"Between",2,1.00093109661931,1.00093109661931
"Intercepts","PSI_Y",-1.349,0.073,0,-1.493,-1.204,TRUE,"Between",2,1.00093109661931,1.00093109661931
