"paramHeader","param","est","posterior_sd","pval","lower_2.5ci","upper_2.5ci","sig","BetweenWithin","mplus_time","rhatMean","rhatLast"
"Intercepts","X",3.021,0.124,0,2.776,3.261,TRUE,"Between",3,1.00132601021812,1.00132601021812
"Intercepts","Y",0.947,0.068,0,0.812,1.077,TRUE,"Between",3,1.00132601021812,1.00132601021812
"Intercepts","PHI_X",0.189,0.016,0,0.156,0.221,TRUE,"Between",3,1.00132601021812,1.00132601021812
"Intercepts","PHI_Y",0.233,0.02,0,0.194,0.272,TRUE,"Between",3,1.00132601021812,1.00132601021812
"Intercepts","PHI_XY",0.056,0.017,0.001,0.022,0.089,TRUE,"Between",3,1.00132601021812,1.00132601021812
"Intercepts","BETA_YX",0.294,0.018,0,0.259,0.329,TRUE,"Between",3,1.00132601021812,1.00132601021812
"Intercepts","PSI_X",-1.606,0.063,0,-1.734,-1.487,TRUE,"Between",3,1.00132601021812,1.00132601021812
"Intercepts","PSI_Y",-1.498,0.067,0,-1.63,-1.369,TRUE,"Between",3,1.00132601021812,1.00132601021812
