"paramHeader","param","est","posterior_sd","pval","lower_2.5ci","upper_2.5ci","sig","BetweenWithin","mplus_time","rhatMean","rhatLast"
"Intercepts","X",3.166,0.119,0,2.928,3.4,TRUE,"Between",3,1.00083954045288,1.00083954045288
"Intercepts","Y",1.226,0.071,0,1.084,1.36,TRUE,"Between",3,1.00083954045288,1.00083954045288
"Intercepts","PHI_X",0.195,0.018,0,0.16,0.23,TRUE,"Between",3,1.00083954045288,1.00083954045288
"Intercepts","PHI_Y",0.24,0.019,0,0.203,0.278,TRUE,"Between",3,1.00083954045288,1.00083954045288
"Intercepts","PHI_XY",0.071,0.018,0,0.035,0.106,TRUE,"Between",3,1.00083954045288,1.00083954045288
"Intercepts","BETA_YX",0.296,0.018,0,0.261,0.332,TRUE,"Between",3,1.00083954045288,1.00083954045288
"Intercepts","PSI_X",-1.558,0.068,0,-1.694,-1.425,TRUE,"Between",3,1.00083954045288,1.00083954045288
"Intercepts","PSI_Y",-1.325,0.062,0,-1.447,-1.203,TRUE,"Between",3,1.00083954045288,1.00083954045288
