"paramHeader","param","est","posterior_sd","pval","lower_2.5ci","upper_2.5ci","sig","BetweenWithin","mplus_time","rhatMean","rhatLast"
"Intercepts","X",2.897,0.126,0,2.652,3.144,TRUE,"Between",2,1.00117977420196,1.00117977420196
"Intercepts","Y",1.021,0.073,0,0.88,1.162,TRUE,"Between",2,1.00117977420196,1.00117977420196
"Intercepts","PHI_X",0.192,0.016,0,0.159,0.224,TRUE,"Between",2,1.00117977420196,1.00117977420196
"Intercepts","PHI_Y",0.277,0.018,0,0.242,0.312,TRUE,"Between",2,1.00117977420196,1.00117977420196
"Intercepts","PHI_XY",0.043,0.017,0.007,0.009,0.076,TRUE,"Between",2,1.00117977420196,1.00117977420196
"Intercepts","BETA_YX",0.296,0.018,0,0.261,0.331,TRUE,"Between",2,1.00117977420196,1.00117977420196
"Intercepts","PSI_X",-1.522,0.065,0,-1.651,-1.395,TRUE,"Between",2,1.00117977420196,1.00117977420196
"Intercepts","PSI_Y",-1.294,0.067,0,-1.428,-1.16,TRUE,"Between",2,1.00117977420196,1.00117977420196
