"paramHeader","param","est","posterior_sd","pval","lower_2.5ci","upper_2.5ci","sig","BetweenWithin","mplus_time","rhatMean","rhatLast"
"Intercepts","X",2.907,0.11,0,2.691,3.12,TRUE,"Between",2,1.00061832113345,1.00061832113345
"Intercepts","Y",0.918,0.062,0,0.796,1.037,TRUE,"Between",2,1.00061832113345,1.00061832113345
"Intercepts","PHI_X",0.187,0.018,0,0.151,0.223,TRUE,"Between",2,1.00061832113345,1.00061832113345
"Intercepts","PHI_Y",0.231,0.017,0,0.198,0.265,TRUE,"Between",2,1.00061832113345,1.00061832113345
"Intercepts","PHI_XY",0.028,0.018,0.064,-0.007,0.062,FALSE,"Between",2,1.00061832113345,1.00061832113345
"Intercepts","BETA_YX",0.279,0.018,0,0.244,0.316,TRUE,"Between",2,1.00061832113345,1.00061832113345
"Intercepts","PSI_X",-1.643,0.058,0,-1.76,-1.53,TRUE,"Between",2,1.00061832113345,1.00061832113345
"Intercepts","PSI_Y",-1.463,0.067,0,-1.593,-1.331,TRUE,"Between",2,1.00061832113345,1.00061832113345
