"paramHeader","param","est","posterior_sd","pval","lower_2.5ci","upper_2.5ci","sig","BetweenWithin","mplus_time","rhatMean","rhatLast"
"Intercepts","X",3.076,0.11,0,2.861,3.295,TRUE,"Between",2,1.00090614798233,1.00090614798233
"Intercepts","Y",1.086,0.068,0,0.952,1.217,TRUE,"Between",2,1.00090614798233,1.00090614798233
"Intercepts","PHI_X",0.208,0.016,0,0.177,0.239,TRUE,"Between",2,1.00090614798233,1.00090614798233
"Intercepts","PHI_Y",0.256,0.018,0,0.221,0.292,TRUE,"Between",2,1.00090614798233,1.00090614798233
"Intercepts","PHI_XY",0.055,0.018,0.001,0.02,0.089,TRUE,"Between",2,1.00090614798233,1.00090614798233
"Intercepts","BETA_YX",0.315,0.017,0,0.281,0.35,TRUE,"Between",2,1.00090614798233,1.00090614798233
"Intercepts","PSI_X",-1.514,0.066,0,-1.645,-1.387,TRUE,"Between",2,1.00090614798233,1.00090614798233
"Intercepts","PSI_Y",-1.311,0.052,0,-1.415,-1.209,TRUE,"Between",2,1.00090614798233,1.00090614798233
