"paramHeader","param","est","posterior_sd","pval","lower_2.5ci","upper_2.5ci","sig","BetweenWithin","mplus_time","rhatMean","rhatLast"
"Intercepts","X",2.97,0.118,0,2.737,3.207,TRUE,"Between",2,1.00082474658879,1.00082474658879
"Intercepts","Y",0.967,0.072,0,0.826,1.104,TRUE,"Between",2,1.00082474658879,1.00082474658879
"Intercepts","PHI_X",0.211,0.018,0,0.176,0.246,TRUE,"Between",2,1.00082474658879,1.00082474658879
"Intercepts","PHI_Y",0.228,0.016,0,0.197,0.261,TRUE,"Between",2,1.00082474658879,1.00082474658879
"Intercepts","PHI_XY",0.048,0.018,0.005,0.011,0.083,TRUE,"Between",2,1.00082474658879,1.00082474658879
"Intercepts","BETA_YX",0.279,0.016,0,0.249,0.311,TRUE,"Between",2,1.00082474658879,1.00082474658879
"Intercepts","PSI_X",-1.626,0.069,0,-1.767,-1.489,TRUE,"Between",2,1.00082474658879,1.00082474658879
"Intercepts","PSI_Y",-1.405,0.072,0,-1.546,-1.262,TRUE,"Between",2,1.00082474658879,1.00082474658879
