"paramHeader","param","est","posterior_sd","pval","lower_2.5ci","upper_2.5ci","sig","BetweenWithin","mplus_time","rhatMean","rhatLast"
"Intercepts","X",3.106,0.111,0,2.89,3.328,TRUE,"Between",2,1.00093816009311,1.00093816009311
"Intercepts","Y",1.052,0.076,0,0.905,1.201,TRUE,"Between",2,1.00093816009311,1.00093816009311
"Intercepts","PHI_X",0.194,0.017,0,0.159,0.227,TRUE,"Between",2,1.00093816009311,1.00093816009311
"Intercepts","PHI_Y",0.255,0.018,0,0.221,0.29,TRUE,"Between",2,1.00093816009311,1.00093816009311
"Intercepts","PHI_XY",0.058,0.018,0.001,0.023,0.093,TRUE,"Between",2,1.00093816009311,1.00093816009311
"Intercepts","BETA_YX",0.32,0.016,0,0.288,0.352,TRUE,"Between",2,1.00093816009311,1.00093816009311
"Intercepts","PSI_X",-1.583,0.068,0,-1.722,-1.453,TRUE,"Between",2,1.00093816009311,1.00093816009311
"Intercepts","PSI_Y",-1.439,0.061,0,-1.558,-1.318,TRUE,"Between",2,1.00093816009311,1.00093816009311
