"paramHeader","param","est","posterior_sd","pval","lower_2.5ci","upper_2.5ci","sig","BetweenWithin","mplus_time","rhatMean","rhatLast"
"Intercepts","X",3.08,0.124,0,2.838,3.322,TRUE,"Between",2,1.00048257333107,1.00048257333107
"Intercepts","Y",1.007,0.076,0,0.859,1.154,TRUE,"Between",2,1.00048257333107,1.00048257333107
"Intercepts","PHI_X",0.185,0.018,0,0.148,0.221,TRUE,"Between",2,1.00048257333107,1.00048257333107
"Intercepts","PHI_Y",0.275,0.019,0,0.237,0.313,TRUE,"Between",2,1.00048257333107,1.00048257333107
"Intercepts","PHI_XY",0.057,0.017,0,0.024,0.09,TRUE,"Between",2,1.00048257333107,1.00048257333107
"Intercepts","BETA_YX",0.29,0.016,0,0.259,0.323,TRUE,"Between",2,1.00048257333107,1.00048257333107
"Intercepts","PSI_X",-1.512,0.072,0,-1.656,-1.375,TRUE,"Between",2,1.00048257333107,1.00048257333107
"Intercepts","PSI_Y",-1.38,0.061,0,-1.5,-1.258,TRUE,"Between",2,1.00048257333107,1.00048257333107
