"paramHeader","param","est","posterior_sd","pval","lower_2.5ci","upper_2.5ci","sig","BetweenWithin","mplus_time","rhatMean","rhatLast"
"Intercepts","X",3.077,0.111,0,2.862,3.296,TRUE,"Between",2,1.00088765477554,1.00088765477554
"Intercepts","Y",1.084,0.073,0,0.942,1.226,TRUE,"Between",2,1.00088765477554,1.00088765477554
"Intercepts","PHI_X",0.194,0.016,0,0.162,0.224,TRUE,"Between",2,1.00088765477554,1.00088765477554
"Intercepts","PHI_Y",0.262,0.019,0,0.226,0.301,TRUE,"Between",2,1.00088765477554,1.00088765477554
"Intercepts","PHI_XY",0.055,0.018,0.002,0.02,0.089,TRUE,"Between",2,1.00088765477554,1.00088765477554
"Intercepts","BETA_YX",0.313,0.015,0,0.283,0.343,TRUE,"Between",2,1.00088765477554,1.00088765477554
"Intercepts","PSI_X",-1.549,0.063,0,-1.674,-1.425,TRUE,"Between",2,1.00088765477554,1.00088765477554
"Intercepts","PSI_Y",-1.38,0.059,0,-1.494,-1.264,TRUE,"Between",2,1.00088765477554,1.00088765477554
