"paramHeader","param","est","posterior_sd","pval","lower_2.5ci","upper_2.5ci","sig","BetweenWithin","mplus_time","rhatMean","rhatLast"
"Intercepts","X",3.037,0.108,0,2.826,3.253,TRUE,"Between",3,1.0010200911957,1.0010200911957
"Intercepts","Y",0.91,0.068,0,0.778,1.042,TRUE,"Between",3,1.0010200911957,1.0010200911957
"Intercepts","PHI_X",0.152,0.018,0,0.116,0.187,TRUE,"Between",3,1.0010200911957,1.0010200911957
"Intercepts","PHI_Y",0.255,0.018,0,0.221,0.29,TRUE,"Between",3,1.0010200911957,1.0010200911957
"Intercepts","PHI_XY",0.032,0.017,0.033,-0.003,0.066,FALSE,"Between",3,1.0010200911957,1.0010200911957
"Intercepts","BETA_YX",0.293,0.018,0,0.258,0.329,TRUE,"Between",3,1.0010200911957,1.0010200911957
"Intercepts","PSI_X",-1.653,0.061,0,-1.778,-1.532,TRUE,"Between",3,1.0010200911957,1.0010200911957
"Intercepts","PSI_Y",-1.487,0.065,0,-1.614,-1.358,TRUE,"Between",3,1.0010200911957,1.0010200911957
