"paramHeader","param","est","posterior_sd","pval","lower_2.5ci","upper_2.5ci","sig","BetweenWithin","mplus_time","rhatMean","rhatLast"
"Intercepts","X",2.969,0.128,0,2.714,3.218,TRUE,"Between",2,1.00067684871895,1.00067684871895
"Intercepts","Y",0.977,0.074,0,0.833,1.118,TRUE,"Between",2,1.00067684871895,1.00067684871895
"Intercepts","PHI_X",0.184,0.017,0,0.151,0.217,TRUE,"Between",2,1.00067684871895,1.00067684871895
"Intercepts","PHI_Y",0.242,0.019,0,0.205,0.281,TRUE,"Between",2,1.00067684871895,1.00067684871895
"Intercepts","PHI_XY",0.03,0.02,0.067,-0.008,0.068,FALSE,"Between",2,1.00067684871895,1.00067684871895
"Intercepts","BETA_YX",0.301,0.017,0,0.268,0.336,TRUE,"Between",2,1.00067684871895,1.00067684871895
"Intercepts","PSI_X",-1.631,0.065,0,-1.761,-1.506,TRUE,"Between",2,1.00067684871895,1.00067684871895
"Intercepts","PSI_Y",-1.394,0.075,0,-1.542,-1.246,TRUE,"Between",2,1.00067684871895,1.00067684871895
