"paramHeader","param","est","posterior_sd","pval","lower_2.5ci","upper_2.5ci","sig","BetweenWithin","mplus_time","rhatMean","rhatLast"
"Intercepts","X",2.896,0.118,0,2.665,3.125,TRUE,"Between",3,1.0005689206294,1.0005689206294
"Intercepts","Y",0.966,0.068,0,0.834,1.099,TRUE,"Between",3,1.0005689206294,1.0005689206294
"Intercepts","PHI_X",0.194,0.018,0,0.158,0.23,TRUE,"Between",3,1.0005689206294,1.0005689206294
"Intercepts","PHI_Y",0.242,0.019,0,0.205,0.28,TRUE,"Between",3,1.0005689206294,1.0005689206294
"Intercepts","PHI_XY",0.063,0.019,0.001,0.023,0.1,TRUE,"Between",3,1.0005689206294,1.0005689206294
"Intercepts","BETA_YX",0.283,0.019,0,0.247,0.319,TRUE,"Between",3,1.0005689206294,1.0005689206294
"Intercepts","PSI_X",-1.622,0.066,0,-1.754,-1.493,TRUE,"Between",3,1.0005689206294,1.0005689206294
"Intercepts","PSI_Y",-1.454,0.064,0,-1.582,-1.328,TRUE,"Between",3,1.0005689206294,1.0005689206294
