"paramHeader","param","est","posterior_sd","pval","lower_2.5ci","upper_2.5ci","sig","BetweenWithin","mplus_time","rhatMean","rhatLast"
"Intercepts","X",3.264,0.119,0,3.026,3.496,TRUE,"Between",3,1.00034166077895,1.00034166077895
"Intercepts","Y",1.165,0.074,0,1.019,1.309,TRUE,"Between",3,1.00034166077895,1.00034166077895
"Intercepts","PHI_X",0.211,0.017,0,0.177,0.244,TRUE,"Between",3,1.00034166077895,1.00034166077895
"Intercepts","PHI_Y",0.268,0.019,0,0.231,0.306,TRUE,"Between",3,1.00034166077895,1.00034166077895
"Intercepts","PHI_XY",0.065,0.021,0.001,0.024,0.105,TRUE,"Between",3,1.00034166077895,1.00034166077895
"Intercepts","BETA_YX",0.301,0.017,0,0.268,0.335,TRUE,"Between",3,1.00034166077895,1.00034166077895
"Intercepts","PSI_X",-1.427,0.059,0,-1.548,-1.314,TRUE,"Between",3,1.00034166077895,1.00034166077895
"Intercepts","PSI_Y",-1.229,0.069,0,-1.364,-1.093,TRUE,"Between",3,1.00034166077895,1.00034166077895
