"paramHeader","param","est","posterior_sd","pval","lower_2.5ci","upper_2.5ci","sig","BetweenWithin","mplus_time","rhatMean","rhatLast"
"Intercepts","X",3.229,0.117,0,3.002,3.459,TRUE,"Between",2,1.00110248733757,1.00110248733757
"Intercepts","Y",1.074,0.069,0,0.94,1.206,TRUE,"Between",2,1.00110248733757,1.00110248733757
"Intercepts","PHI_X",0.25,0.015,0,0.218,0.278,TRUE,"Between",2,1.00110248733757,1.00110248733757
"Intercepts","PHI_Y",0.272,0.017,0,0.239,0.306,TRUE,"Between",2,1.00110248733757,1.00110248733757
"Intercepts","PHI_XY",0.034,0.019,0.042,-0.004,0.072,FALSE,"Between",2,1.00110248733757,1.00110248733757
"Intercepts","BETA_YX",0.292,0.016,0,0.261,0.324,TRUE,"Between",2,1.00110248733757,1.00110248733757
"Intercepts","PSI_X",-1.532,0.069,0,-1.67,-1.399,TRUE,"Between",2,1.00110248733757,1.00110248733757
"Intercepts","PSI_Y",-1.461,0.065,0,-1.587,-1.332,TRUE,"Between",2,1.00110248733757,1.00110248733757
