"paramHeader","param","est","posterior_sd","pval","lower_2.5ci","upper_2.5ci","sig","BetweenWithin","mplus_time","rhatMean","rhatLast"
"Intercepts","X",3.003,0.128,0,2.751,3.257,TRUE,"Between",2,1.00077436305497,1.00077436305497
"Intercepts","Y",1.018,0.076,0,0.87,1.167,TRUE,"Between",2,1.00077436305497,1.00077436305497
"Intercepts","PHI_X",0.176,0.017,0,0.141,0.21,TRUE,"Between",2,1.00077436305497,1.00077436305497
"Intercepts","PHI_Y",0.271,0.019,0,0.234,0.308,TRUE,"Between",2,1.00077436305497,1.00077436305497
"Intercepts","PHI_XY",0.038,0.017,0.014,0.003,0.07,TRUE,"Between",2,1.00077436305497,1.00077436305497
"Intercepts","BETA_YX",0.317,0.017,0,0.286,0.351,TRUE,"Between",2,1.00077436305497,1.00077436305497
"Intercepts","PSI_X",-1.616,0.069,0,-1.754,-1.477,TRUE,"Between",2,1.00077436305497,1.00077436305497
"Intercepts","PSI_Y",-1.412,0.07,0,-1.549,-1.275,TRUE,"Between",2,1.00077436305497,1.00077436305497
