"paramHeader","param","est","posterior_sd","pval","lower_2.5ci","upper_2.5ci","sig","BetweenWithin","mplus_time","rhatMean","rhatLast"
"Intercepts","X",2.987,0.117,0,2.759,3.217,TRUE,"Between",3,1.00081613360487,1.00081613360487
"Intercepts","Y",1.045,0.081,0,0.887,1.201,TRUE,"Between",3,1.00081613360487,1.00081613360487
"Intercepts","PHI_X",0.186,0.017,0,0.152,0.219,TRUE,"Between",3,1.00081613360487,1.00081613360487
"Intercepts","PHI_Y",0.237,0.018,0,0.202,0.275,TRUE,"Between",3,1.00081613360487,1.00081613360487
"Intercepts","PHI_XY",0.054,0.019,0.002,0.017,0.092,TRUE,"Between",3,1.00081613360487,1.00081613360487
"Intercepts","BETA_YX",0.309,0.016,0,0.279,0.342,TRUE,"Between",3,1.00081613360487,1.00081613360487
"Intercepts","PSI_X",-1.66,0.068,0,-1.795,-1.531,TRUE,"Between",3,1.00081613360487,1.00081613360487
"Intercepts","PSI_Y",-1.427,0.074,0,-1.574,-1.28,TRUE,"Between",3,1.00081613360487,1.00081613360487
