"paramHeader","param","est","posterior_sd","pval","lower_2.5ci","upper_2.5ci","sig","BetweenWithin","mplus_time","rhatMean","rhatLast"
"Intercepts","X",2.954,0.107,0,2.743,3.159,TRUE,"Between",3,1.00070718655697,1.00070718655697
"Intercepts","Y",0.982,0.064,0,0.855,1.106,TRUE,"Between",3,1.00070718655697,1.00070718655697
"Intercepts","PHI_X",0.21,0.018,0,0.175,0.246,TRUE,"Between",3,1.00070718655697,1.00070718655697
"Intercepts","PHI_Y",0.228,0.019,0,0.191,0.266,TRUE,"Between",3,1.00070718655697,1.00070718655697
"Intercepts","PHI_XY",0.069,0.019,0,0.032,0.105,TRUE,"Between",3,1.00070718655697,1.00070718655697
"Intercepts","BETA_YX",0.315,0.016,0,0.284,0.348,TRUE,"Between",3,1.00070718655697,1.00070718655697
"Intercepts","PSI_X",-1.569,0.068,0,-1.707,-1.438,TRUE,"Between",3,1.00070718655697,1.00070718655697
"Intercepts","PSI_Y",-1.448,0.064,0,-1.576,-1.323,TRUE,"Between",3,1.00070718655697,1.00070718655697
