"paramHeader","param","est","posterior_sd","pval","lower_2.5ci","upper_2.5ci","sig","BetweenWithin","mplus_time","rhatMean","rhatLast"
"Intercepts","X",2.957,0.122,0,2.718,3.2,TRUE,"Between",3,1.00054084768253,1.00054084768253
"Intercepts","Y",0.975,0.077,0,0.827,1.124,TRUE,"Between",3,1.00054084768253,1.00054084768253
"Intercepts","PHI_X",0.202,0.018,0,0.166,0.236,TRUE,"Between",3,1.00054084768253,1.00054084768253
"Intercepts","PHI_Y",0.261,0.018,0,0.226,0.297,TRUE,"Between",3,1.00054084768253,1.00054084768253
"Intercepts","PHI_XY",0.033,0.016,0.021,0.001,0.064,TRUE,"Between",3,1.00054084768253,1.00054084768253
"Intercepts","BETA_YX",0.297,0.017,0,0.264,0.331,TRUE,"Between",3,1.00054084768253,1.00054084768253
"Intercepts","PSI_X",-1.634,0.069,0,-1.771,-1.498,TRUE,"Between",3,1.00054084768253,1.00054084768253
"Intercepts","PSI_Y",-1.518,0.065,0,-1.645,-1.391,TRUE,"Between",3,1.00054084768253,1.00054084768253
