"paramHeader","param","est","posterior_sd","pval","lower_2.5ci","upper_2.5ci","sig","BetweenWithin","mplus_time","rhatMean","rhatLast"
"Intercepts","X",2.962,0.143,0,2.684,3.242,TRUE,"Between",2,1.00110136637273,1.00110136637273
"Intercepts","Y",0.936,0.082,0,0.775,1.095,TRUE,"Between",2,1.00110136637273,1.00110136637273
"Intercepts","PHI_X",0.186,0.018,0,0.15,0.222,TRUE,"Between",2,1.00110136637273,1.00110136637273
"Intercepts","PHI_Y",0.246,0.018,0,0.212,0.281,TRUE,"Between",2,1.00110136637273,1.00110136637273
"Intercepts","PHI_XY",0.073,0.018,0,0.038,0.106,TRUE,"Between",2,1.00110136637273,1.00110136637273
"Intercepts","BETA_YX",0.281,0.017,0,0.247,0.315,TRUE,"Between",2,1.00110136637273,1.00110136637273
"Intercepts","PSI_X",-1.613,0.071,0,-1.755,-1.475,TRUE,"Between",2,1.00110136637273,1.00110136637273
"Intercepts","PSI_Y",-1.499,0.064,0,-1.625,-1.375,TRUE,"Between",2,1.00110136637273,1.00110136637273
