"paramHeader","param","est","posterior_sd","pval","lower_2.5ci","upper_2.5ci","sig","BetweenWithin","mplus_time","rhatMean","rhatLast"
"Intercepts","X",2.761,0.106,0,2.555,2.97,TRUE,"Between",2,1.00104417747382,1.00104417747382
"Intercepts","Y",0.845,0.066,0,0.717,0.973,TRUE,"Between",2,1.00104417747382,1.00104417747382
"Intercepts","PHI_X",0.2,0.017,0,0.166,0.233,TRUE,"Between",2,1.00104417747382,1.00104417747382
"Intercepts","PHI_Y",0.218,0.018,0,0.183,0.254,TRUE,"Between",2,1.00104417747382,1.00104417747382
"Intercepts","PHI_XY",0.063,0.017,0,0.028,0.096,TRUE,"Between",2,1.00104417747382,1.00104417747382
"Intercepts","BETA_YX",0.286,0.016,0,0.255,0.318,TRUE,"Between",2,1.00104417747382,1.00104417747382
"Intercepts","PSI_X",-1.75,0.063,0,-1.875,-1.627,TRUE,"Between",2,1.00104417747382,1.00104417747382
"Intercepts","PSI_Y",-1.495,0.073,0,-1.64,-1.353,TRUE,"Between",2,1.00104417747382,1.00104417747382
