"paramHeader","param","est","posterior_sd","pval","lower_2.5ci","upper_2.5ci","sig","BetweenWithin","mplus_time","rhatMean","rhatLast"
"Intercepts","X",3.026,0.105,0,2.821,3.235,TRUE,"Between",2,1.00151011003227,1.00151011003227
"Intercepts","Y",1.066,0.071,0,0.926,1.202,TRUE,"Between",2,1.00151011003227,1.00151011003227
"Intercepts","PHI_X",0.196,0.018,0,0.161,0.231,TRUE,"Between",2,1.00151011003227,1.00151011003227
"Intercepts","PHI_Y",0.247,0.017,0,0.214,0.28,TRUE,"Between",2,1.00151011003227,1.00151011003227
"Intercepts","PHI_XY",0.069,0.018,0,0.035,0.103,TRUE,"Between",2,1.00151011003227,1.00151011003227
"Intercepts","BETA_YX",0.287,0.018,0,0.251,0.323,TRUE,"Between",2,1.00151011003227,1.00151011003227
"Intercepts","PSI_X",-1.596,0.066,0,-1.731,-1.471,TRUE,"Between",2,1.00151011003227,1.00151011003227
"Intercepts","PSI_Y",-1.323,0.062,0,-1.445,-1.202,TRUE,"Between",2,1.00151011003227,1.00151011003227
