"paramHeader","param","est","posterior_sd","pval","lower_2.5ci","upper_2.5ci","sig","BetweenWithin","mplus_time","rhatMean","rhatLast"
"Intercepts","X",3.002,0.118,0,2.772,3.241,TRUE,"Between",3,1.0014109367308,1.0014109367308
"Intercepts","Y",1.048,0.078,0,0.899,1.199,TRUE,"Between",3,1.0014109367308,1.0014109367308
"Intercepts","PHI_X",0.195,0.017,0,0.16,0.228,TRUE,"Between",3,1.0014109367308,1.0014109367308
"Intercepts","PHI_Y",0.256,0.017,0,0.222,0.29,TRUE,"Between",3,1.0014109367308,1.0014109367308
"Intercepts","PHI_XY",0.047,0.018,0.003,0.013,0.081,TRUE,"Between",3,1.0014109367308,1.0014109367308
"Intercepts","BETA_YX",0.313,0.016,0,0.281,0.344,TRUE,"Between",3,1.0014109367308,1.0014109367308
"Intercepts","PSI_X",-1.521,0.063,0,-1.646,-1.398,TRUE,"Between",3,1.0014109367308,1.0014109367308
"Intercepts","PSI_Y",-1.391,0.068,0,-1.526,-1.256,TRUE,"Between",3,1.0014109367308,1.0014109367308
