"paramHeader","param","est","posterior_sd","pval","lower_2.5ci","upper_2.5ci","sig","BetweenWithin","mplus_time","rhatMean","rhatLast"
"Intercepts","X",2.956,0.122,0,2.713,3.197,TRUE,"Between",2,1.00087778575812,1.00087778575812
"Intercepts","Y",0.935,0.07,0,0.795,1.071,TRUE,"Between",2,1.00087778575812,1.00087778575812
"Intercepts","PHI_X",0.2,0.016,0,0.167,0.231,TRUE,"Between",2,1.00087778575812,1.00087778575812
"Intercepts","PHI_Y",0.252,0.019,0,0.215,0.29,TRUE,"Between",2,1.00087778575812,1.00087778575812
"Intercepts","PHI_XY",0.037,0.019,0.025,0,0.073,FALSE,"Between",2,1.00087778575812,1.00087778575812
"Intercepts","BETA_YX",0.274,0.016,0,0.243,0.306,TRUE,"Between",2,1.00087778575812,1.00087778575812
"Intercepts","PSI_X",-1.595,0.057,0,-1.709,-1.487,TRUE,"Between",2,1.00087778575812,1.00087778575812
"Intercepts","PSI_Y",-1.448,0.066,0,-1.578,-1.32,TRUE,"Between",2,1.00087778575812,1.00087778575812
