"paramHeader","param","est","posterior_sd","pval","lower_2.5ci","upper_2.5ci","sig","BetweenWithin","mplus_time","rhatMean","rhatLast"
"Intercepts","X",2.892,0.119,0,2.661,3.131,TRUE,"Between",2,1.00109295039203,1.00109295039203
"Intercepts","Y",0.895,0.07,0,0.759,1.032,TRUE,"Between",2,1.00109295039203,1.00109295039203
"Intercepts","PHI_X",0.186,0.018,0,0.151,0.22,TRUE,"Between",2,1.00109295039203,1.00109295039203
"Intercepts","PHI_Y",0.222,0.017,0,0.189,0.255,TRUE,"Between",2,1.00109295039203,1.00109295039203
"Intercepts","PHI_XY",0.078,0.018,0,0.041,0.113,TRUE,"Between",2,1.00109295039203,1.00109295039203
"Intercepts","BETA_YX",0.263,0.017,0,0.231,0.297,TRUE,"Between",2,1.00109295039203,1.00109295039203
"Intercepts","PSI_X",-1.658,0.072,0,-1.8,-1.518,TRUE,"Between",2,1.00109295039203,1.00109295039203
"Intercepts","PSI_Y",-1.391,0.058,0,-1.505,-1.276,TRUE,"Between",2,1.00109295039203,1.00109295039203
