"paramHeader","param","est","posterior_sd","pval","lower_2.5ci","upper_2.5ci","sig","BetweenWithin","mplus_time","rhatMean","rhatLast"
"Intercepts","X",2.932,0.12,0,2.697,3.167,TRUE,"Between",2,1.00078765779765,1.00078765779765
"Intercepts","Y",1,0.07,0,0.859,1.134,TRUE,"Between",2,1.00078765779765,1.00078765779765
"Intercepts","PHI_X",0.221,0.016,0,0.189,0.251,TRUE,"Between",2,1.00078765779765,1.00078765779765
"Intercepts","PHI_Y",0.262,0.018,0,0.227,0.298,TRUE,"Between",2,1.00078765779765,1.00078765779765
"Intercepts","PHI_XY",0.032,0.019,0.051,-0.007,0.069,FALSE,"Between",2,1.00078765779765,1.00078765779765
"Intercepts","BETA_YX",0.286,0.02,0,0.245,0.325,TRUE,"Between",2,1.00078765779765,1.00078765779765
"Intercepts","PSI_X",-1.507,0.066,0,-1.641,-1.382,TRUE,"Between",2,1.00078765779765,1.00078765779765
"Intercepts","PSI_Y",-1.4,0.069,0,-1.536,-1.265,TRUE,"Between",2,1.00078765779765,1.00078765779765
