"paramHeader","param","est","posterior_sd","pval","lower_2.5ci","upper_2.5ci","sig","BetweenWithin","mplus_time","rhatMean","rhatLast"
"Intercepts","X",2.86,0.104,0,2.656,3.065,TRUE,"Between",3,1.00148750127722,1.00148750127722
"Intercepts","Y",0.893,0.061,0,0.77,1.01,TRUE,"Between",3,1.00148750127722,1.00148750127722
"Intercepts","PHI_X",0.196,0.016,0,0.164,0.226,TRUE,"Between",3,1.00148750127722,1.00148750127722
"Intercepts","PHI_Y",0.252,0.019,0,0.216,0.289,TRUE,"Between",3,1.00148750127722,1.00148750127722
"Intercepts","PHI_XY",0.056,0.019,0.002,0.02,0.091,TRUE,"Between",3,1.00148750127722,1.00148750127722
"Intercepts","BETA_YX",0.305,0.017,0,0.273,0.338,TRUE,"Between",3,1.00148750127722,1.00148750127722
"Intercepts","PSI_X",-1.641,0.068,0,-1.779,-1.508,TRUE,"Between",3,1.00148750127722,1.00148750127722
"Intercepts","PSI_Y",-1.353,0.069,0,-1.489,-1.216,TRUE,"Between",3,1.00148750127722,1.00148750127722
