"paramHeader","param","est","posterior_sd","pval","lower_2.5ci","upper_2.5ci","sig","BetweenWithin","mplus_time","rhatMean","rhatLast"
"Intercepts","X",2.978,0.118,0,2.745,3.213,TRUE,"Between",3,1.00154334733352,1.00154334733352
"Intercepts","Y",1.026,0.073,0,0.883,1.166,TRUE,"Between",3,1.00154334733352,1.00154334733352
"Intercepts","PHI_X",0.194,0.018,0,0.159,0.23,TRUE,"Between",3,1.00154334733352,1.00154334733352
"Intercepts","PHI_Y",0.245,0.018,0,0.21,0.281,TRUE,"Between",3,1.00154334733352,1.00154334733352
"Intercepts","PHI_XY",0.072,0.019,0,0.036,0.108,TRUE,"Between",3,1.00154334733352,1.00154334733352
"Intercepts","BETA_YX",0.305,0.016,0,0.274,0.337,TRUE,"Between",3,1.00154334733352,1.00154334733352
"Intercepts","PSI_X",-1.603,0.064,0,-1.733,-1.479,TRUE,"Between",3,1.00154334733352,1.00154334733352
"Intercepts","PSI_Y",-1.363,0.073,0,-1.507,-1.22,TRUE,"Between",3,1.00154334733352,1.00154334733352
