"paramHeader","param","est","posterior_sd","pval","lower_2.5ci","upper_2.5ci","sig","BetweenWithin","mplus_time","rhatMean","rhatLast"
"Intercepts","X",2.91,0.132,0,2.646,3.164,TRUE,"Between",2,1.00043284899296,1.00043284899296
"Intercepts","Y",1.081,0.081,0,0.921,1.234,TRUE,"Between",2,1.00043284899296,1.00043284899296
"Intercepts","PHI_X",0.204,0.018,0,0.167,0.239,TRUE,"Between",2,1.00043284899296,1.00043284899296
"Intercepts","PHI_Y",0.266,0.018,0,0.23,0.302,TRUE,"Between",2,1.00043284899296,1.00043284899296
"Intercepts","PHI_XY",0.034,0.019,0.046,-0.005,0.071,FALSE,"Between",2,1.00043284899296,1.00043284899296
"Intercepts","BETA_YX",0.289,0.017,0,0.257,0.323,TRUE,"Between",2,1.00043284899296,1.00043284899296
"Intercepts","PSI_X",-1.55,0.074,0,-1.697,-1.406,TRUE,"Between",2,1.00043284899296,1.00043284899296
"Intercepts","PSI_Y",-1.436,0.067,0,-1.567,-1.304,TRUE,"Between",2,1.00043284899296,1.00043284899296
