"paramHeader","param","est","posterior_sd","pval","lower_2.5ci","upper_2.5ci","sig","BetweenWithin","mplus_time","rhatMean","rhatLast"
"Intercepts","X",3.097,0.12,0,2.86,3.334,TRUE,"Between",3,1.00089153764764,1.00089153764764
"Intercepts","Y",1.011,0.067,0,0.876,1.138,TRUE,"Between",3,1.00089153764764,1.00089153764764
"Intercepts","PHI_X",0.188,0.018,0,0.152,0.223,TRUE,"Between",3,1.00089153764764,1.00089153764764
"Intercepts","PHI_Y",0.263,0.018,0,0.229,0.299,TRUE,"Between",3,1.00089153764764,1.00089153764764
"Intercepts","PHI_XY",0.042,0.018,0.009,0.007,0.076,TRUE,"Between",3,1.00089153764764,1.00089153764764
"Intercepts","BETA_YX",0.332,0.014,0,0.304,0.36,TRUE,"Between",3,1.00089153764764,1.00089153764764
"Intercepts","PSI_X",-1.657,0.063,0,-1.783,-1.538,TRUE,"Between",3,1.00089153764764,1.00089153764764
"Intercepts","PSI_Y",-1.4,0.063,0,-1.524,-1.277,TRUE,"Between",3,1.00089153764764,1.00089153764764
