"paramHeader","param","est","posterior_sd","pval","lower_2.5ci","upper_2.5ci","sig","BetweenWithin","mplus_time","rhatMean","rhatLast"
"Intercepts","X",2.91,0.106,0,2.703,3.119,TRUE,"Between",2,1.00098356360955,1.00098356360955
"Intercepts","Y",0.948,0.063,0,0.825,1.069,TRUE,"Between",2,1.00098356360955,1.00098356360955
"Intercepts","PHI_X",0.201,0.019,0,0.165,0.238,TRUE,"Between",2,1.00098356360955,1.00098356360955
"Intercepts","PHI_Y",0.254,0.019,0,0.218,0.291,TRUE,"Between",2,1.00098356360955,1.00098356360955
"Intercepts","PHI_XY",0.052,0.018,0.003,0.017,0.086,TRUE,"Between",2,1.00098356360955,1.00098356360955
"Intercepts","BETA_YX",0.302,0.017,0,0.267,0.336,TRUE,"Between",2,1.00098356360955,1.00098356360955
"Intercepts","PSI_X",-1.617,0.069,0,-1.755,-1.481,TRUE,"Between",2,1.00098356360955,1.00098356360955
"Intercepts","PSI_Y",-1.471,0.064,0,-1.598,-1.345,TRUE,"Between",2,1.00098356360955,1.00098356360955
