"paramHeader","param","est","posterior_sd","pval","lower_2.5ci","upper_2.5ci","sig","BetweenWithin","mplus_time","rhatMean","rhatLast"
"Intercepts","X",2.865,0.123,0,2.622,3.108,TRUE,"Between",2,1.00050253516157,1.00050253516157
"Intercepts","Y",1.03,0.07,0,0.893,1.165,TRUE,"Between",2,1.00050253516157,1.00050253516157
"Intercepts","PHI_X",0.195,0.019,0,0.159,0.231,TRUE,"Between",2,1.00050253516157,1.00050253516157
"Intercepts","PHI_Y",0.241,0.019,0,0.205,0.278,TRUE,"Between",2,1.00050253516157,1.00050253516157
"Intercepts","PHI_XY",0.052,0.017,0.002,0.017,0.084,TRUE,"Between",2,1.00050253516157,1.00050253516157
"Intercepts","BETA_YX",0.309,0.018,0,0.273,0.344,TRUE,"Between",2,1.00050253516157,1.00050253516157
"Intercepts","PSI_X",-1.591,0.073,0,-1.737,-1.451,TRUE,"Between",2,1.00050253516157,1.00050253516157
"Intercepts","PSI_Y",-1.469,0.055,0,-1.579,-1.36,TRUE,"Between",2,1.00050253516157,1.00050253516157
