"paramHeader","param","est","posterior_sd","pval","lower_2.5ci","upper_2.5ci","sig","BetweenWithin","mplus_time","rhatMean","rhatLast"
"Intercepts","X",2.926,0.117,0,2.696,3.156,TRUE,"Between",3,1.00091181287638,1.00091181287638
"Intercepts","Y",0.903,0.065,0,0.774,1.029,TRUE,"Between",3,1.00091181287638,1.00091181287638
"Intercepts","PHI_X",0.201,0.019,0,0.164,0.238,TRUE,"Between",3,1.00091181287638,1.00091181287638
"Intercepts","PHI_Y",0.222,0.017,0,0.19,0.256,TRUE,"Between",3,1.00091181287638,1.00091181287638
"Intercepts","PHI_XY",0.04,0.017,0.011,0.006,0.073,TRUE,"Between",3,1.00091181287638,1.00091181287638
"Intercepts","BETA_YX",0.292,0.016,0,0.262,0.324,TRUE,"Between",3,1.00091181287638,1.00091181287638
"Intercepts","PSI_X",-1.635,0.068,0,-1.77,-1.506,TRUE,"Between",3,1.00091181287638,1.00091181287638
"Intercepts","PSI_Y",-1.481,0.07,0,-1.623,-1.343,TRUE,"Between",3,1.00091181287638,1.00091181287638
