"paramHeader","param","est","posterior_sd","pval","lower_2.5ci","upper_2.5ci","sig","BetweenWithin","mplus_time","rhatMean","rhatLast"
"Intercepts","X",3.036,0.119,0,2.804,3.271,TRUE,"Between",2,1.00076544546264,1.00076544546264
"Intercepts","Y",0.986,0.075,0,0.842,1.13,TRUE,"Between",2,1.00076544546264,1.00076544546264
"Intercepts","PHI_X",0.192,0.017,0,0.157,0.226,TRUE,"Between",2,1.00076544546264,1.00076544546264
"Intercepts","PHI_Y",0.271,0.019,0,0.234,0.309,TRUE,"Between",2,1.00076544546264,1.00076544546264
"Intercepts","PHI_XY",0.048,0.018,0.005,0.012,0.083,TRUE,"Between",2,1.00076544546264,1.00076544546264
"Intercepts","BETA_YX",0.293,0.017,0,0.258,0.326,TRUE,"Between",2,1.00076544546264,1.00076544546264
"Intercepts","PSI_X",-1.596,0.064,0,-1.722,-1.471,TRUE,"Between",2,1.00076544546264,1.00076544546264
"Intercepts","PSI_Y",-1.418,0.069,0,-1.552,-1.281,TRUE,"Between",2,1.00076544546264,1.00076544546264
