"paramHeader","param","est","posterior_sd","pval","lower_2.5ci","upper_2.5ci","sig","BetweenWithin","mplus_time","rhatMean","rhatLast"
"Intercepts","X",2.995,0.11,0,2.782,3.212,TRUE,"Between",2,1.00067928360685,1.00067928360685
"Intercepts","Y",0.95,0.065,0,0.823,1.076,TRUE,"Between",2,1.00067928360685,1.00067928360685
"Intercepts","PHI_X",0.187,0.019,0,0.149,0.225,TRUE,"Between",2,1.00067928360685,1.00067928360685
"Intercepts","PHI_Y",0.237,0.018,0,0.202,0.274,TRUE,"Between",2,1.00067928360685,1.00067928360685
"Intercepts","PHI_XY",0.039,0.02,0.026,0,0.077,FALSE,"Between",2,1.00067928360685,1.00067928360685
"Intercepts","BETA_YX",0.291,0.019,0,0.255,0.328,TRUE,"Between",2,1.00067928360685,1.00067928360685
"Intercepts","PSI_X",-1.642,0.059,0,-1.761,-1.527,TRUE,"Between",2,1.00067928360685,1.00067928360685
"Intercepts","PSI_Y",-1.476,0.061,0,-1.598,-1.356,TRUE,"Between",2,1.00067928360685,1.00067928360685
