"paramHeader","param","est","posterior_sd","pval","lower_2.5ci","upper_2.5ci","sig","BetweenWithin","mplus_time","rhatMean","rhatLast"
"Intercepts","X",3.037,0.105,0,2.828,3.244,TRUE,"Between",2,1.00081952186552,1.00081952186552
"Intercepts","Y",1.021,0.07,0,0.884,1.155,TRUE,"Between",2,1.00081952186552,1.00081952186552
"Intercepts","PHI_X",0.201,0.018,0,0.167,0.236,TRUE,"Between",2,1.00081952186552,1.00081952186552
"Intercepts","PHI_Y",0.223,0.018,0,0.189,0.259,TRUE,"Between",2,1.00081952186552,1.00081952186552
"Intercepts","PHI_XY",0.045,0.02,0.01,0.007,0.083,TRUE,"Between",2,1.00081952186552,1.00081952186552
"Intercepts","BETA_YX",0.296,0.016,0,0.265,0.328,TRUE,"Between",2,1.00081952186552,1.00081952186552
"Intercepts","PSI_X",-1.535,0.071,0,-1.677,-1.396,TRUE,"Between",2,1.00081952186552,1.00081952186552
"Intercepts","PSI_Y",-1.387,0.07,0,-1.525,-1.25,TRUE,"Between",2,1.00081952186552,1.00081952186552
