"paramHeader","param","est","posterior_sd","pval","lower_2.5ci","upper_2.5ci","sig","BetweenWithin","mplus_time","rhatMean","rhatLast"
"Intercepts","X",3.081,0.122,0,2.848,3.322,TRUE,"Between",3,1.00138563523747,1.00138563523747
"Intercepts","Y",1.035,0.066,0,0.905,1.165,TRUE,"Between",3,1.00138563523747,1.00138563523747
"Intercepts","PHI_X",0.195,0.015,0,0.164,0.224,TRUE,"Between",3,1.00138563523747,1.00138563523747
"Intercepts","PHI_Y",0.269,0.017,0,0.235,0.303,TRUE,"Between",3,1.00138563523747,1.00138563523747
"Intercepts","PHI_XY",0.042,0.018,0.01,0.006,0.078,TRUE,"Between",3,1.00138563523747,1.00138563523747
"Intercepts","BETA_YX",0.32,0.017,0,0.288,0.353,TRUE,"Between",3,1.00138563523747,1.00138563523747
"Intercepts","PSI_X",-1.671,0.067,0,-1.805,-1.54,TRUE,"Between",3,1.00138563523747,1.00138563523747
"Intercepts","PSI_Y",-1.326,0.064,0,-1.451,-1.198,TRUE,"Between",3,1.00138563523747,1.00138563523747
