"paramHeader","param","est","posterior_sd","pval","lower_2.5ci","upper_2.5ci","sig","BetweenWithin","mplus_time","rhatMean","rhatLast"
"Intercepts","X",3.06,0.091,0,2.881,3.238,TRUE,"Between",2,1.00134155334483,1.00134155334483
"Intercepts","Y",0.976,0.064,0,0.848,1.1,TRUE,"Between",2,1.00134155334483,1.00134155334483
"Intercepts","PHI_X",0.22,0.016,0,0.188,0.249,TRUE,"Between",2,1.00134155334483,1.00134155334483
"Intercepts","PHI_Y",0.221,0.021,0,0.18,0.262,TRUE,"Between",2,1.00134155334483,1.00134155334483
"Intercepts","PHI_XY",0.067,0.019,0,0.029,0.102,TRUE,"Between",2,1.00134155334483,1.00134155334483
"Intercepts","BETA_YX",0.306,0.014,0,0.279,0.334,TRUE,"Between",2,1.00134155334483,1.00134155334483
"Intercepts","PSI_X",-1.534,0.065,0,-1.665,-1.406,TRUE,"Between",2,1.00134155334483,1.00134155334483
"Intercepts","PSI_Y",-1.307,0.063,0,-1.431,-1.181,TRUE,"Between",2,1.00134155334483,1.00134155334483
