"paramHeader","param","est","posterior_sd","pval","lower_2.5ci","upper_2.5ci","sig","BetweenWithin","mplus_time","rhatMean","rhatLast"
"Intercepts","X",2.975,0.114,0,2.751,3.199,TRUE,"Between",2,1.00042717019358,1.00042717019358
"Intercepts","Y",1.045,0.08,0,0.892,1.2,TRUE,"Between",2,1.00042717019358,1.00042717019358
"Intercepts","PHI_X",0.195,0.018,0,0.16,0.23,TRUE,"Between",2,1.00042717019358,1.00042717019358
"Intercepts","PHI_Y",0.246,0.02,0,0.207,0.286,TRUE,"Between",2,1.00042717019358,1.00042717019358
"Intercepts","PHI_XY",0.058,0.017,0,0.024,0.091,TRUE,"Between",2,1.00042717019358,1.00042717019358
"Intercepts","BETA_YX",0.292,0.018,0,0.256,0.328,TRUE,"Between",2,1.00042717019358,1.00042717019358
"Intercepts","PSI_X",-1.546,0.071,0,-1.687,-1.408,TRUE,"Between",2,1.00042717019358,1.00042717019358
"Intercepts","PSI_Y",-1.482,0.066,0,-1.61,-1.351,TRUE,"Between",2,1.00042717019358,1.00042717019358
