"paramHeader","param","est","posterior_sd","pval","lower_2.5ci","upper_2.5ci","sig","BetweenWithin","mplus_time","rhatMean","rhatLast"
"Intercepts","X",2.977,0.111,0,2.76,3.194,TRUE,"Between",11,1.00125065556839,1.00125065556839
"Intercepts","Y",0.914,0.067,0,0.781,1.047,TRUE,"Between",11,1.00125065556839,1.00125065556839
"Intercepts","PHI_X",0.219,0.016,0,0.187,0.249,TRUE,"Between",11,1.00125065556839,1.00125065556839
"Intercepts","PHI_Y",0.262,0.018,0,0.228,0.298,TRUE,"Between",11,1.00125065556839,1.00125065556839
"Intercepts","PHI_XY",0.044,0.018,0.006,0.009,0.079,TRUE,"Between",11,1.00125065556839,1.00125065556839
"Intercepts","BETA_YX",0.28,0.017,0,0.246,0.315,TRUE,"Between",11,1.00125065556839,1.00125065556839
"Intercepts","PSI_X",-1.642,0.061,0,-1.764,-1.523,TRUE,"Between",11,1.00125065556839,1.00125065556839
"Intercepts","PSI_Y",-1.424,0.066,0,-1.553,-1.292,TRUE,"Between",11,1.00125065556839,1.00125065556839
