"paramHeader","param","est","posterior_sd","pval","lower_2.5ci","upper_2.5ci","sig","BetweenWithin","mplus_time","rhatMean","rhatLast"
"Intercepts","X",2.985,0.116,0,2.761,3.209,TRUE,"Between",3,1.00135115434513,1.00135115434513
"Intercepts","Y",1.01,0.07,0,0.873,1.141,TRUE,"Between",3,1.00135115434513,1.00135115434513
"Intercepts","PHI_X",0.218,0.018,0,0.184,0.253,TRUE,"Between",3,1.00135115434513,1.00135115434513
"Intercepts","PHI_Y",0.245,0.018,0,0.211,0.281,TRUE,"Between",3,1.00135115434513,1.00135115434513
"Intercepts","PHI_XY",0.063,0.02,0.001,0.023,0.102,TRUE,"Between",3,1.00135115434513,1.00135115434513
"Intercepts","BETA_YX",0.294,0.017,0,0.261,0.328,TRUE,"Between",3,1.00135115434513,1.00135115434513
"Intercepts","PSI_X",-1.535,0.059,0,-1.656,-1.425,TRUE,"Between",3,1.00135115434513,1.00135115434513
"Intercepts","PSI_Y",-1.447,0.072,0,-1.587,-1.305,TRUE,"Between",3,1.00135115434513,1.00135115434513
