"paramHeader","param","est","posterior_sd","pval","lower_2.5ci","upper_2.5ci","sig","BetweenWithin","mplus_time","rhatMean","rhatLast"
"Intercepts","X",3.012,0.118,0,2.782,3.249,TRUE,"Between",3,1.00114792126536,1.00114792126536
"Intercepts","Y",0.992,0.078,0,0.837,1.141,TRUE,"Between",3,1.00114792126536,1.00114792126536
"Intercepts","PHI_X",0.187,0.018,0,0.152,0.221,TRUE,"Between",3,1.00114792126536,1.00114792126536
"Intercepts","PHI_Y",0.229,0.018,0,0.194,0.265,TRUE,"Between",3,1.00114792126536,1.00114792126536
"Intercepts","PHI_XY",0.068,0.021,0.001,0.027,0.109,TRUE,"Between",3,1.00114792126536,1.00114792126536
"Intercepts","BETA_YX",0.255,0.019,0,0.219,0.292,TRUE,"Between",3,1.00114792126536,1.00114792126536
"Intercepts","PSI_X",-1.623,0.068,0,-1.758,-1.494,TRUE,"Between",3,1.00114792126536,1.00114792126536
"Intercepts","PSI_Y",-1.467,0.058,0,-1.582,-1.354,TRUE,"Between",3,1.00114792126536,1.00114792126536
