"paramHeader","param","est","posterior_sd","pval","lower_2.5ci","upper_2.5ci","sig","BetweenWithin","mplus_time","rhatMean","rhatLast"
"Intercepts","X",3.212,0.112,0,2.995,3.438,TRUE,"Between",3,1.00100756320801,1.00100756320801
"Intercepts","Y",1.155,0.068,0,1.023,1.284,TRUE,"Between",3,1.00100756320801,1.00100756320801
"Intercepts","PHI_X",0.212,0.017,0,0.178,0.245,TRUE,"Between",3,1.00100756320801,1.00100756320801
"Intercepts","PHI_Y",0.289,0.017,0,0.257,0.324,TRUE,"Between",3,1.00100756320801,1.00100756320801
"Intercepts","PHI_XY",0.079,0.017,0,0.045,0.112,TRUE,"Between",3,1.00100756320801,1.00100756320801
"Intercepts","BETA_YX",0.312,0.016,0,0.282,0.344,TRUE,"Between",3,1.00100756320801,1.00100756320801
"Intercepts","PSI_X",-1.482,0.059,0,-1.6,-1.367,TRUE,"Between",3,1.00100756320801,1.00100756320801
"Intercepts","PSI_Y",-1.413,0.058,0,-1.529,-1.301,TRUE,"Between",3,1.00100756320801,1.00100756320801
