"paramHeader","param","est","posterior_sd","pval","lower_2.5ci","upper_2.5ci","sig","BetweenWithin","mplus_time","rhatMean","rhatLast"
"Intercepts","X",3.088,0.116,0,2.862,3.317,TRUE,"Between",3,1.00116784567501,1.00116784567501
"Intercepts","Y",1.131,0.078,0,0.979,1.283,TRUE,"Between",3,1.00116784567501,1.00116784567501
"Intercepts","PHI_X",0.187,0.017,0,0.154,0.219,TRUE,"Between",3,1.00116784567501,1.00116784567501
"Intercepts","PHI_Y",0.273,0.018,0,0.239,0.309,TRUE,"Between",3,1.00116784567501,1.00116784567501
"Intercepts","PHI_XY",0.045,0.017,0.004,0.012,0.078,TRUE,"Between",3,1.00116784567501,1.00116784567501
"Intercepts","BETA_YX",0.324,0.015,0,0.295,0.355,TRUE,"Between",3,1.00116784567501,1.00116784567501
"Intercepts","PSI_X",-1.546,0.06,0,-1.668,-1.432,TRUE,"Between",3,1.00116784567501,1.00116784567501
"Intercepts","PSI_Y",-1.388,0.069,0,-1.523,-1.253,TRUE,"Between",3,1.00116784567501,1.00116784567501
