"paramHeader","param","est","posterior_sd","pval","lower_2.5ci","upper_2.5ci","sig","BetweenWithin","mplus_time","rhatMean","rhatLast"
"Intercepts","X",3.16,0.114,0,2.94,3.386,TRUE,"Between",2,1.00107679214869,1.00107679214869
"Intercepts","Y",1.068,0.072,0,0.928,1.21,TRUE,"Between",2,1.00107679214869,1.00107679214869
"Intercepts","PHI_X",0.197,0.017,0,0.164,0.229,TRUE,"Between",2,1.00107679214869,1.00107679214869
"Intercepts","PHI_Y",0.288,0.017,0,0.255,0.323,TRUE,"Between",2,1.00107679214869,1.00107679214869
"Intercepts","PHI_XY",0.073,0.018,0,0.039,0.107,TRUE,"Between",2,1.00107679214869,1.00107679214869
"Intercepts","BETA_YX",0.311,0.016,0,0.28,0.343,TRUE,"Between",2,1.00107679214869,1.00107679214869
"Intercepts","PSI_X",-1.537,0.062,0,-1.66,-1.419,TRUE,"Between",2,1.00107679214869,1.00107679214869
"Intercepts","PSI_Y",-1.297,0.064,0,-1.424,-1.169,TRUE,"Between",2,1.00107679214869,1.00107679214869
