"paramHeader","param","est","posterior_sd","pval","lower_2.5ci","upper_2.5ci","sig","BetweenWithin","mplus_time","rhatMean","rhatLast"
"Intercepts","X",3.1,0.119,0,2.862,3.335,TRUE,"Between",2,1.00063101226182,1.00063101226182
"Intercepts","Y",1.094,0.074,0,0.946,1.237,TRUE,"Between",2,1.00063101226182,1.00063101226182
"Intercepts","PHI_X",0.191,0.017,0,0.157,0.224,TRUE,"Between",2,1.00063101226182,1.00063101226182
"Intercepts","PHI_Y",0.272,0.019,0,0.234,0.311,TRUE,"Between",2,1.00063101226182,1.00063101226182
"Intercepts","PHI_XY",0.048,0.019,0.007,0.009,0.086,TRUE,"Between",2,1.00063101226182,1.00063101226182
"Intercepts","BETA_YX",0.308,0.017,0,0.275,0.342,TRUE,"Between",2,1.00063101226182,1.00063101226182
"Intercepts","PSI_X",-1.502,0.071,0,-1.645,-1.364,TRUE,"Between",2,1.00063101226182,1.00063101226182
"Intercepts","PSI_Y",-1.374,0.069,0,-1.51,-1.238,TRUE,"Between",2,1.00063101226182,1.00063101226182
