"paramHeader","param","est","posterior_sd","pval","lower_2.5ci","upper_2.5ci","sig","BetweenWithin","mplus_time","rhatMean","rhatLast"
"Intercepts","X",2.876,0.109,0,2.66,3.087,TRUE,"Between",2,1.00170483878488,1.00170483878488
"Intercepts","Y",1.032,0.064,0,0.906,1.155,TRUE,"Between",2,1.00170483878488,1.00170483878488
"Intercepts","PHI_X",0.185,0.018,0,0.148,0.221,TRUE,"Between",2,1.00170483878488,1.00170483878488
"Intercepts","PHI_Y",0.247,0.02,0,0.209,0.286,TRUE,"Between",2,1.00170483878488,1.00170483878488
"Intercepts","PHI_XY",0.065,0.018,0,0.029,0.1,TRUE,"Between",2,1.00170483878488,1.00170483878488
"Intercepts","BETA_YX",0.296,0.017,0,0.264,0.329,TRUE,"Between",2,1.00170483878488,1.00170483878488
"Intercepts","PSI_X",-1.685,0.058,0,-1.801,-1.574,TRUE,"Between",2,1.00170483878488,1.00170483878488
"Intercepts","PSI_Y",-1.423,0.054,0,-1.53,-1.317,TRUE,"Between",2,1.00170483878488,1.00170483878488
