"paramHeader","param","est","posterior_sd","pval","lower_2.5ci","upper_2.5ci","sig","BetweenWithin","mplus_time","rhatMean","rhatLast"
"Intercepts","X",2.798,0.104,0,2.597,3.009,TRUE,"Between",2,1.00115168754482,1.00115168754482
"Intercepts","Y",0.886,0.07,0,0.75,1.021,TRUE,"Between",2,1.00115168754482,1.00115168754482
"Intercepts","PHI_X",0.206,0.015,0,0.176,0.236,TRUE,"Between",2,1.00115168754482,1.00115168754482
"Intercepts","PHI_Y",0.26,0.017,0,0.227,0.295,TRUE,"Between",2,1.00115168754482,1.00115168754482
"Intercepts","PHI_XY",0.022,0.018,0.116,-0.014,0.057,FALSE,"Between",2,1.00115168754482,1.00115168754482
"Intercepts","BETA_YX",0.296,0.015,0,0.268,0.327,TRUE,"Between",2,1.00115168754482,1.00115168754482
"Intercepts","PSI_X",-1.648,0.07,0,-1.79,-1.514,TRUE,"Between",2,1.00115168754482,1.00115168754482
"Intercepts","PSI_Y",-1.416,0.068,0,-1.551,-1.283,TRUE,"Between",2,1.00115168754482,1.00115168754482
