"paramHeader","param","est","posterior_sd","pval","lower_2.5ci","upper_2.5ci","sig","BetweenWithin","mplus_time","rhatMean","rhatLast"
"Intercepts","X",2.782,0.115,0,2.557,3.006,TRUE,"Between",2,1.00048720483604,1.00048720483604
"Intercepts","Y",0.923,0.073,0,0.781,1.064,TRUE,"Between",2,1.00048720483604,1.00048720483604
"Intercepts","PHI_X",0.189,0.018,0,0.153,0.224,TRUE,"Between",2,1.00048720483604,1.00048720483604
"Intercepts","PHI_Y",0.244,0.018,0,0.21,0.28,TRUE,"Between",2,1.00048720483604,1.00048720483604
"Intercepts","PHI_XY",0.029,0.018,0.068,-0.009,0.064,FALSE,"Between",2,1.00048720483604,1.00048720483604
"Intercepts","BETA_YX",0.28,0.018,0,0.246,0.317,TRUE,"Between",2,1.00048720483604,1.00048720483604
"Intercepts","PSI_X",-1.638,0.065,0,-1.768,-1.513,TRUE,"Between",2,1.00048720483604,1.00048720483604
"Intercepts","PSI_Y",-1.554,0.058,0,-1.667,-1.438,TRUE,"Between",2,1.00048720483604,1.00048720483604
