"paramHeader","param","est","posterior_sd","pval","lower_2.5ci","upper_2.5ci","sig","BetweenWithin","mplus_time","rhatMean","rhatLast"
"Intercepts","X",3.187,0.109,0,2.97,3.4,TRUE,"Between",2,1.00081084903663,1.00081084903663
"Intercepts","Y",1.037,0.071,0,0.896,1.173,TRUE,"Between",2,1.00081084903663,1.00081084903663
"Intercepts","PHI_X",0.199,0.017,0,0.165,0.233,TRUE,"Between",2,1.00081084903663,1.00081084903663
"Intercepts","PHI_Y",0.242,0.019,0,0.205,0.279,TRUE,"Between",2,1.00081084903663,1.00081084903663
"Intercepts","PHI_XY",0.089,0.02,0,0.05,0.128,TRUE,"Between",2,1.00081084903663,1.00081084903663
"Intercepts","BETA_YX",0.298,0.015,0,0.269,0.328,TRUE,"Between",2,1.00081084903663,1.00081084903663
"Intercepts","PSI_X",-1.573,0.057,0,-1.689,-1.463,TRUE,"Between",2,1.00081084903663,1.00081084903663
"Intercepts","PSI_Y",-1.341,0.067,0,-1.474,-1.21,TRUE,"Between",2,1.00081084903663,1.00081084903663
