"paramHeader","param","est","posterior_sd","pval","lower_2.5ci","upper_2.5ci","sig","BetweenWithin","mplus_time","rhatMean","rhatLast"
"Intercepts","X",3.048,0.111,0,2.827,3.262,TRUE,"Between",2,1.00064376615248,1.00064376615248
"Intercepts","Y",0.984,0.072,0,0.842,1.119,TRUE,"Between",2,1.00064376615248,1.00064376615248
"Intercepts","PHI_X",0.206,0.019,0,0.168,0.244,TRUE,"Between",2,1.00064376615248,1.00064376615248
"Intercepts","PHI_Y",0.244,0.018,0,0.209,0.28,TRUE,"Between",2,1.00064376615248,1.00064376615248
"Intercepts","PHI_XY",0.081,0.016,0,0.048,0.111,TRUE,"Between",2,1.00064376615248,1.00064376615248
"Intercepts","BETA_YX",0.287,0.018,0,0.251,0.322,TRUE,"Between",2,1.00064376615248,1.00064376615248
"Intercepts","PSI_X",-1.56,0.069,0,-1.698,-1.427,TRUE,"Between",2,1.00064376615248,1.00064376615248
"Intercepts","PSI_Y",-1.407,0.072,0,-1.55,-1.264,TRUE,"Between",2,1.00064376615248,1.00064376615248
