"paramHeader","param","est","posterior_sd","pval","lower_2.5ci","upper_2.5ci","sig","BetweenWithin","mplus_time","rhatMean","rhatLast"
"Intercepts","X",3.128,0.124,0,2.884,3.372,TRUE,"Between",2,1.0013030666387,1.0013030666387
"Intercepts","Y",1.011,0.073,0,0.866,1.149,TRUE,"Between",2,1.0013030666387,1.0013030666387
"Intercepts","PHI_X",0.194,0.017,0,0.16,0.228,TRUE,"Between",2,1.0013030666387,1.0013030666387
"Intercepts","PHI_Y",0.218,0.018,0,0.182,0.254,TRUE,"Between",2,1.0013030666387,1.0013030666387
"Intercepts","PHI_XY",0.077,0.018,0,0.041,0.112,TRUE,"Between",2,1.0013030666387,1.0013030666387
"Intercepts","BETA_YX",0.325,0.017,0,0.291,0.359,TRUE,"Between",2,1.0013030666387,1.0013030666387
"Intercepts","PSI_X",-1.545,0.067,0,-1.676,-1.417,TRUE,"Between",2,1.0013030666387,1.0013030666387
"Intercepts","PSI_Y",-1.344,0.066,0,-1.474,-1.216,TRUE,"Between",2,1.0013030666387,1.0013030666387
