"paramHeader","param","est","posterior_sd","pval","lower_2.5ci","upper_2.5ci","sig","BetweenWithin","mplus_time","rhatMean","rhatLast"
"Intercepts","X",3.002,0.108,0,2.788,3.214,TRUE,"Between",3,1.00079185008618,1.00079185008618
"Intercepts","Y",0.993,0.081,0,0.832,1.15,TRUE,"Between",3,1.00079185008618,1.00079185008618
"Intercepts","PHI_X",0.219,0.018,0,0.183,0.253,TRUE,"Between",3,1.00079185008618,1.00079185008618
"Intercepts","PHI_Y",0.233,0.017,0,0.199,0.268,TRUE,"Between",3,1.00079185008618,1.00079185008618
"Intercepts","PHI_XY",0.053,0.017,0.001,0.018,0.086,TRUE,"Between",3,1.00079185008618,1.00079185008618
"Intercepts","BETA_YX",0.291,0.017,0,0.259,0.325,TRUE,"Between",3,1.00079185008618,1.00079185008618
"Intercepts","PSI_X",-1.648,0.066,0,-1.78,-1.521,TRUE,"Between",3,1.00079185008618,1.00079185008618
"Intercepts","PSI_Y",-1.442,0.061,0,-1.562,-1.322,TRUE,"Between",3,1.00079185008618,1.00079185008618
