"paramHeader","param","est","posterior_sd","pval","lower_2.5ci","upper_2.5ci","sig","BetweenWithin","mplus_time","rhatMean","rhatLast"
"Intercepts","X",3.068,0.105,0,2.86,3.274,TRUE,"Between",2,1.00100719169081,1.00100719169081
"Intercepts","Y",0.969,0.063,0,0.845,1.09,TRUE,"Between",2,1.00100719169081,1.00100719169081
"Intercepts","PHI_X",0.181,0.018,0,0.144,0.216,TRUE,"Between",2,1.00100719169081,1.00100719169081
"Intercepts","PHI_Y",0.243,0.021,0,0.204,0.284,TRUE,"Between",2,1.00100719169081,1.00100719169081
"Intercepts","PHI_XY",0.043,0.019,0.011,0.006,0.08,TRUE,"Between",2,1.00100719169081,1.00100719169081
"Intercepts","BETA_YX",0.285,0.015,0,0.255,0.315,TRUE,"Between",2,1.00100719169081,1.00100719169081
"Intercepts","PSI_X",-1.588,0.061,0,-1.713,-1.472,TRUE,"Between",2,1.00100719169081,1.00100719169081
"Intercepts","PSI_Y",-1.443,0.055,0,-1.548,-1.336,TRUE,"Between",2,1.00100719169081,1.00100719169081
