"paramHeader","param","est","posterior_sd","pval","lower_2.5ci","upper_2.5ci","sig","BetweenWithin","mplus_time","rhatMean","rhatLast"
"Intercepts","X",2.953,0.112,0,2.73,3.17,TRUE,"Between",2,1.0008357930931,1.0008357930931
"Intercepts","Y",0.991,0.074,0,0.843,1.132,TRUE,"Between",2,1.0008357930931,1.0008357930931
"Intercepts","PHI_X",0.192,0.017,0,0.159,0.225,TRUE,"Between",2,1.0008357930931,1.0008357930931
"Intercepts","PHI_Y",0.23,0.019,0,0.194,0.267,TRUE,"Between",2,1.0008357930931,1.0008357930931
"Intercepts","PHI_XY",0.039,0.016,0.008,0.008,0.071,TRUE,"Between",2,1.0008357930931,1.0008357930931
"Intercepts","BETA_YX",0.305,0.017,0,0.273,0.338,TRUE,"Between",2,1.0008357930931,1.0008357930931
"Intercepts","PSI_X",-1.488,0.056,0,-1.601,-1.379,TRUE,"Between",2,1.0008357930931,1.0008357930931
"Intercepts","PSI_Y",-1.458,0.062,0,-1.582,-1.337,TRUE,"Between",2,1.0008357930931,1.0008357930931
