"paramHeader","param","est","posterior_sd","pval","lower_2.5ci","upper_2.5ci","sig","BetweenWithin","mplus_time","rhatMean","rhatLast"
"Intercepts","X",3.018,0.119,0,2.786,3.252,TRUE,"Between",3,1.00067742380861,1.00067742380861
"Intercepts","Y",0.97,0.073,0,0.825,1.111,TRUE,"Between",3,1.00067742380861,1.00067742380861
"Intercepts","PHI_X",0.178,0.019,0,0.141,0.214,TRUE,"Between",3,1.00067742380861,1.00067742380861
"Intercepts","PHI_Y",0.237,0.021,0,0.197,0.279,TRUE,"Between",3,1.00067742380861,1.00067742380861
"Intercepts","PHI_XY",0.029,0.019,0.065,-0.008,0.064,FALSE,"Between",3,1.00067742380861,1.00067742380861
"Intercepts","BETA_YX",0.283,0.017,0,0.25,0.316,TRUE,"Between",3,1.00067742380861,1.00067742380861
"Intercepts","PSI_X",-1.636,0.06,0,-1.755,-1.519,TRUE,"Between",3,1.00067742380861,1.00067742380861
"Intercepts","PSI_Y",-1.407,0.062,0,-1.528,-1.286,TRUE,"Between",3,1.00067742380861,1.00067742380861
