"paramHeader","param","est","posterior_sd","pval","lower_2.5ci","upper_2.5ci","sig","BetweenWithin","mplus_time","rhatMean","rhatLast"
"Intercepts","X",3.035,0.106,0,2.83,3.24,TRUE,"Between",2,1.00083557287776,1.00083557287776
"Intercepts","Y",0.952,0.065,0,0.823,1.078,TRUE,"Between",2,1.00083557287776,1.00083557287776
"Intercepts","PHI_X",0.177,0.016,0,0.146,0.207,TRUE,"Between",2,1.00083557287776,1.00083557287776
"Intercepts","PHI_Y",0.242,0.018,0,0.206,0.278,TRUE,"Between",2,1.00083557287776,1.00083557287776
"Intercepts","PHI_XY",0.1,0.021,0,0.058,0.14,TRUE,"Between",2,1.00083557287776,1.00083557287776
"Intercepts","BETA_YX",0.318,0.016,0,0.286,0.35,TRUE,"Between",2,1.00083557287776,1.00083557287776
"Intercepts","PSI_X",-1.611,0.068,0,-1.746,-1.478,TRUE,"Between",2,1.00083557287776,1.00083557287776
"Intercepts","PSI_Y",-1.338,0.06,0,-1.456,-1.22,TRUE,"Between",2,1.00083557287776,1.00083557287776
