"paramHeader","param","est","posterior_sd","pval","lower_2.5ci","upper_2.5ci","sig","BetweenWithin","mplus_time","rhatMean","rhatLast"
"Intercepts","X",2.989,0.099,0,2.795,3.184,TRUE,"Between",2,1.00021867068818,1.00021867068818
"Intercepts","Y",1.076,0.059,0,0.963,1.193,TRUE,"Between",2,1.00021867068818,1.00021867068818
"Intercepts","PHI_X",0.203,0.018,0,0.167,0.237,TRUE,"Between",2,1.00021867068818,1.00021867068818
"Intercepts","PHI_Y",0.257,0.019,0,0.219,0.292,TRUE,"Between",2,1.00021867068818,1.00021867068818
"Intercepts","PHI_XY",0.04,0.021,0.023,0.001,0.082,TRUE,"Between",2,1.00021867068818,1.00021867068818
"Intercepts","BETA_YX",0.276,0.019,0,0.239,0.313,TRUE,"Between",2,1.00021867068818,1.00021867068818
"Intercepts","PSI_X",-1.519,0.07,0,-1.659,-1.384,TRUE,"Between",2,1.00021867068818,1.00021867068818
"Intercepts","PSI_Y",-1.235,0.07,0,-1.371,-1.098,TRUE,"Between",2,1.00021867068818,1.00021867068818
