"paramHeader","param","est","posterior_sd","pval","lower_2.5ci","upper_2.5ci","sig","BetweenWithin","mplus_time","rhatMean","rhatLast"
"Intercepts","X",3.106,0.116,0,2.879,3.337,TRUE,"Between",2,1.00013944009611,1.00013944009611
"Intercepts","Y",0.863,0.065,0,0.738,0.991,TRUE,"Between",2,1.00013944009611,1.00013944009611
"Intercepts","PHI_X",0.207,0.02,0,0.167,0.245,TRUE,"Between",2,1.00013944009611,1.00013944009611
"Intercepts","PHI_Y",0.222,0.021,0,0.18,0.261,TRUE,"Between",2,1.00013944009611,1.00013944009611
"Intercepts","PHI_XY",0.06,0.019,0.002,0.023,0.095,TRUE,"Between",2,1.00013944009611,1.00013944009611
"Intercepts","BETA_YX",0.299,0.02,0,0.26,0.338,TRUE,"Between",2,1.00013944009611,1.00013944009611
"Intercepts","PSI_X",-1.588,0.085,0,-1.76,-1.421,TRUE,"Between",2,1.00013944009611,1.00013944009611
"Intercepts","PSI_Y",-1.581,0.073,0,-1.725,-1.437,TRUE,"Between",2,1.00013944009611,1.00013944009611
