"paramHeader","param","est","posterior_sd","pval","lower_2.5ci","upper_2.5ci","sig","BetweenWithin","mplus_time","rhatMean","rhatLast"
"Intercepts","X",2.846,0.096,0,2.656,3.035,TRUE,"Between",2,1.00016147458235,1.00016147458235
"Intercepts","Y",0.846,0.053,0,0.744,0.952,TRUE,"Between",2,1.00016147458235,1.00016147458235
"Intercepts","PHI_X",0.204,0.02,0,0.165,0.242,TRUE,"Between",2,1.00016147458235,1.00016147458235
"Intercepts","PHI_Y",0.223,0.019,0,0.185,0.26,TRUE,"Between",2,1.00016147458235,1.00016147458235
"Intercepts","PHI_XY",0.03,0.018,0.044,-0.005,0.067,FALSE,"Between",2,1.00016147458235,1.00016147458235
"Intercepts","BETA_YX",0.289,0.022,0,0.245,0.331,TRUE,"Between",2,1.00016147458235,1.00016147458235
"Intercepts","PSI_X",-1.638,0.075,0,-1.789,-1.49,TRUE,"Between",2,1.00016147458235,1.00016147458235
"Intercepts","PSI_Y",-1.548,0.077,0,-1.699,-1.398,TRUE,"Between",2,1.00016147458235,1.00016147458235
