"paramHeader","param","est","posterior_sd","pval","lower_2.5ci","upper_2.5ci","sig","BetweenWithin","mplus_time","rhatMean","rhatLast"
"Intercepts","X",3.117,0.118,0,2.884,3.354,TRUE,"Between",2,1.00013975671101,1.00013975671101
"Intercepts","Y",1.189,0.071,0,1.055,1.331,TRUE,"Between",2,1.00013975671101,1.00013975671101
"Intercepts","PHI_X",0.216,0.018,0,0.182,0.251,TRUE,"Between",2,1.00013975671101,1.00013975671101
"Intercepts","PHI_Y",0.256,0.02,0,0.216,0.294,TRUE,"Between",2,1.00013975671101,1.00013975671101
"Intercepts","PHI_XY",0.057,0.02,0.003,0.018,0.096,TRUE,"Between",2,1.00013975671101,1.00013975671101
"Intercepts","BETA_YX",0.304,0.023,0,0.259,0.347,TRUE,"Between",2,1.00013975671101,1.00013975671101
"Intercepts","PSI_X",-1.557,0.076,0,-1.712,-1.408,TRUE,"Between",2,1.00013975671101,1.00013975671101
"Intercepts","PSI_Y",-1.301,0.088,0,-1.472,-1.13,TRUE,"Between",2,1.00013975671101,1.00013975671101
