"paramHeader","param","est","posterior_sd","pval","lower_2.5ci","upper_2.5ci","sig","BetweenWithin","mplus_time","rhatMean","rhatLast"
"Intercepts","X",2.939,0.101,0,2.737,3.138,TRUE,"Between",2,1.00032308413854,1.00032308413854
"Intercepts","Y",1.073,0.064,0,0.951,1.201,TRUE,"Between",2,1.00032308413854,1.00032308413854
"Intercepts","PHI_X",0.209,0.018,0,0.173,0.242,TRUE,"Between",2,1.00032308413854,1.00032308413854
"Intercepts","PHI_Y",0.259,0.018,0,0.223,0.293,TRUE,"Between",2,1.00032308413854,1.00032308413854
"Intercepts","PHI_XY",0.056,0.022,0.006,0.013,0.1,TRUE,"Between",2,1.00032308413854,1.00032308413854
"Intercepts","BETA_YX",0.287,0.022,0,0.242,0.33,TRUE,"Between",2,1.00032308413854,1.00032308413854
"Intercepts","PSI_X",-1.545,0.08,0,-1.706,-1.388,TRUE,"Between",2,1.00032308413854,1.00032308413854
"Intercepts","PSI_Y",-1.314,0.084,0,-1.479,-1.149,TRUE,"Between",2,1.00032308413854,1.00032308413854
