"paramHeader","param","est","posterior_sd","pval","lower_2.5ci","upper_2.5ci","sig","BetweenWithin","mplus_time","rhatMean","rhatLast"
"Intercepts","X",2.85,0.096,0,2.66,3.04,TRUE,"Between",2,1.00015943859963,1.00015943859963
"Intercepts","Y",0.917,0.066,0,0.793,1.048,TRUE,"Between",2,1.00015943859963,1.00015943859963
"Intercepts","PHI_X",0.184,0.02,0,0.145,0.224,TRUE,"Between",2,1.00015943859963,1.00015943859963
"Intercepts","PHI_Y",0.248,0.021,0,0.206,0.289,TRUE,"Between",2,1.00015943859963,1.00015943859963
"Intercepts","PHI_XY",0.029,0.022,0.089,-0.014,0.074,FALSE,"Between",2,1.00015943859963,1.00015943859963
"Intercepts","BETA_YX",0.295,0.019,0,0.256,0.333,TRUE,"Between",2,1.00015943859963,1.00015943859963
"Intercepts","PSI_X",-1.731,0.075,0,-1.883,-1.584,TRUE,"Between",2,1.00015943859963,1.00015943859963
"Intercepts","PSI_Y",-1.31,0.09,0,-1.486,-1.132,TRUE,"Between",2,1.00015943859963,1.00015943859963
