"paramHeader","param","est","posterior_sd","pval","lower_2.5ci","upper_2.5ci","sig","BetweenWithin","mplus_time","rhatMean","rhatLast"
"Intercepts","X",3.142,0.113,0,2.919,3.365,TRUE,"Between",2,1.00016183198954,1.00016183198954
"Intercepts","Y",1.124,0.063,0,1.004,1.248,TRUE,"Between",2,1.00016183198954,1.00016183198954
"Intercepts","PHI_X",0.158,0.02,0,0.118,0.197,TRUE,"Between",2,1.00016183198954,1.00016183198954
"Intercepts","PHI_Y",0.266,0.02,0,0.225,0.305,TRUE,"Between",2,1.00016183198954,1.00016183198954
"Intercepts","PHI_XY",0.064,0.021,0.001,0.023,0.104,TRUE,"Between",2,1.00016183198954,1.00016183198954
"Intercepts","BETA_YX",0.294,0.019,0,0.257,0.332,TRUE,"Between",2,1.00016183198954,1.00016183198954
"Intercepts","PSI_X",-1.717,0.078,0,-1.872,-1.564,TRUE,"Between",2,1.00016183198954,1.00016183198954
"Intercepts","PSI_Y",-1.386,0.075,0,-1.535,-1.238,TRUE,"Between",2,1.00016183198954,1.00016183198954
