"paramHeader","param","est","posterior_sd","pval","lower_2.5ci","upper_2.5ci","sig","BetweenWithin","mplus_time","rhatMean","rhatLast"
"Intercepts","X",3.072,0.099,0,2.875,3.267,TRUE,"Between",2,1.00010961996547,1.00010961996547
"Intercepts","Y",0.967,0.064,0,0.844,1.093,TRUE,"Between",2,1.00010961996547,1.00010961996547
"Intercepts","PHI_X",0.211,0.019,0,0.174,0.247,TRUE,"Between",2,1.00010961996547,1.00010961996547
"Intercepts","PHI_Y",0.243,0.02,0,0.203,0.281,TRUE,"Between",2,1.00010961996547,1.00010961996547
"Intercepts","PHI_XY",0.036,0.023,0.056,-0.009,0.082,FALSE,"Between",2,1.00010961996547,1.00010961996547
"Intercepts","BETA_YX",0.306,0.021,0,0.264,0.347,TRUE,"Between",2,1.00010961996547,1.00010961996547
"Intercepts","PSI_X",-1.578,0.081,0,-1.743,-1.421,TRUE,"Between",2,1.00010961996547,1.00010961996547
"Intercepts","PSI_Y",-1.289,0.084,0,-1.453,-1.125,TRUE,"Between",2,1.00010961996547,1.00010961996547
