"paramHeader","param","est","posterior_sd","pval","lower_2.5ci","upper_2.5ci","sig","BetweenWithin","mplus_time","rhatMean","rhatLast"
"Intercepts","X",2.901,0.112,0,2.679,3.125,TRUE,"Between",2,1.00015283492645,1.00015283492645
"Intercepts","Y",1.076,0.067,0,0.944,1.209,TRUE,"Between",2,1.00015283492645,1.00015283492645
"Intercepts","PHI_X",0.258,0.018,0,0.222,0.293,TRUE,"Between",2,1.00015283492645,1.00015283492645
"Intercepts","PHI_Y",0.249,0.019,0,0.212,0.285,TRUE,"Between",2,1.00015283492645,1.00015283492645
"Intercepts","PHI_XY",0.044,0.021,0.015,0.005,0.086,TRUE,"Between",2,1.00015283492645,1.00015283492645
"Intercepts","BETA_YX",0.24,0.024,0,0.193,0.287,TRUE,"Between",2,1.00015283492645,1.00015283492645
"Intercepts","PSI_X",-1.452,0.081,0,-1.616,-1.293,TRUE,"Between",2,1.00015283492645,1.00015283492645
"Intercepts","PSI_Y",-1.383,0.084,0,-1.545,-1.218,TRUE,"Between",2,1.00015283492645,1.00015283492645
