"paramHeader","param","est","posterior_sd","pval","lower_2.5ci","upper_2.5ci","sig","BetweenWithin","mplus_time","rhatMean","rhatLast"
"Intercepts","X",3.273,0.11,0,3.058,3.49,TRUE,"Between",2,1.00015783173285,1.00015783173285
"Intercepts","Y",1.071,0.058,0,0.962,1.186,TRUE,"Between",2,1.00015783173285,1.00015783173285
"Intercepts","PHI_X",0.201,0.018,0,0.164,0.236,TRUE,"Between",2,1.00015783173285,1.00015783173285
"Intercepts","PHI_Y",0.228,0.02,0,0.189,0.266,TRUE,"Between",2,1.00015783173285,1.00015783173285
"Intercepts","PHI_XY",0.099,0.02,0,0.06,0.139,TRUE,"Between",2,1.00015783173285,1.00015783173285
"Intercepts","BETA_YX",0.33,0.023,0,0.284,0.376,TRUE,"Between",2,1.00015783173285,1.00015783173285
"Intercepts","PSI_X",-1.446,0.075,0,-1.6,-1.298,TRUE,"Between",2,1.00015783173285,1.00015783173285
"Intercepts","PSI_Y",-1.326,0.078,0,-1.479,-1.172,TRUE,"Between",2,1.00015783173285,1.00015783173285
