"paramHeader","param","est","posterior_sd","pval","lower_2.5ci","upper_2.5ci","sig","BetweenWithin","mplus_time","rhatMean","rhatLast"
"Intercepts","X",3.129,0.106,0,2.92,3.339,TRUE,"Between",2,1.00035424750967,1.00035424750967
"Intercepts","Y",1.058,0.063,0,0.937,1.184,TRUE,"Between",2,1.00035424750967,1.00035424750967
"Intercepts","PHI_X",0.215,0.018,0,0.179,0.248,TRUE,"Between",2,1.00035424750967,1.00035424750967
"Intercepts","PHI_Y",0.275,0.018,0,0.239,0.31,TRUE,"Between",2,1.00035424750967,1.00035424750967
"Intercepts","PHI_XY",0.013,0.023,0.295,-0.033,0.058,FALSE,"Between",2,1.00035424750967,1.00035424750967
"Intercepts","BETA_YX",0.271,0.024,0,0.221,0.318,TRUE,"Between",2,1.00035424750967,1.00035424750967
"Intercepts","PSI_X",-1.57,0.079,0,-1.731,-1.413,TRUE,"Between",2,1.00035424750967,1.00035424750967
"Intercepts","PSI_Y",-1.325,0.081,0,-1.479,-1.166,TRUE,"Between",2,1.00035424750967,1.00035424750967
