"paramHeader","param","est","posterior_sd","pval","lower_2.5ci","upper_2.5ci","sig","BetweenWithin","mplus_time","rhatMean","rhatLast"
"Intercepts","X",2.968,0.106,0,2.758,3.18,TRUE,"Between",2,1.00014036291359,1.00014036291359
"Intercepts","Y",0.962,0.066,0,0.835,1.094,TRUE,"Between",2,1.00014036291359,1.00014036291359
"Intercepts","PHI_X",0.205,0.021,0,0.164,0.246,TRUE,"Between",2,1.00014036291359,1.00014036291359
"Intercepts","PHI_Y",0.241,0.019,0,0.203,0.278,TRUE,"Between",2,1.00014036291359,1.00014036291359
"Intercepts","PHI_XY",0.053,0.02,0.006,0.011,0.092,TRUE,"Between",2,1.00014036291359,1.00014036291359
"Intercepts","BETA_YX",0.289,0.019,0,0.251,0.327,TRUE,"Between",2,1.00014036291359,1.00014036291359
"Intercepts","PSI_X",-1.651,0.087,0,-1.828,-1.478,TRUE,"Between",2,1.00014036291359,1.00014036291359
"Intercepts","PSI_Y",-1.485,0.084,0,-1.648,-1.319,TRUE,"Between",2,1.00014036291359,1.00014036291359
