"paramHeader","param","est","posterior_sd","pval","lower_2.5ci","upper_2.5ci","sig","BetweenWithin","mplus_time","rhatMean","rhatLast"
"Intercepts","X",2.813,0.106,0,2.605,3.023,TRUE,"Between",2,1.00013266055253,1.00013266055253
"Intercepts","Y",0.921,0.066,0,0.799,1.053,TRUE,"Between",2,1.00013266055253,1.00013266055253
"Intercepts","PHI_X",0.209,0.02,0,0.17,0.249,TRUE,"Between",2,1.00013266055253,1.00013266055253
"Intercepts","PHI_Y",0.228,0.02,0,0.189,0.265,TRUE,"Between",2,1.00013266055253,1.00013266055253
"Intercepts","PHI_XY",0.012,0.02,0.262,-0.026,0.051,FALSE,"Between",2,1.00013266055253,1.00013266055253
"Intercepts","BETA_YX",0.285,0.023,0,0.24,0.33,TRUE,"Between",2,1.00013266055253,1.00013266055253
"Intercepts","PSI_X",-1.715,0.079,0,-1.873,-1.561,TRUE,"Between",2,1.00013266055253,1.00013266055253
"Intercepts","PSI_Y",-1.61,0.076,0,-1.76,-1.462,TRUE,"Between",2,1.00013266055253,1.00013266055253
