"paramHeader","param","est","posterior_sd","pval","lower_2.5ci","upper_2.5ci","sig","BetweenWithin","mplus_time","rhatMean","rhatLast"
"Intercepts","X",3.031,0.108,0,2.818,3.246,TRUE,"Between",2,1.00018202384576,1.00018202384576
"Intercepts","Y",1.008,0.059,0,0.893,1.126,TRUE,"Between",2,1.00018202384576,1.00018202384576
"Intercepts","PHI_X",0.18,0.018,0,0.144,0.217,TRUE,"Between",2,1.00018202384576,1.00018202384576
"Intercepts","PHI_Y",0.245,0.02,0,0.204,0.283,TRUE,"Between",2,1.00018202384576,1.00018202384576
"Intercepts","PHI_XY",0.033,0.02,0.044,-0.005,0.071,FALSE,"Between",2,1.00018202384576,1.00018202384576
"Intercepts","BETA_YX",0.293,0.022,0,0.249,0.336,TRUE,"Between",2,1.00018202384576,1.00018202384576
"Intercepts","PSI_X",-1.695,0.068,0,-1.833,-1.562,TRUE,"Between",2,1.00018202384576,1.00018202384576
"Intercepts","PSI_Y",-1.435,0.071,0,-1.575,-1.297,TRUE,"Between",2,1.00018202384576,1.00018202384576
