"paramHeader","param","est","posterior_sd","pval","lower_2.5ci","upper_2.5ci","sig","BetweenWithin","mplus_time","rhatMean","rhatLast"
"Intercepts","X",2.951,0.096,0,2.761,3.141,TRUE,"Between",3,1.000189490682,1.000189490682
"Intercepts","Y",0.974,0.067,0,0.844,1.106,TRUE,"Between",3,1.000189490682,1.000189490682
"Intercepts","PHI_X",0.16,0.018,0,0.124,0.195,TRUE,"Between",3,1.000189490682,1.000189490682
"Intercepts","PHI_Y",0.228,0.02,0,0.188,0.265,TRUE,"Between",3,1.000189490682,1.000189490682
"Intercepts","PHI_XY",0.034,0.022,0.054,-0.007,0.078,FALSE,"Between",3,1.000189490682,1.000189490682
"Intercepts","BETA_YX",0.303,0.019,0,0.264,0.34,TRUE,"Between",3,1.000189490682,1.000189490682
"Intercepts","PSI_X",-1.536,0.07,0,-1.675,-1.397,TRUE,"Between",3,1.000189490682,1.000189490682
"Intercepts","PSI_Y",-1.435,0.075,0,-1.583,-1.289,TRUE,"Between",3,1.000189490682,1.000189490682
