"paramHeader","param","est","posterior_sd","pval","lower_2.5ci","upper_2.5ci","sig","BetweenWithin","mplus_time","rhatMean","rhatLast"
"Intercepts","X",2.975,0.097,0,2.781,3.168,TRUE,"Between",2,1.00017837703733,1.00017837703733
"Intercepts","Y",1.107,0.063,0,0.985,1.231,TRUE,"Between",2,1.00017837703733,1.00017837703733
"Intercepts","PHI_X",0.231,0.018,0,0.195,0.266,TRUE,"Between",2,1.00017837703733,1.00017837703733
"Intercepts","PHI_Y",0.246,0.021,0,0.205,0.285,TRUE,"Between",2,1.00017837703733,1.00017837703733
"Intercepts","PHI_XY",0.044,0.017,0.006,0.011,0.078,TRUE,"Between",2,1.00017837703733,1.00017837703733
"Intercepts","BETA_YX",0.291,0.021,0,0.249,0.332,TRUE,"Between",2,1.00017837703733,1.00017837703733
"Intercepts","PSI_X",-1.624,0.078,0,-1.78,-1.472,TRUE,"Between",2,1.00017837703733,1.00017837703733
"Intercepts","PSI_Y",-1.465,0.077,0,-1.616,-1.314,TRUE,"Between",2,1.00017837703733,1.00017837703733
