"paramHeader","param","est","posterior_sd","pval","lower_2.5ci","upper_2.5ci","sig","BetweenWithin","mplus_time","rhatMean","rhatLast"
"Intercepts","X",3.035,0.11,0,2.816,3.254,TRUE,"Between",2,1.00023567905427,1.00023567905427
"Intercepts","Y",1.047,0.064,0,0.924,1.173,TRUE,"Between",2,1.00023567905427,1.00023567905427
"Intercepts","PHI_X",0.198,0.017,0,0.164,0.231,TRUE,"Between",2,1.00023567905427,1.00023567905427
"Intercepts","PHI_Y",0.222,0.019,0,0.184,0.258,TRUE,"Between",2,1.00023567905427,1.00023567905427
"Intercepts","PHI_XY",0.061,0.019,0.001,0.023,0.098,TRUE,"Between",2,1.00023567905427,1.00023567905427
"Intercepts","BETA_YX",0.303,0.022,0,0.259,0.347,TRUE,"Between",2,1.00023567905427,1.00023567905427
"Intercepts","PSI_X",-1.727,0.081,0,-1.89,-1.569,TRUE,"Between",2,1.00023567905427,1.00023567905427
"Intercepts","PSI_Y",-1.426,0.075,0,-1.571,-1.279,TRUE,"Between",2,1.00023567905427,1.00023567905427
