"paramHeader","param","est","posterior_sd","pval","lower_2.5ci","upper_2.5ci","sig","BetweenWithin","mplus_time","rhatMean","rhatLast"
"Intercepts","X",3.026,0.102,0,2.823,3.229,TRUE,"Between",2,1.00035365120283,1.00035365120283
"Intercepts","Y",0.89,0.057,0,0.78,1.003,TRUE,"Between",2,1.00035365120283,1.00035365120283
"Intercepts","PHI_X",0.212,0.017,0,0.179,0.245,TRUE,"Between",2,1.00035365120283,1.00035365120283
"Intercepts","PHI_Y",0.219,0.019,0,0.181,0.256,TRUE,"Between",2,1.00035365120283,1.00035365120283
"Intercepts","PHI_XY",0.035,0.021,0.043,-0.005,0.076,FALSE,"Between",2,1.00035365120283,1.00035365120283
"Intercepts","BETA_YX",0.238,0.021,0,0.196,0.281,TRUE,"Between",2,1.00035365120283,1.00035365120283
"Intercepts","PSI_X",-1.493,0.076,0,-1.648,-1.341,TRUE,"Between",2,1.00035365120283,1.00035365120283
"Intercepts","PSI_Y",-1.458,0.082,0,-1.618,-1.296,TRUE,"Between",2,1.00035365120283,1.00035365120283
