"paramHeader","param","est","posterior_sd","pval","lower_2.5ci","upper_2.5ci","sig","BetweenWithin","mplus_time","rhatMean","rhatLast"
"Intercepts","X",2.985,0.108,0,2.772,3.199,TRUE,"Between",2,1.00015446813247,1.00015446813247
"Intercepts","Y",0.965,0.055,0,0.858,1.073,TRUE,"Between",2,1.00015446813247,1.00015446813247
"Intercepts","PHI_X",0.21,0.018,0,0.175,0.245,TRUE,"Between",2,1.00015446813247,1.00015446813247
"Intercepts","PHI_Y",0.219,0.021,0,0.178,0.258,TRUE,"Between",2,1.00015446813247,1.00015446813247
"Intercepts","PHI_XY",0.042,0.02,0.02,0.002,0.079,TRUE,"Between",2,1.00015446813247,1.00015446813247
"Intercepts","BETA_YX",0.271,0.022,0,0.229,0.313,TRUE,"Between",2,1.00015446813247,1.00015446813247
"Intercepts","PSI_X",-1.656,0.082,0,-1.821,-1.495,TRUE,"Between",2,1.00015446813247,1.00015446813247
"Intercepts","PSI_Y",-1.521,0.074,0,-1.667,-1.377,TRUE,"Between",2,1.00015446813247,1.00015446813247
