"paramHeader","param","est","posterior_sd","pval","lower_2.5ci","upper_2.5ci","sig","BetweenWithin","mplus_time","rhatMean","rhatLast"
"Intercepts","X",2.857,0.099,0,2.661,3.055,TRUE,"Between",2,1.00019491618368,1.00019491618368
"Intercepts","Y",0.959,0.06,0,0.845,1.077,TRUE,"Between",2,1.00019491618368,1.00019491618368
"Intercepts","PHI_X",0.158,0.017,0,0.124,0.19,TRUE,"Between",2,1.00019491618368,1.00019491618368
"Intercepts","PHI_Y",0.222,0.021,0,0.181,0.262,TRUE,"Between",2,1.00019491618368,1.00019491618368
"Intercepts","PHI_XY",0.061,0.021,0.002,0.02,0.102,TRUE,"Between",2,1.00019491618368,1.00019491618368
"Intercepts","BETA_YX",0.318,0.021,0,0.277,0.36,TRUE,"Between",2,1.00019491618368,1.00019491618368
"Intercepts","PSI_X",-1.646,0.085,0,-1.816,-1.479,TRUE,"Between",2,1.00019491618368,1.00019491618368
"Intercepts","PSI_Y",-1.424,0.076,0,-1.573,-1.276,TRUE,"Between",2,1.00019491618368,1.00019491618368
