"paramHeader","param","est","posterior_sd","pval","lower_2.5ci","upper_2.5ci","sig","BetweenWithin","mplus_time","rhatMean","rhatLast"
"Intercepts","X",3.307,0.114,0,3.082,3.534,TRUE,"Between",2,1.00014294623583,1.00014294623583
"Intercepts","Y",0.978,0.058,0,0.867,1.095,TRUE,"Between",2,1.00014294623583,1.00014294623583
"Intercepts","PHI_X",0.19,0.02,0,0.149,0.229,TRUE,"Between",2,1.00014294623583,1.00014294623583
"Intercepts","PHI_Y",0.248,0.02,0,0.207,0.287,TRUE,"Between",2,1.00014294623583,1.00014294623583
"Intercepts","PHI_XY",0.068,0.018,0,0.032,0.104,TRUE,"Between",2,1.00014294623583,1.00014294623583
"Intercepts","BETA_YX",0.3,0.021,0,0.259,0.34,TRUE,"Between",2,1.00014294623583,1.00014294623583
"Intercepts","PSI_X",-1.471,0.082,0,-1.636,-1.311,TRUE,"Between",2,1.00014294623583,1.00014294623583
"Intercepts","PSI_Y",-1.322,0.086,0,-1.49,-1.154,TRUE,"Between",2,1.00014294623583,1.00014294623583
