"paramHeader","param","est","posterior_sd","pval","lower_2.5ci","upper_2.5ci","sig","BetweenWithin","mplus_time","rhatMean","rhatLast"
"Intercepts","X",2.981,0.094,0,2.796,3.169,TRUE,"Between",2,1.0002587456249,1.0002587456249
"Intercepts","Y",1.041,0.058,0,0.929,1.156,TRUE,"Between",2,1.0002587456249,1.0002587456249
"Intercepts","PHI_X",0.184,0.016,0,0.151,0.216,TRUE,"Between",2,1.0002587456249,1.0002587456249
"Intercepts","PHI_Y",0.26,0.021,0,0.216,0.299,TRUE,"Between",2,1.0002587456249,1.0002587456249
"Intercepts","PHI_XY",0.069,0.019,0,0.031,0.108,TRUE,"Between",2,1.0002587456249,1.0002587456249
"Intercepts","BETA_YX",0.345,0.023,0,0.298,0.39,TRUE,"Between",2,1.0002587456249,1.0002587456249
"Intercepts","PSI_X",-1.607,0.08,0,-1.769,-1.448,TRUE,"Between",2,1.0002587456249,1.0002587456249
"Intercepts","PSI_Y",-1.547,0.069,0,-1.682,-1.414,TRUE,"Between",2,1.0002587456249,1.0002587456249
