"paramHeader","param","est","posterior_sd","pval","lower_2.5ci","upper_2.5ci","sig","BetweenWithin","mplus_time","rhatMean","rhatLast"
"Intercepts","X",3.17,0.095,0,2.983,3.361,TRUE,"Between",2,1.00012979681985,1.00012979681985
"Intercepts","Y",1.03,0.061,0,0.912,1.149,TRUE,"Between",2,1.00012979681985,1.00012979681985
"Intercepts","PHI_X",0.16,0.021,0,0.119,0.201,TRUE,"Between",2,1.00012979681985,1.00012979681985
"Intercepts","PHI_Y",0.231,0.02,0,0.191,0.267,TRUE,"Between",2,1.00012979681985,1.00012979681985
"Intercepts","PHI_XY",0.057,0.019,0.002,0.021,0.094,TRUE,"Between",2,1.00012979681985,1.00012979681985
"Intercepts","BETA_YX",0.32,0.023,0,0.275,0.365,TRUE,"Between",2,1.00012979681985,1.00012979681985
"Intercepts","PSI_X",-1.618,0.089,0,-1.798,-1.444,TRUE,"Between",2,1.00012979681985,1.00012979681985
"Intercepts","PSI_Y",-1.417,0.082,0,-1.575,-1.257,TRUE,"Between",2,1.00012979681985,1.00012979681985
