"paramHeader","param","est","posterior_sd","pval","lower_2.5ci","upper_2.5ci","sig","BetweenWithin","mplus_time","rhatMean","rhatLast"
"Intercepts","X",3.107,0.117,0,2.876,3.34,TRUE,"Between",2,1.00019678815415,1.00019678815415
"Intercepts","Y",0.943,0.063,0,0.822,1.068,TRUE,"Between",2,1.00019678815415,1.00019678815415
"Intercepts","PHI_X",0.195,0.019,0,0.157,0.232,TRUE,"Between",2,1.00019678815415,1.00019678815415
"Intercepts","PHI_Y",0.272,0.019,0,0.233,0.309,TRUE,"Between",2,1.00019678815415,1.00019678815415
"Intercepts","PHI_XY",0.037,0.019,0.025,0,0.074,FALSE,"Between",2,1.00019678815415,1.00019678815415
"Intercepts","BETA_YX",0.271,0.023,0,0.227,0.316,TRUE,"Between",2,1.00019678815415,1.00019678815415
"Intercepts","PSI_X",-1.471,0.081,0,-1.634,-1.311,TRUE,"Between",2,1.00019678815415,1.00019678815415
"Intercepts","PSI_Y",-1.406,0.083,0,-1.568,-1.243,TRUE,"Between",2,1.00019678815415,1.00019678815415
