"paramHeader","param","est","posterior_sd","pval","lower_2.5ci","upper_2.5ci","sig","BetweenWithin","mplus_time","rhatMean","rhatLast"
"Intercepts","X",3.07,0.111,0,2.849,3.29,TRUE,"Between",3,1.00019791665422,1.00019791665422
"Intercepts","Y",1.007,0.062,0,0.891,1.131,TRUE,"Between",3,1.00019791665422,1.00019791665422
"Intercepts","PHI_X",0.181,0.017,0,0.147,0.213,TRUE,"Between",3,1.00019791665422,1.00019791665422
"Intercepts","PHI_Y",0.26,0.021,0,0.217,0.299,TRUE,"Between",3,1.00019791665422,1.00019791665422
"Intercepts","PHI_XY",0.04,0.019,0.021,0.002,0.079,TRUE,"Between",3,1.00019791665422,1.00019791665422
"Intercepts","BETA_YX",0.331,0.02,0,0.292,0.371,TRUE,"Between",3,1.00019791665422,1.00019791665422
"Intercepts","PSI_X",-1.514,0.084,0,-1.686,-1.35,TRUE,"Between",3,1.00019791665422,1.00019791665422
"Intercepts","PSI_Y",-1.378,0.069,0,-1.512,-1.242,TRUE,"Between",3,1.00019791665422,1.00019791665422
