"paramHeader","param","est","posterior_sd","pval","lower_2.5ci","upper_2.5ci","sig","BetweenWithin","mplus_time","rhatMean","rhatLast"
"Intercepts","X",3.072,0.101,0,2.869,3.272,TRUE,"Between",2,1.00012617863016,1.00012617863016
"Intercepts","Y",0.91,0.056,0,0.803,1.021,TRUE,"Between",2,1.00012617863016,1.00012617863016
"Intercepts","PHI_X",0.206,0.019,0,0.169,0.243,TRUE,"Between",2,1.00012617863016,1.00012617863016
"Intercepts","PHI_Y",0.223,0.02,0,0.181,0.261,TRUE,"Between",2,1.00012617863016,1.00012617863016
"Intercepts","PHI_XY",0.038,0.016,0.01,0.006,0.07,TRUE,"Between",2,1.00012617863016,1.00012617863016
"Intercepts","BETA_YX",0.294,0.023,0,0.249,0.339,TRUE,"Between",2,1.00012617863016,1.00012617863016
"Intercepts","PSI_X",-1.588,0.084,0,-1.759,-1.422,TRUE,"Between",2,1.00012617863016,1.00012617863016
"Intercepts","PSI_Y",-1.403,0.079,0,-1.557,-1.247,TRUE,"Between",2,1.00012617863016,1.00012617863016
