"paramHeader","param","est","posterior_sd","pval","lower_2.5ci","upper_2.5ci","sig","BetweenWithin","mplus_time","rhatMean","rhatLast"
"Intercepts","X",2.886,0.116,0,2.656,3.116,TRUE,"Between",2,1.00010089415353,1.00010089415353
"Intercepts","Y",0.949,0.058,0,0.84,1.066,TRUE,"Between",2,1.00010089415353,1.00010089415353
"Intercepts","PHI_X",0.16,0.022,0,0.117,0.203,TRUE,"Between",2,1.00010089415353,1.00010089415353
"Intercepts","PHI_Y",0.225,0.022,0,0.181,0.266,TRUE,"Between",2,1.00010089415353,1.00010089415353
"Intercepts","PHI_XY",0.05,0.02,0.007,0.011,0.09,TRUE,"Between",2,1.00010089415353,1.00010089415353
"Intercepts","BETA_YX",0.262,0.023,0,0.217,0.307,TRUE,"Between",2,1.00010089415353,1.00010089415353
"Intercepts","PSI_X",-1.582,0.083,0,-1.749,-1.416,TRUE,"Between",2,1.00010089415353,1.00010089415353
"Intercepts","PSI_Y",-1.482,0.075,0,-1.63,-1.336,TRUE,"Between",2,1.00010089415353,1.00010089415353
