"paramHeader","param","est","posterior_sd","pval","lower_2.5ci","upper_2.5ci","sig","BetweenWithin","mplus_time","rhatMean","rhatLast"
"Intercepts","X",3.009,0.109,0,2.792,3.226,TRUE,"Between",2,1.00011748891385,1.00011748891385
"Intercepts","Y",1.065,0.055,0,0.96,1.173,TRUE,"Between",2,1.00011748891385,1.00011748891385
"Intercepts","PHI_X",0.206,0.02,0,0.167,0.245,TRUE,"Between",2,1.00011748891385,1.00011748891385
"Intercepts","PHI_Y",0.253,0.021,0,0.211,0.292,TRUE,"Between",2,1.00011748891385,1.00011748891385
"Intercepts","PHI_XY",0.041,0.023,0.033,-0.003,0.086,FALSE,"Between",2,1.00011748891385,1.00011748891385
"Intercepts","BETA_YX",0.287,0.023,0,0.242,0.333,TRUE,"Between",2,1.00011748891385,1.00011748891385
"Intercepts","PSI_X",-1.675,0.073,0,-1.823,-1.531,TRUE,"Between",2,1.00011748891385,1.00011748891385
"Intercepts","PSI_Y",-1.382,0.081,0,-1.539,-1.223,TRUE,"Between",2,1.00011748891385,1.00011748891385
