"paramHeader","param","est","posterior_sd","pval","lower_2.5ci","upper_2.5ci","sig","BetweenWithin","mplus_time","rhatMean","rhatLast"
"Intercepts","X",2.964,0.11,0,2.746,3.183,TRUE,"Between",2,1.00037926824315,1.00037926824315
"Intercepts","Y",0.948,0.07,0,0.815,1.085,TRUE,"Between",2,1.00037926824315,1.00037926824315
"Intercepts","PHI_X",0.204,0.015,0,0.173,0.233,TRUE,"Between",2,1.00037926824315,1.00037926824315
"Intercepts","PHI_Y",0.243,0.021,0,0.203,0.283,TRUE,"Between",2,1.00037926824315,1.00037926824315
"Intercepts","PHI_XY",0.056,0.022,0.006,0.014,0.101,TRUE,"Between",2,1.00037926824315,1.00037926824315
"Intercepts","BETA_YX",0.305,0.019,0,0.267,0.342,TRUE,"Between",2,1.00037926824315,1.00037926824315
"Intercepts","PSI_X",-1.721,0.077,0,-1.876,-1.567,TRUE,"Between",2,1.00037926824315,1.00037926824315
"Intercepts","PSI_Y",-1.399,0.085,0,-1.565,-1.232,TRUE,"Between",2,1.00037926824315,1.00037926824315
