"paramHeader","param","est","posterior_sd","pval","lower_2.5ci","upper_2.5ci","sig","BetweenWithin","mplus_time","rhatMean","rhatLast"
"Intercepts","X",3.249,0.111,0,3.029,3.468,TRUE,"Between",2,1.00013412003301,1.00013412003301
"Intercepts","Y",1.016,0.064,0,0.893,1.141,TRUE,"Between",2,1.00013412003301,1.00013412003301
"Intercepts","PHI_X",0.228,0.019,0,0.19,0.264,TRUE,"Between",2,1.00013412003301,1.00013412003301
"Intercepts","PHI_Y",0.248,0.021,0,0.205,0.288,TRUE,"Between",2,1.00013412003301,1.00013412003301
"Intercepts","PHI_XY",0.023,0.021,0.131,-0.018,0.065,FALSE,"Between",2,1.00013412003301,1.00013412003301
"Intercepts","BETA_YX",0.327,0.019,0,0.289,0.365,TRUE,"Between",2,1.00013412003301,1.00013412003301
"Intercepts","PSI_X",-1.521,0.075,0,-1.672,-1.373,TRUE,"Between",2,1.00013412003301,1.00013412003301
"Intercepts","PSI_Y",-1.317,0.086,0,-1.485,-1.149,TRUE,"Between",2,1.00013412003301,1.00013412003301
