"paramHeader","param","est","posterior_sd","pval","lower_2.5ci","upper_2.5ci","sig","BetweenWithin","mplus_time","rhatMean","rhatLast"
"Intercepts","X",2.912,0.1,0,2.713,3.111,TRUE,"Between",2,1.00013656271703,1.00013656271703
"Intercepts","Y",1.064,0.059,0,0.949,1.18,TRUE,"Between",2,1.00013656271703,1.00013656271703
"Intercepts","PHI_X",0.209,0.019,0,0.171,0.245,TRUE,"Between",2,1.00013656271703,1.00013656271703
"Intercepts","PHI_Y",0.274,0.02,0,0.234,0.312,TRUE,"Between",2,1.00013656271703,1.00013656271703
"Intercepts","PHI_XY",0.062,0.023,0.004,0.017,0.109,TRUE,"Between",2,1.00013656271703,1.00013656271703
"Intercepts","BETA_YX",0.273,0.022,0,0.228,0.317,TRUE,"Between",2,1.00013656271703,1.00013656271703
"Intercepts","PSI_X",-1.495,0.085,0,-1.666,-1.328,TRUE,"Between",2,1.00013656271703,1.00013656271703
"Intercepts","PSI_Y",-1.337,0.088,0,-1.505,-1.167,TRUE,"Between",2,1.00013656271703,1.00013656271703
