"paramHeader","param","est","posterior_sd","pval","lower_2.5ci","upper_2.5ci","sig","BetweenWithin","mplus_time","rhatMean","rhatLast"
"Intercepts","X",3.134,0.103,0,2.931,3.337,TRUE,"Between",2,1.00017764659966,1.00017764659966
"Intercepts","Y",1.153,0.071,0,1.017,1.291,TRUE,"Between",2,1.00017764659966,1.00017764659966
"Intercepts","PHI_X",0.178,0.021,0,0.136,0.22,TRUE,"Between",2,1.00017764659966,1.00017764659966
"Intercepts","PHI_Y",0.277,0.021,0,0.235,0.316,TRUE,"Between",2,1.00017764659966,1.00017764659966
"Intercepts","PHI_XY",0.032,0.022,0.073,-0.011,0.076,FALSE,"Between",2,1.00017764659966,1.00017764659966
"Intercepts","BETA_YX",0.309,0.02,0,0.268,0.347,TRUE,"Between",2,1.00017764659966,1.00017764659966
"Intercepts","PSI_X",-1.63,0.082,0,-1.795,-1.469,TRUE,"Between",2,1.00017764659966,1.00017764659966
"Intercepts","PSI_Y",-1.346,0.083,0,-1.506,-1.185,TRUE,"Between",2,1.00017764659966,1.00017764659966
