"paramHeader","param","est","posterior_sd","pval","lower_2.5ci","upper_2.5ci","sig","BetweenWithin","mplus_time","rhatMean","rhatLast"
"Intercepts","X",3.107,0.102,0,2.905,3.31,TRUE,"Between",2,1.00013281492209,1.00013281492209
"Intercepts","Y",1.008,0.055,0,0.905,1.116,TRUE,"Between",2,1.00013281492209,1.00013281492209
"Intercepts","PHI_X",0.179,0.019,0,0.141,0.216,TRUE,"Between",2,1.00013281492209,1.00013281492209
"Intercepts","PHI_Y",0.283,0.02,0,0.242,0.322,TRUE,"Between",2,1.00013281492209,1.00013281492209
"Intercepts","PHI_XY",0.042,0.021,0.026,0,0.083,FALSE,"Between",2,1.00013281492209,1.00013281492209
"Intercepts","BETA_YX",0.313,0.02,0,0.273,0.351,TRUE,"Between",2,1.00013281492209,1.00013281492209
"Intercepts","PSI_X",-1.614,0.076,0,-1.768,-1.467,TRUE,"Between",2,1.00013281492209,1.00013281492209
"Intercepts","PSI_Y",-1.341,0.08,0,-1.495,-1.186,TRUE,"Between",2,1.00013281492209,1.00013281492209
