"paramHeader","param","est","posterior_sd","pval","lower_2.5ci","upper_2.5ci","sig","BetweenWithin","mplus_time","rhatMean","rhatLast"
"Intercepts","X",3.145,0.114,0,2.915,3.371,TRUE,"Between",2,1.00020224386779,1.00020224386779
"Intercepts","Y",1.094,0.06,0,0.978,1.211,TRUE,"Between",2,1.00020224386779,1.00020224386779
"Intercepts","PHI_X",0.217,0.017,0,0.184,0.249,TRUE,"Between",2,1.00020224386779,1.00020224386779
"Intercepts","PHI_Y",0.242,0.02,0,0.202,0.28,TRUE,"Between",2,1.00020224386779,1.00020224386779
"Intercepts","PHI_XY",0.053,0.018,0.002,0.017,0.089,TRUE,"Between",2,1.00020224386779,1.00020224386779
"Intercepts","BETA_YX",0.274,0.021,0,0.232,0.314,TRUE,"Between",2,1.00020224386779,1.00020224386779
"Intercepts","PSI_X",-1.689,0.085,0,-1.858,-1.522,TRUE,"Between",2,1.00020224386779,1.00020224386779
"Intercepts","PSI_Y",-1.509,0.087,0,-1.678,-1.337,TRUE,"Between",2,1.00020224386779,1.00020224386779
