"paramHeader","param","est","posterior_sd","pval","lower_2.5ci","upper_2.5ci","sig","BetweenWithin","mplus_time","rhatMean","rhatLast"
"Intercepts","X",2.721,0.117,0,2.49,2.951,TRUE,"Between",2,1.00018033735034,1.00018033735034
"Intercepts","Y",0.9,0.056,0,0.791,1.01,TRUE,"Between",2,1.00018033735034,1.00018033735034
"Intercepts","PHI_X",0.177,0.021,0,0.135,0.219,TRUE,"Between",2,1.00018033735034,1.00018033735034
"Intercepts","PHI_Y",0.257,0.02,0,0.216,0.296,TRUE,"Between",2,1.00018033735034,1.00018033735034
"Intercepts","PHI_XY",0.02,0.017,0.118,-0.013,0.054,FALSE,"Between",2,1.00018033735034,1.00018033735034
"Intercepts","BETA_YX",0.277,0.022,0,0.233,0.32,TRUE,"Between",2,1.00018033735034,1.00018033735034
"Intercepts","PSI_X",-1.709,0.076,0,-1.863,-1.561,TRUE,"Between",2,1.00018033735034,1.00018033735034
"Intercepts","PSI_Y",-1.612,0.071,0,-1.751,-1.475,TRUE,"Between",2,1.00018033735034,1.00018033735034
