"paramHeader","param","est","posterior_sd","pval","lower_2.5ci","upper_2.5ci","sig","BetweenWithin","mplus_time","rhatMean","rhatLast"
"Intercepts","X",3.085,0.113,0,2.859,3.308,TRUE,"Between",2,1.00014899804305,1.00014899804305
"Intercepts","Y",0.975,0.063,0,0.854,1.099,TRUE,"Between",2,1.00014899804305,1.00014899804305
"Intercepts","PHI_X",0.21,0.021,0,0.17,0.252,TRUE,"Between",2,1.00014899804305,1.00014899804305
"Intercepts","PHI_Y",0.267,0.019,0,0.228,0.303,TRUE,"Between",2,1.00014899804305,1.00014899804305
"Intercepts","PHI_XY",0.068,0.021,0.001,0.027,0.109,TRUE,"Between",2,1.00014899804305,1.00014899804305
"Intercepts","BETA_YX",0.358,0.021,0,0.315,0.4,TRUE,"Between",2,1.00014899804305,1.00014899804305
"Intercepts","PSI_X",-1.572,0.064,0,-1.7,-1.446,TRUE,"Between",2,1.00014899804305,1.00014899804305
"Intercepts","PSI_Y",-1.207,0.081,0,-1.367,-1.047,TRUE,"Between",2,1.00014899804305,1.00014899804305
