"paramHeader","param","est","posterior_sd","pval","lower_2.5ci","upper_2.5ci","sig","BetweenWithin","mplus_time","rhatMean","rhatLast"
"Intercepts","X",3.318,0.107,0,3.107,3.53,TRUE,"Between",2,1.00013373888929,1.00013373888929
"Intercepts","Y",1.049,0.062,0,0.929,1.174,TRUE,"Between",2,1.00013373888929,1.00013373888929
"Intercepts","PHI_X",0.204,0.018,0,0.168,0.239,TRUE,"Between",2,1.00013373888929,1.00013373888929
"Intercepts","PHI_Y",0.255,0.02,0,0.214,0.293,TRUE,"Between",2,1.00013373888929,1.00013373888929
"Intercepts","PHI_XY",0.062,0.021,0.002,0.022,0.103,TRUE,"Between",2,1.00013373888929,1.00013373888929
"Intercepts","BETA_YX",0.269,0.023,0,0.223,0.313,TRUE,"Between",2,1.00013373888929,1.00013373888929
"Intercepts","PSI_X",-1.522,0.068,0,-1.66,-1.389,TRUE,"Between",2,1.00013373888929,1.00013373888929
"Intercepts","PSI_Y",-1.428,0.086,0,-1.593,-1.259,TRUE,"Between",2,1.00013373888929,1.00013373888929
