"paramHeader","param","est","posterior_sd","pval","lower_2.5ci","upper_2.5ci","sig","BetweenWithin","mplus_time","rhatMean","rhatLast"
"Intercepts","X",3.031,0.097,0,2.836,3.225,TRUE,"Between",2,1.00071020605206,1.00071020605206
"Intercepts","Y",0.965,0.062,0,0.846,1.087,TRUE,"Between",2,1.00071020605206,1.00071020605206
"Intercepts","PHI_X",0.168,0.021,0,0.126,0.21,TRUE,"Between",2,1.00071020605206,1.00071020605206
"Intercepts","PHI_Y",0.229,0.017,0,0.196,0.261,TRUE,"Between",2,1.00071020605206,1.00071020605206
"Intercepts","PHI_XY",0.036,0.022,0.048,-0.008,0.08,FALSE,"Between",2,1.00071020605206,1.00071020605206
"Intercepts","BETA_YX",0.326,0.023,0,0.281,0.369,TRUE,"Between",2,1.00071020605206,1.00071020605206
"Intercepts","PSI_X",-1.697,0.092,0,-1.885,-1.518,TRUE,"Between",2,1.00071020605206,1.00071020605206
"Intercepts","PSI_Y",-1.384,0.087,0,-1.552,-1.212,TRUE,"Between",2,1.00071020605206,1.00071020605206
