"paramHeader","param","est","posterior_sd","pval","lower_2.5ci","upper_2.5ci","sig","BetweenWithin","mplus_time","rhatMean","rhatLast"
"Intercepts","X",2.934,0.114,0,2.706,3.161,TRUE,"Between",2,1.0001220591978,1.0001220591978
"Intercepts","Y",1.069,0.071,0,0.932,1.209,TRUE,"Between",2,1.0001220591978,1.0001220591978
"Intercepts","PHI_X",0.2,0.02,0,0.16,0.239,TRUE,"Between",2,1.0001220591978,1.0001220591978
"Intercepts","PHI_Y",0.262,0.02,0,0.221,0.301,TRUE,"Between",2,1.0001220591978,1.0001220591978
"Intercepts","PHI_XY",0.041,0.021,0.022,0.001,0.083,TRUE,"Between",2,1.0001220591978,1.0001220591978
"Intercepts","BETA_YX",0.293,0.019,0,0.256,0.33,TRUE,"Between",2,1.0001220591978,1.0001220591978
"Intercepts","PSI_X",-1.671,0.075,0,-1.821,-1.526,TRUE,"Between",2,1.0001220591978,1.0001220591978
"Intercepts","PSI_Y",-1.347,0.089,0,-1.522,-1.175,TRUE,"Between",2,1.0001220591978,1.0001220591978
