"paramHeader","param","est","posterior_sd","pval","lower_2.5ci","upper_2.5ci","sig","BetweenWithin","mplus_time","rhatMean","rhatLast"
"Intercepts","X",3.045,0.101,0,2.845,3.245,TRUE,"Between",3,1.00017740013102,1.00017740013102
"Intercepts","Y",0.975,0.06,0,0.858,1.092,TRUE,"Between",3,1.00017740013102,1.00017740013102
"Intercepts","PHI_X",0.203,0.017,0,0.17,0.237,TRUE,"Between",3,1.00017740013102,1.00017740013102
"Intercepts","PHI_Y",0.234,0.02,0,0.194,0.272,TRUE,"Between",3,1.00017740013102,1.00017740013102
"Intercepts","PHI_XY",0.051,0.021,0.008,0.011,0.093,TRUE,"Between",3,1.00017740013102,1.00017740013102
"Intercepts","BETA_YX",0.288,0.02,0,0.248,0.327,TRUE,"Between",3,1.00017740013102,1.00017740013102
"Intercepts","PSI_X",-1.707,0.081,0,-1.868,-1.55,TRUE,"Between",3,1.00017740013102,1.00017740013102
"Intercepts","PSI_Y",-1.323,0.074,0,-1.467,-1.179,TRUE,"Between",3,1.00017740013102,1.00017740013102
