"paramHeader","param","est","posterior_sd","pval","lower_2.5ci","upper_2.5ci","sig","BetweenWithin","mplus_time","rhatMean","rhatLast"
"Intercepts","X",3.008,0.103,0,2.803,3.213,TRUE,"Between",3,1.00021838243765,1.00021838243765
"Intercepts","Y",0.92,0.058,0,0.808,1.033,TRUE,"Between",3,1.00021838243765,1.00021838243765
"Intercepts","PHI_X",0.202,0.02,0,0.164,0.241,TRUE,"Between",3,1.00021838243765,1.00021838243765
"Intercepts","PHI_Y",0.24,0.018,0,0.203,0.275,TRUE,"Between",3,1.00021838243765,1.00021838243765
"Intercepts","PHI_XY",0.07,0.021,0,0.031,0.112,TRUE,"Between",3,1.00021838243765,1.00021838243765
"Intercepts","BETA_YX",0.303,0.022,0,0.26,0.347,TRUE,"Between",3,1.00021838243765,1.00021838243765
"Intercepts","PSI_X",-1.686,0.078,0,-1.845,-1.532,TRUE,"Between",3,1.00021838243765,1.00021838243765
"Intercepts","PSI_Y",-1.592,0.08,0,-1.748,-1.436,TRUE,"Between",3,1.00021838243765,1.00021838243765
