"paramHeader","param","est","posterior_sd","pval","lower_2.5ci","upper_2.5ci","sig","BetweenWithin","mplus_time","rhatMean","rhatLast"
"Intercepts","X",2.953,0.094,0,2.766,3.139,TRUE,"Between",2,1.00021553113655,1.00021553113655
"Intercepts","Y",0.942,0.058,0,0.83,1.056,TRUE,"Between",2,1.00021553113655,1.00021553113655
"Intercepts","PHI_X",0.176,0.02,0,0.137,0.214,TRUE,"Between",2,1.00021553113655,1.00021553113655
"Intercepts","PHI_Y",0.244,0.019,0,0.205,0.281,TRUE,"Between",2,1.00021553113655,1.00021553113655
"Intercepts","PHI_XY",0.063,0.019,0.001,0.026,0.1,TRUE,"Between",2,1.00021553113655,1.00021553113655
"Intercepts","BETA_YX",0.305,0.022,0,0.261,0.346,TRUE,"Between",2,1.00021553113655,1.00021553113655
"Intercepts","PSI_X",-1.488,0.071,0,-1.632,-1.35,TRUE,"Between",2,1.00021553113655,1.00021553113655
"Intercepts","PSI_Y",-1.344,0.081,0,-1.502,-1.184,TRUE,"Between",2,1.00021553113655,1.00021553113655
