"paramHeader","param","est","posterior_sd","pval","lower_2.5ci","upper_2.5ci","sig","BetweenWithin","mplus_time","rhatMean","rhatLast"
"Intercepts","X",3.057,0.107,0,2.845,3.27,TRUE,"Between",2,1.00027471194108,1.00027471194108
"Intercepts","Y",1.165,0.069,0,1.032,1.303,TRUE,"Between",2,1.00027471194108,1.00027471194108
"Intercepts","PHI_X",0.207,0.016,0,0.175,0.238,TRUE,"Between",2,1.00027471194108,1.00027471194108
"Intercepts","PHI_Y",0.273,0.019,0,0.234,0.308,TRUE,"Between",2,1.00027471194108,1.00027471194108
"Intercepts","PHI_XY",0.032,0.022,0.065,-0.011,0.076,FALSE,"Between",2,1.00027471194108,1.00027471194108
"Intercepts","BETA_YX",0.309,0.021,0,0.267,0.351,TRUE,"Between",2,1.00027471194108,1.00027471194108
"Intercepts","PSI_X",-1.598,0.073,0,-1.744,-1.457,TRUE,"Between",2,1.00027471194108,1.00027471194108
"Intercepts","PSI_Y",-1.183,0.076,0,-1.332,-1.034,TRUE,"Between",2,1.00027471194108,1.00027471194108
