"paramHeader","param","est","posterior_sd","pval","lower_2.5ci","upper_2.5ci","sig","BetweenWithin","mplus_time","rhatMean","rhatLast"
"Intercepts","X",3.31,0.1,0,3.114,3.509,TRUE,"Between",2,1.00011355434869,1.00011355434869
"Intercepts","Y",1.205,0.062,0,1.083,1.325,TRUE,"Between",2,1.00011355434869,1.00011355434869
"Intercepts","PHI_X",0.194,0.021,0,0.152,0.234,TRUE,"Between",2,1.00011355434869,1.00011355434869
"Intercepts","PHI_Y",0.238,0.022,0,0.195,0.28,TRUE,"Between",2,1.00011355434869,1.00011355434869
"Intercepts","PHI_XY",0.087,0.018,0,0.051,0.123,TRUE,"Between",2,1.00011355434869,1.00011355434869
"Intercepts","BETA_YX",0.294,0.021,0,0.251,0.334,TRUE,"Between",2,1.00011355434869,1.00011355434869
"Intercepts","PSI_X",-1.415,0.078,0,-1.574,-1.261,TRUE,"Between",2,1.00011355434869,1.00011355434869
"Intercepts","PSI_Y",-1.287,0.088,0,-1.461,-1.117,TRUE,"Between",2,1.00011355434869,1.00011355434869
