"paramHeader","param","est","posterior_sd","pval","lower_2.5ci","upper_2.5ci","sig","BetweenWithin","mplus_time","rhatMean","rhatLast"
"Intercepts","X",2.954,0.113,0,2.731,3.178,TRUE,"Between",2,1.00014390625703,1.00014390625703
"Intercepts","Y",1.026,0.063,0,0.906,1.149,TRUE,"Between",2,1.00014390625703,1.00014390625703
"Intercepts","PHI_X",0.238,0.019,0,0.201,0.275,TRUE,"Between",2,1.00014390625703,1.00014390625703
"Intercepts","PHI_Y",0.243,0.022,0,0.198,0.284,TRUE,"Between",2,1.00014390625703,1.00014390625703
"Intercepts","PHI_XY",0.053,0.02,0.004,0.013,0.093,TRUE,"Between",2,1.00014390625703,1.00014390625703
"Intercepts","BETA_YX",0.314,0.026,0,0.263,0.364,TRUE,"Between",2,1.00014390625703,1.00014390625703
"Intercepts","PSI_X",-1.536,0.069,0,-1.676,-1.401,TRUE,"Between",2,1.00014390625703,1.00014390625703
"Intercepts","PSI_Y",-1.402,0.082,0,-1.558,-1.243,TRUE,"Between",2,1.00014390625703,1.00014390625703
