"paramHeader","param","est","posterior_sd","pval","lower_2.5ci","upper_2.5ci","sig","BetweenWithin","mplus_time","rhatMean","rhatLast"
"Intercepts","X",2.904,0.103,0,2.7,3.109,TRUE,"Between",2,1.00012748262451,1.00012748262451
"Intercepts","Y",1.043,0.064,0,0.92,1.168,TRUE,"Between",2,1.00012748262451,1.00012748262451
"Intercepts","PHI_X",0.219,0.017,0,0.185,0.253,TRUE,"Between",2,1.00012748262451,1.00012748262451
"Intercepts","PHI_Y",0.251,0.021,0,0.208,0.291,TRUE,"Between",2,1.00012748262451,1.00012748262451
"Intercepts","PHI_XY",0.042,0.021,0.024,0,0.083,TRUE,"Between",2,1.00012748262451,1.00012748262451
"Intercepts","BETA_YX",0.334,0.019,0,0.297,0.371,TRUE,"Between",2,1.00012748262451,1.00012748262451
"Intercepts","PSI_X",-1.457,0.081,0,-1.621,-1.297,TRUE,"Between",2,1.00012748262451,1.00012748262451
"Intercepts","PSI_Y",-1.252,0.08,0,-1.41,-1.095,TRUE,"Between",2,1.00012748262451,1.00012748262451
