"paramHeader","param","est","posterior_sd","pval","lower_2.5ci","upper_2.5ci","sig","BetweenWithin","mplus_time","rhatMean","rhatLast"
"Intercepts","X",3.128,0.099,0,2.933,3.324,TRUE,"Between",2,1.00010054968415,1.00010054968415
"Intercepts","Y",1.143,0.055,0,1.037,1.252,TRUE,"Between",2,1.00010054968415,1.00010054968415
"Intercepts","PHI_X",0.207,0.019,0,0.17,0.243,TRUE,"Between",2,1.00010054968415,1.00010054968415
"Intercepts","PHI_Y",0.295,0.021,0,0.253,0.335,TRUE,"Between",2,1.00010054968415,1.00010054968415
"Intercepts","PHI_XY",0.073,0.019,0,0.035,0.11,TRUE,"Between",2,1.00010054968415,1.00010054968415
"Intercepts","BETA_YX",0.309,0.023,0,0.262,0.354,TRUE,"Between",2,1.00010054968415,1.00010054968415
"Intercepts","PSI_X",-1.504,0.088,0,-1.682,-1.332,TRUE,"Between",2,1.00010054968415,1.00010054968415
"Intercepts","PSI_Y",-1.404,0.072,0,-1.546,-1.263,TRUE,"Between",2,1.00010054968415,1.00010054968415
