"paramHeader","param","est","posterior_sd","pval","lower_2.5ci","upper_2.5ci","sig","BetweenWithin","mplus_time","rhatMean","rhatLast"
"Intercepts","X",2.761,0.092,0,2.579,2.942,TRUE,"Between",2,1.00009484838245,1.00009484838245
"Intercepts","Y",0.973,0.072,0,0.835,1.113,TRUE,"Between",2,1.00009484838245,1.00009484838245
"Intercepts","PHI_X",0.21,0.021,0,0.169,0.25,TRUE,"Between",2,1.00009484838245,1.00009484838245
"Intercepts","PHI_Y",0.225,0.023,0,0.179,0.27,TRUE,"Between",2,1.00009484838245,1.00009484838245
"Intercepts","PHI_XY",0.047,0.023,0.02,0.003,0.094,TRUE,"Between",2,1.00009484838245,1.00009484838245
"Intercepts","BETA_YX",0.305,0.021,0,0.264,0.346,TRUE,"Between",2,1.00009484838245,1.00009484838245
"Intercepts","PSI_X",-1.694,0.079,0,-1.853,-1.538,TRUE,"Between",2,1.00009484838245,1.00009484838245
"Intercepts","PSI_Y",-1.441,0.081,0,-1.597,-1.282,TRUE,"Between",2,1.00009484838245,1.00009484838245
