"paramHeader","param","est","posterior_sd","pval","lower_2.5ci","upper_2.5ci","sig","BetweenWithin","mplus_time","rhatMean","rhatLast"
"Intercepts","X",2.826,0.099,0,2.631,3.021,TRUE,"Between",2,1.00015694724958,1.00015694724958
"Intercepts","Y",0.973,0.06,0,0.858,1.091,TRUE,"Between",2,1.00015694724958,1.00015694724958
"Intercepts","PHI_X",0.204,0.019,0,0.167,0.241,TRUE,"Between",2,1.00015694724958,1.00015694724958
"Intercepts","PHI_Y",0.224,0.02,0,0.183,0.262,TRUE,"Between",2,1.00015694724958,1.00015694724958
"Intercepts","PHI_XY",0.044,0.022,0.023,0.001,0.086,TRUE,"Between",2,1.00015694724958,1.00015694724958
"Intercepts","BETA_YX",0.307,0.024,0,0.258,0.352,TRUE,"Between",2,1.00015694724958,1.00015694724958
"Intercepts","PSI_X",-1.518,0.075,0,-1.668,-1.374,TRUE,"Between",2,1.00015694724958,1.00015694724958
"Intercepts","PSI_Y",-1.43,0.089,0,-1.605,-1.254,TRUE,"Between",2,1.00015694724958,1.00015694724958
