"paramHeader","param","est","posterior_sd","pval","lower_2.5ci","upper_2.5ci","sig","BetweenWithin","mplus_time","rhatMean","rhatLast"
"Intercepts","X",3.172,0.095,0,2.98,3.36,TRUE,"Between",2,1.00017710122579,1.00017710122579
"Intercepts","Y",1.004,0.068,0,0.873,1.138,TRUE,"Between",2,1.00017710122579,1.00017710122579
"Intercepts","PHI_X",0.194,0.019,0,0.156,0.23,TRUE,"Between",2,1.00017710122579,1.00017710122579
"Intercepts","PHI_Y",0.235,0.022,0,0.192,0.276,TRUE,"Between",2,1.00017710122579,1.00017710122579
"Intercepts","PHI_XY",0.047,0.02,0.008,0.01,0.087,TRUE,"Between",2,1.00017710122579,1.00017710122579
"Intercepts","BETA_YX",0.315,0.027,0,0.263,0.368,TRUE,"Between",2,1.00017710122579,1.00017710122579
"Intercepts","PSI_X",-1.6,0.077,0,-1.755,-1.449,TRUE,"Between",2,1.00017710122579,1.00017710122579
"Intercepts","PSI_Y",-1.45,0.079,0,-1.603,-1.293,TRUE,"Between",2,1.00017710122579,1.00017710122579
