"paramHeader","param","est","posterior_sd","pval","lower_2.5ci","upper_2.5ci","sig","BetweenWithin","mplus_time","rhatMean","rhatLast"
"Intercepts","X",3.175,0.106,0,2.965,3.383,TRUE,"Between",2,1.00014294627728,1.00014294627728
"Intercepts","Y",1.082,0.061,0,0.967,1.203,TRUE,"Between",2,1.00014294627728,1.00014294627728
"Intercepts","PHI_X",0.241,0.02,0,0.202,0.28,TRUE,"Between",2,1.00014294627728,1.00014294627728
"Intercepts","PHI_Y",0.276,0.019,0,0.238,0.311,TRUE,"Between",2,1.00014294627728,1.00014294627728
"Intercepts","PHI_XY",0.065,0.021,0.002,0.024,0.107,TRUE,"Between",2,1.00014294627728,1.00014294627728
"Intercepts","BETA_YX",0.288,0.022,0,0.246,0.329,TRUE,"Between",2,1.00014294627728,1.00014294627728
"Intercepts","PSI_X",-1.635,0.073,0,-1.784,-1.492,TRUE,"Between",2,1.00014294627728,1.00014294627728
"Intercepts","PSI_Y",-1.379,0.088,0,-1.549,-1.206,TRUE,"Between",2,1.00014294627728,1.00014294627728
