"paramHeader","param","est","posterior_sd","pval","lower_2.5ci","upper_2.5ci","sig","BetweenWithin","mplus_time","rhatMean","rhatLast"
"Intercepts","X",2.963,0.108,0,2.75,3.176,TRUE,"Between",2,1.00060152147603,1.00060152147603
"Intercepts","Y",0.977,0.074,0,0.836,1.123,TRUE,"Between",2,1.00060152147603,1.00060152147603
"Intercepts","PHI_X",0.194,0.019,0,0.156,0.231,TRUE,"Between",2,1.00060152147603,1.00060152147603
"Intercepts","PHI_Y",0.245,0.018,0,0.211,0.279,TRUE,"Between",2,1.00060152147603,1.00060152147603
"Intercepts","PHI_XY",0.079,0.02,0,0.039,0.118,TRUE,"Between",2,1.00060152147603,1.00060152147603
"Intercepts","BETA_YX",0.302,0.022,0,0.258,0.346,TRUE,"Between",2,1.00060152147603,1.00060152147603
"Intercepts","PSI_X",-1.719,0.074,0,-1.868,-1.576,TRUE,"Between",2,1.00060152147603,1.00060152147603
"Intercepts","PSI_Y",-1.344,0.083,0,-1.506,-1.183,TRUE,"Between",2,1.00060152147603,1.00060152147603
