"paramHeader","param","est","posterior_sd","pval","lower_2.5ci","upper_2.5ci","sig","BetweenWithin","mplus_time","rhatMean","rhatLast"
"Intercepts","X",3.044,0.11,0,2.826,3.265,TRUE,"Between",2,1.00009009320546,1.00009009320546
"Intercepts","Y",1.093,0.069,0,0.96,1.228,TRUE,"Between",2,1.00009009320546,1.00009009320546
"Intercepts","PHI_X",0.191,0.02,0,0.15,0.231,TRUE,"Between",2,1.00009009320546,1.00009009320546
"Intercepts","PHI_Y",0.245,0.022,0,0.202,0.286,TRUE,"Between",2,1.00009009320546,1.00009009320546
"Intercepts","PHI_XY",0.061,0.023,0.004,0.016,0.107,TRUE,"Between",2,1.00009009320546,1.00009009320546
"Intercepts","BETA_YX",0.313,0.019,0,0.277,0.35,TRUE,"Between",2,1.00009009320546,1.00009009320546
"Intercepts","PSI_X",-1.647,0.087,0,-1.824,-1.475,TRUE,"Between",2,1.00009009320546,1.00009009320546
"Intercepts","PSI_Y",-1.352,0.078,0,-1.504,-1.199,TRUE,"Between",2,1.00009009320546,1.00009009320546
