"paramHeader","param","est","posterior_sd","pval","lower_2.5ci","upper_2.5ci","sig","BetweenWithin","mplus_time","rhatMean","rhatLast"
"Intercepts","X",2.98,0.11,0,2.763,3.2,TRUE,"Between",2,1.00012931730051,1.00012931730051
"Intercepts","Y",1.025,0.053,0,0.921,1.129,TRUE,"Between",2,1.00012931730051,1.00012931730051
"Intercepts","PHI_X",0.215,0.02,0,0.175,0.253,TRUE,"Between",2,1.00012931730051,1.00012931730051
"Intercepts","PHI_Y",0.241,0.02,0,0.199,0.279,TRUE,"Between",2,1.00012931730051,1.00012931730051
"Intercepts","PHI_XY",0.039,0.021,0.031,-0.003,0.082,FALSE,"Between",2,1.00012931730051,1.00012931730051
"Intercepts","BETA_YX",0.343,0.023,0,0.297,0.388,TRUE,"Between",2,1.00012931730051,1.00012931730051
"Intercepts","PSI_X",-1.719,0.077,0,-1.876,-1.568,TRUE,"Between",2,1.00012931730051,1.00012931730051
"Intercepts","PSI_Y",-1.576,0.075,0,-1.721,-1.43,TRUE,"Between",2,1.00012931730051,1.00012931730051
