"paramHeader","param","est","posterior_sd","pval","lower_2.5ci","upper_2.5ci","sig","BetweenWithin","mplus_time","rhatMean","rhatLast"
"Intercepts","X",2.84,0.104,0,2.635,3.045,TRUE,"Between",2,1.00012738239054,1.00012738239054
"Intercepts","Y",0.903,0.066,0,0.773,1.033,TRUE,"Between",2,1.00012738239054,1.00012738239054
"Intercepts","PHI_X",0.169,0.02,0,0.13,0.208,TRUE,"Between",2,1.00012738239054,1.00012738239054
"Intercepts","PHI_Y",0.226,0.021,0,0.182,0.266,TRUE,"Between",2,1.00012738239054,1.00012738239054
"Intercepts","PHI_XY",0.077,0.022,0.001,0.033,0.122,TRUE,"Between",2,1.00012738239054,1.00012738239054
"Intercepts","BETA_YX",0.329,0.022,0,0.286,0.371,TRUE,"Between",2,1.00012738239054,1.00012738239054
"Intercepts","PSI_X",-1.502,0.077,0,-1.658,-1.35,TRUE,"Between",2,1.00012738239054,1.00012738239054
"Intercepts","PSI_Y",-1.411,0.074,0,-1.555,-1.264,TRUE,"Between",2,1.00012738239054,1.00012738239054
