"paramHeader","param","est","posterior_sd","pval","lower_2.5ci","upper_2.5ci","sig","BetweenWithin","mplus_time","rhatMean","rhatLast"
"Intercepts","X",3.203,0.107,0,2.989,3.414,TRUE,"Between",2,1.00011347587398,1.00011347587398
"Intercepts","Y",1.05,0.067,0,0.92,1.18,TRUE,"Between",2,1.00011347587398,1.00011347587398
"Intercepts","PHI_X",0.198,0.018,0,0.162,0.234,TRUE,"Between",2,1.00011347587398,1.00011347587398
"Intercepts","PHI_Y",0.287,0.019,0,0.248,0.323,TRUE,"Between",2,1.00011347587398,1.00011347587398
"Intercepts","PHI_XY",0.087,0.02,0,0.048,0.128,TRUE,"Between",2,1.00011347587398,1.00011347587398
"Intercepts","BETA_YX",0.291,0.023,0,0.246,0.334,TRUE,"Between",2,1.00011347587398,1.00011347587398
"Intercepts","PSI_X",-1.582,0.073,0,-1.728,-1.44,TRUE,"Between",2,1.00011347587398,1.00011347587398
"Intercepts","PSI_Y",-1.228,0.084,0,-1.391,-1.061,TRUE,"Between",2,1.00011347587398,1.00011347587398
