"paramHeader","param","est","posterior_sd","pval","lower_2.5ci","upper_2.5ci","sig","BetweenWithin","mplus_time","rhatMean","rhatLast"
"Intercepts","X",3.177,0.106,0,2.968,3.388,TRUE,"Between",2,1.00011877844626,1.00011877844626
"Intercepts","Y",1.069,0.055,0,0.963,1.18,TRUE,"Between",2,1.00011877844626,1.00011877844626
"Intercepts","PHI_X",0.175,0.021,0,0.135,0.215,TRUE,"Between",2,1.00011877844626,1.00011877844626
"Intercepts","PHI_Y",0.263,0.022,0,0.22,0.306,TRUE,"Between",2,1.00011877844626,1.00011877844626
"Intercepts","PHI_XY",0.034,0.019,0.034,-0.002,0.071,FALSE,"Between",2,1.00011877844626,1.00011877844626
"Intercepts","BETA_YX",0.303,0.02,0,0.264,0.342,TRUE,"Between",2,1.00011877844626,1.00011877844626
"Intercepts","PSI_X",-1.617,0.086,0,-1.791,-1.447,TRUE,"Between",2,1.00011877844626,1.00011877844626
"Intercepts","PSI_Y",-1.45,0.082,0,-1.606,-1.287,TRUE,"Between",2,1.00011877844626,1.00011877844626
