"paramHeader","param","est","posterior_sd","pval","lower_2.5ci","upper_2.5ci","sig","BetweenWithin","mplus_time","rhatMean","rhatLast"
"Intercepts","X",3.171,0.094,0,2.985,3.358,TRUE,"Between",2,1.00021670642938,1.00021670642938
"Intercepts","Y",0.977,0.062,0,0.856,1.098,TRUE,"Between",2,1.00021670642938,1.00021670642938
"Intercepts","PHI_X",0.197,0.019,0,0.16,0.234,TRUE,"Between",2,1.00021670642938,1.00021670642938
"Intercepts","PHI_Y",0.265,0.02,0,0.225,0.302,TRUE,"Between",2,1.00021670642938,1.00021670642938
"Intercepts","PHI_XY",0.061,0.023,0.007,0.015,0.108,TRUE,"Between",2,1.00021670642938,1.00021670642938
"Intercepts","BETA_YX",0.298,0.018,0,0.262,0.332,TRUE,"Between",2,1.00021670642938,1.00021670642938
"Intercepts","PSI_X",-1.632,0.086,0,-1.807,-1.463,TRUE,"Between",2,1.00021670642938,1.00021670642938
"Intercepts","PSI_Y",-1.346,0.082,0,-1.508,-1.183,TRUE,"Between",2,1.00021670642938,1.00021670642938
