"paramHeader","param","est","posterior_sd","pval","lower_2.5ci","upper_2.5ci","sig","BetweenWithin","mplus_time","rhatMean","rhatLast"
"Intercepts","X",3.067,0.108,0,2.853,3.283,TRUE,"Between",2,1.0001656290887,1.0001656290887
"Intercepts","Y",0.895,0.067,0,0.767,1.027,TRUE,"Between",2,1.0001656290887,1.0001656290887
"Intercepts","PHI_X",0.2,0.019,0,0.162,0.237,TRUE,"Between",2,1.0001656290887,1.0001656290887
"Intercepts","PHI_Y",0.269,0.021,0,0.226,0.309,TRUE,"Between",2,1.0001656290887,1.0001656290887
"Intercepts","PHI_XY",0.073,0.02,0,0.034,0.113,TRUE,"Between",2,1.0001656290887,1.0001656290887
"Intercepts","BETA_YX",0.272,0.019,0,0.235,0.311,TRUE,"Between",2,1.0001656290887,1.0001656290887
"Intercepts","PSI_X",-1.701,0.068,0,-1.838,-1.569,TRUE,"Between",2,1.0001656290887,1.0001656290887
"Intercepts","PSI_Y",-1.427,0.087,0,-1.599,-1.258,TRUE,"Between",2,1.0001656290887,1.0001656290887
