"paramHeader","param","est","posterior_sd","pval","lower_2.5ci","upper_2.5ci","sig","BetweenWithin","mplus_time","rhatMean","rhatLast"
"Intercepts","X",2.869,0.114,0,2.643,3.094,TRUE,"Between",2,1.00015059723921,1.00015059723921
"Intercepts","Y",1.038,0.063,0,0.915,1.162,TRUE,"Between",2,1.00015059723921,1.00015059723921
"Intercepts","PHI_X",0.216,0.019,0,0.178,0.252,TRUE,"Between",2,1.00015059723921,1.00015059723921
"Intercepts","PHI_Y",0.255,0.023,0,0.209,0.298,TRUE,"Between",2,1.00015059723921,1.00015059723921
"Intercepts","PHI_XY",0.056,0.022,0.006,0.014,0.101,TRUE,"Between",2,1.00015059723921,1.00015059723921
"Intercepts","BETA_YX",0.298,0.019,0,0.259,0.335,TRUE,"Between",2,1.00015059723921,1.00015059723921
"Intercepts","PSI_X",-1.637,0.08,0,-1.796,-1.48,TRUE,"Between",2,1.00015059723921,1.00015059723921
"Intercepts","PSI_Y",-1.525,0.078,0,-1.677,-1.37,TRUE,"Between",2,1.00015059723921,1.00015059723921
