"paramHeader","param","est","posterior_sd","pval","lower_2.5ci","upper_2.5ci","sig","BetweenWithin","mplus_time","rhatMean","rhatLast"
"Intercepts","X",3.141,0.102,0,2.939,3.343,TRUE,"Between",2,1.00011745867822,1.00011745867822
"Intercepts","Y",0.93,0.067,0,0.803,1.063,TRUE,"Between",2,1.00011745867822,1.00011745867822
"Intercepts","PHI_X",0.227,0.02,0,0.188,0.266,TRUE,"Between",2,1.00011745867822,1.00011745867822
"Intercepts","PHI_Y",0.222,0.019,0,0.185,0.258,TRUE,"Between",2,1.00011745867822,1.00011745867822
"Intercepts","PHI_XY",0.078,0.021,0,0.037,0.119,TRUE,"Between",2,1.00011745867822,1.00011745867822
"Intercepts","BETA_YX",0.296,0.021,0,0.254,0.336,TRUE,"Between",2,1.00011745867822,1.00011745867822
"Intercepts","PSI_X",-1.491,0.079,0,-1.65,-1.333,TRUE,"Between",2,1.00011745867822,1.00011745867822
"Intercepts","PSI_Y",-1.234,0.07,0,-1.371,-1.099,TRUE,"Between",2,1.00011745867822,1.00011745867822
