"paramHeader","param","est","posterior_sd","pval","lower_2.5ci","upper_2.5ci","sig","BetweenWithin","mplus_time","rhatMean","rhatLast"
"Intercepts","X",3.073,0.114,0,2.848,3.302,TRUE,"Between",2,1.00013772542441,1.00013772542441
"Intercepts","Y",0.977,0.061,0,0.861,1.099,TRUE,"Between",2,1.00013772542441,1.00013772542441
"Intercepts","PHI_X",0.19,0.018,0,0.154,0.225,TRUE,"Between",2,1.00013772542441,1.00013772542441
"Intercepts","PHI_Y",0.26,0.019,0,0.222,0.296,TRUE,"Between",2,1.00013772542441,1.00013772542441
"Intercepts","PHI_XY",0.062,0.019,0.001,0.024,0.099,TRUE,"Between",2,1.00013772542441,1.00013772542441
"Intercepts","BETA_YX",0.304,0.019,0,0.266,0.34,TRUE,"Between",2,1.00013772542441,1.00013772542441
"Intercepts","PSI_X",-1.565,0.08,0,-1.728,-1.408,TRUE,"Between",2,1.00013772542441,1.00013772542441
"Intercepts","PSI_Y",-1.457,0.082,0,-1.618,-1.299,TRUE,"Between",2,1.00013772542441,1.00013772542441
