"paramHeader","param","est","posterior_sd","pval","lower_2.5ci","upper_2.5ci","sig","BetweenWithin","mplus_time","rhatMean","rhatLast"
"Intercepts","X",2.927,0.108,0,2.71,3.142,TRUE,"Between",2,1.0002264338288,1.0002264338288
"Intercepts","Y",1.114,0.06,0,1.001,1.234,TRUE,"Between",2,1.0002264338288,1.0002264338288
"Intercepts","PHI_X",0.195,0.019,0,0.157,0.232,TRUE,"Between",2,1.0002264338288,1.0002264338288
"Intercepts","PHI_Y",0.242,0.018,0,0.205,0.277,TRUE,"Between",2,1.0002264338288,1.0002264338288
"Intercepts","PHI_XY",0.058,0.019,0.002,0.019,0.096,TRUE,"Between",2,1.0002264338288,1.0002264338288
"Intercepts","BETA_YX",0.263,0.02,0,0.223,0.302,TRUE,"Between",2,1.0002264338288,1.0002264338288
"Intercepts","PSI_X",-1.66,0.074,0,-1.808,-1.513,TRUE,"Between",2,1.0002264338288,1.0002264338288
"Intercepts","PSI_Y",-1.479,0.077,0,-1.628,-1.328,TRUE,"Between",2,1.0002264338288,1.0002264338288
