"paramHeader","param","est","posterior_sd","pval","lower_2.5ci","upper_2.5ci","sig","BetweenWithin","mplus_time","rhatMean","rhatLast"
"Intercepts","X",2.945,0.096,0,2.754,3.138,TRUE,"Between",2,1.00057382824404,1.00057382824404
"Intercepts","Y",0.98,0.063,0,0.861,1.106,TRUE,"Between",2,1.00057382824404,1.00057382824404
"Intercepts","PHI_X",0.149,0.019,0,0.11,0.186,TRUE,"Between",2,1.00057382824404,1.00057382824404
"Intercepts","PHI_Y",0.233,0.017,0,0.198,0.265,TRUE,"Between",2,1.00057382824404,1.00057382824404
"Intercepts","PHI_XY",0.059,0.024,0.007,0.013,0.107,TRUE,"Between",2,1.00057382824404,1.00057382824404
"Intercepts","BETA_YX",0.26,0.023,0,0.214,0.304,TRUE,"Between",2,1.00057382824404,1.00057382824404
"Intercepts","PSI_X",-1.569,0.074,0,-1.717,-1.424,TRUE,"Between",2,1.00057382824404,1.00057382824404
"Intercepts","PSI_Y",-1.335,0.086,0,-1.501,-1.165,TRUE,"Between",2,1.00057382824404,1.00057382824404
