"paramHeader","param","est","posterior_sd","pval","lower_2.5ci","upper_2.5ci","sig","BetweenWithin","mplus_time","rhatMean","rhatLast"
"Intercepts","X",3.053,0.112,0,2.83,3.275,TRUE,"Between",2,1.00018351793441,1.00018351793441
"Intercepts","Y",0.998,0.068,0,0.869,1.133,TRUE,"Between",2,1.00018351793441,1.00018351793441
"Intercepts","PHI_X",0.24,0.017,0,0.206,0.273,TRUE,"Between",2,1.00018351793441,1.00018351793441
"Intercepts","PHI_Y",0.24,0.02,0,0.2,0.278,TRUE,"Between",2,1.00018351793441,1.00018351793441
"Intercepts","PHI_XY",0.08,0.019,0,0.043,0.118,TRUE,"Between",2,1.00018351793441,1.00018351793441
"Intercepts","BETA_YX",0.299,0.02,0,0.258,0.338,TRUE,"Between",2,1.00018351793441,1.00018351793441
"Intercepts","PSI_X",-1.578,0.089,0,-1.76,-1.403,TRUE,"Between",2,1.00018351793441,1.00018351793441
"Intercepts","PSI_Y",-1.382,0.082,0,-1.546,-1.222,TRUE,"Between",2,1.00018351793441,1.00018351793441
