"paramHeader","param","est","posterior_sd","pval","lower_2.5ci","upper_2.5ci","sig","BetweenWithin","mplus_time","rhatMean","rhatLast"
"Intercepts","X",3.054,0.117,0,2.821,3.288,TRUE,"Between",2,1.0001722751583,1.0001722751583
"Intercepts","Y",0.816,0.069,0,0.685,0.954,TRUE,"Between",2,1.0001722751583,1.0001722751583
"Intercepts","PHI_X",0.216,0.018,0,0.179,0.251,TRUE,"Between",2,1.0001722751583,1.0001722751583
"Intercepts","PHI_Y",0.222,0.02,0,0.182,0.26,TRUE,"Between",2,1.0001722751583,1.0001722751583
"Intercepts","PHI_XY",0.053,0.021,0.007,0.012,0.096,TRUE,"Between",2,1.0001722751583,1.0001722751583
"Intercepts","BETA_YX",0.312,0.023,0,0.267,0.356,TRUE,"Between",2,1.0001722751583,1.0001722751583
"Intercepts","PSI_X",-1.757,0.074,0,-1.907,-1.613,TRUE,"Between",2,1.0001722751583,1.0001722751583
"Intercepts","PSI_Y",-1.527,0.078,0,-1.678,-1.372,TRUE,"Between",2,1.0001722751583,1.0001722751583
