"paramHeader","param","est","posterior_sd","pval","lower_2.5ci","upper_2.5ci","sig","BetweenWithin","mplus_time","rhatMean","rhatLast"
"Intercepts","X",3.087,0.115,0,2.86,3.317,TRUE,"Between",2,1.0001148137068,1.0001148137068
"Intercepts","Y",1.073,0.058,0,0.961,1.187,TRUE,"Between",2,1.0001148137068,1.0001148137068
"Intercepts","PHI_X",0.212,0.019,0,0.174,0.25,TRUE,"Between",2,1.0001148137068,1.0001148137068
"Intercepts","PHI_Y",0.274,0.021,0,0.232,0.313,TRUE,"Between",2,1.0001148137068,1.0001148137068
"Intercepts","PHI_XY",0.067,0.023,0.002,0.022,0.114,TRUE,"Between",2,1.0001148137068,1.0001148137068
"Intercepts","BETA_YX",0.316,0.023,0,0.272,0.36,TRUE,"Between",2,1.0001148137068,1.0001148137068
"Intercepts","PSI_X",-1.551,0.076,0,-1.703,-1.401,TRUE,"Between",2,1.0001148137068,1.0001148137068
"Intercepts","PSI_Y",-1.226,0.076,0,-1.375,-1.08,TRUE,"Between",2,1.0001148137068,1.0001148137068
