"paramHeader","param","est","posterior_sd","pval","lower_2.5ci","upper_2.5ci","sig","BetweenWithin","mplus_time","rhatMean","rhatLast"
"Intercepts","X",3.012,0.1,0,2.815,3.208,TRUE,"Between",2,1.00009572676528,1.00009572676528
"Intercepts","Y",0.992,0.069,0,0.857,1.128,TRUE,"Between",2,1.00009572676528,1.00009572676528
"Intercepts","PHI_X",0.219,0.02,0,0.18,0.258,TRUE,"Between",2,1.00009572676528,1.00009572676528
"Intercepts","PHI_Y",0.24,0.02,0,0.2,0.277,TRUE,"Between",2,1.00009572676528,1.00009572676528
"Intercepts","PHI_XY",0.037,0.019,0.027,-0.001,0.076,FALSE,"Between",2,1.00009572676528,1.00009572676528
"Intercepts","BETA_YX",0.308,0.025,0,0.257,0.357,TRUE,"Between",2,1.00009572676528,1.00009572676528
"Intercepts","PSI_X",-1.522,0.082,0,-1.69,-1.363,TRUE,"Between",2,1.00009572676528,1.00009572676528
"Intercepts","PSI_Y",-1.498,0.087,0,-1.667,-1.329,TRUE,"Between",2,1.00009572676528,1.00009572676528
