"paramHeader","param","est","posterior_sd","pval","lower_2.5ci","upper_2.5ci","sig","BetweenWithin","mplus_time","rhatMean","rhatLast"
"Intercepts","X",3.194,0.099,0,2.999,3.392,TRUE,"Between",2,1.00032196281537,1.00032196281537
"Intercepts","Y",1.026,0.056,0,0.917,1.137,TRUE,"Between",2,1.00032196281537,1.00032196281537
"Intercepts","PHI_X",0.194,0.017,0,0.16,0.227,TRUE,"Between",2,1.00032196281537,1.00032196281537
"Intercepts","PHI_Y",0.257,0.018,0,0.221,0.291,TRUE,"Between",2,1.00032196281537,1.00032196281537
"Intercepts","PHI_XY",0.049,0.021,0.01,0.009,0.091,TRUE,"Between",2,1.00032196281537,1.00032196281537
"Intercepts","BETA_YX",0.292,0.023,0,0.247,0.336,TRUE,"Between",2,1.00032196281537,1.00032196281537
"Intercepts","PSI_X",-1.523,0.085,0,-1.694,-1.356,TRUE,"Between",2,1.00032196281537,1.00032196281537
"Intercepts","PSI_Y",-1.351,0.081,0,-1.507,-1.192,TRUE,"Between",2,1.00032196281537,1.00032196281537
