"paramHeader","param","est","posterior_sd","pval","lower_2.5ci","upper_2.5ci","sig","BetweenWithin","mplus_time","rhatMean","rhatLast"
"Intercepts","X",3.287,0.103,0,3.085,3.49,TRUE,"Between",2,1.00013829306309,1.00013829306309
"Intercepts","Y",1.088,0.062,0,0.971,1.211,TRUE,"Between",2,1.00013829306309,1.00013829306309
"Intercepts","PHI_X",0.207,0.02,0,0.168,0.245,TRUE,"Between",2,1.00013829306309,1.00013829306309
"Intercepts","PHI_Y",0.269,0.021,0,0.226,0.309,TRUE,"Between",2,1.00013829306309,1.00013829306309
"Intercepts","PHI_XY",0.042,0.019,0.014,0.004,0.081,TRUE,"Between",2,1.00013829306309,1.00013829306309
"Intercepts","BETA_YX",0.321,0.023,0,0.276,0.365,TRUE,"Between",2,1.00013829306309,1.00013829306309
"Intercepts","PSI_X",-1.446,0.081,0,-1.61,-1.289,TRUE,"Between",2,1.00013829306309,1.00013829306309
"Intercepts","PSI_Y",-1.421,0.079,0,-1.574,-1.265,TRUE,"Between",2,1.00013829306309,1.00013829306309
