"paramHeader","param","est","posterior_sd","pval","lower_2.5ci","upper_2.5ci","sig","BetweenWithin","mplus_time","rhatMean","rhatLast"
"Intercepts","X",2.838,0.086,0,2.668,3.01,TRUE,"Between",2,1.00015601876281,1.00015601876281
"Intercepts","Y",0.933,0.064,0,0.81,1.059,TRUE,"Between",2,1.00015601876281,1.00015601876281
"Intercepts","PHI_X",0.216,0.019,0,0.178,0.252,TRUE,"Between",2,1.00015601876281,1.00015601876281
"Intercepts","PHI_Y",0.273,0.024,0,0.225,0.32,TRUE,"Between",2,1.00015601876281,1.00015601876281
"Intercepts","PHI_XY",0.056,0.019,0.002,0.02,0.093,TRUE,"Between",2,1.00015601876281,1.00015601876281
"Intercepts","BETA_YX",0.335,0.023,0,0.291,0.379,TRUE,"Between",2,1.00015601876281,1.00015601876281
"Intercepts","PSI_X",-1.579,0.073,0,-1.727,-1.437,TRUE,"Between",2,1.00015601876281,1.00015601876281
"Intercepts","PSI_Y",-1.444,0.078,0,-1.595,-1.292,TRUE,"Between",2,1.00015601876281,1.00015601876281
