"paramHeader","param","est","posterior_sd","pval","lower_2.5ci","upper_2.5ci","sig","BetweenWithin","mplus_time","rhatMean","rhatLast"
"Intercepts","X",3.121,0.104,0,2.915,3.327,TRUE,"Between",2,1.0001405170365,1.0001405170365
"Intercepts","Y",1.068,0.067,0,0.941,1.203,TRUE,"Between",2,1.0001405170365,1.0001405170365
"Intercepts","PHI_X",0.204,0.019,0,0.167,0.24,TRUE,"Between",2,1.0001405170365,1.0001405170365
"Intercepts","PHI_Y",0.264,0.019,0,0.225,0.3,TRUE,"Between",2,1.0001405170365,1.0001405170365
"Intercepts","PHI_XY",0.101,0.02,0,0.062,0.141,TRUE,"Between",2,1.0001405170365,1.0001405170365
"Intercepts","BETA_YX",0.313,0.018,0,0.277,0.349,TRUE,"Between",2,1.0001405170365,1.0001405170365
"Intercepts","PSI_X",-1.527,0.075,0,-1.679,-1.382,TRUE,"Between",2,1.0001405170365,1.0001405170365
"Intercepts","PSI_Y",-1.373,0.092,0,-1.55,-1.193,TRUE,"Between",2,1.0001405170365,1.0001405170365
