"paramHeader","param","est","posterior_sd","pval","lower_2.5ci","upper_2.5ci","sig","BetweenWithin","mplus_time","rhatMean","rhatLast"
"Intercepts","X",3.093,0.101,0,2.894,3.296,TRUE,"Between",2,1.00036203784073,1.00036203784073
"Intercepts","Y",1.095,0.061,0,0.978,1.214,TRUE,"Between",2,1.00036203784073,1.00036203784073
"Intercepts","PHI_X",0.163,0.019,0,0.126,0.199,TRUE,"Between",2,1.00036203784073,1.00036203784073
"Intercepts","PHI_Y",0.22,0.018,0,0.183,0.255,TRUE,"Between",2,1.00036203784073,1.00036203784073
"Intercepts","PHI_XY",0.05,0.023,0.016,0.004,0.097,TRUE,"Between",2,1.00036203784073,1.00036203784073
"Intercepts","BETA_YX",0.289,0.022,0,0.244,0.333,TRUE,"Between",2,1.00036203784073,1.00036203784073
"Intercepts","PSI_X",-1.705,0.08,0,-1.867,-1.55,TRUE,"Between",2,1.00036203784073,1.00036203784073
"Intercepts","PSI_Y",-1.314,0.081,0,-1.471,-1.154,TRUE,"Between",2,1.00036203784073,1.00036203784073
