"paramHeader","param","est","posterior_sd","pval","lower_2.5ci","upper_2.5ci","sig","BetweenWithin","mplus_time","rhatMean","rhatLast"
"Intercepts","X",3.019,0.114,0,2.791,3.243,TRUE,"Between",2,1.00013785468321,1.00013785468321
"Intercepts","Y",0.983,0.067,0,0.853,1.113,TRUE,"Between",2,1.00013785468321,1.00013785468321
"Intercepts","PHI_X",0.187,0.019,0,0.149,0.225,TRUE,"Between",2,1.00013785468321,1.00013785468321
"Intercepts","PHI_Y",0.233,0.021,0,0.19,0.274,TRUE,"Between",2,1.00013785468321,1.00013785468321
"Intercepts","PHI_XY",0.112,0.02,0,0.072,0.153,TRUE,"Between",2,1.00013785468321,1.00013785468321
"Intercepts","BETA_YX",0.297,0.02,0,0.256,0.337,TRUE,"Between",2,1.00013785468321,1.00013785468321
"Intercepts","PSI_X",-1.744,0.079,0,-1.903,-1.586,TRUE,"Between",2,1.00013785468321,1.00013785468321
"Intercepts","PSI_Y",-1.43,0.085,0,-1.595,-1.266,TRUE,"Between",2,1.00013785468321,1.00013785468321
