"paramHeader","param","est","posterior_sd","pval","lower_2.5ci","upper_2.5ci","sig","BetweenWithin","mplus_time","rhatMean","rhatLast"
"Intercepts","X",3.097,0.109,0,2.879,3.314,TRUE,"Between",2,1.00015603366033,1.00015603366033
"Intercepts","Y",1.098,0.067,0,0.969,1.23,TRUE,"Between",2,1.00015603366033,1.00015603366033
"Intercepts","PHI_X",0.201,0.021,0,0.16,0.242,TRUE,"Between",2,1.00015603366033,1.00015603366033
"Intercepts","PHI_Y",0.245,0.02,0,0.204,0.284,TRUE,"Between",2,1.00015603366033,1.00015603366033
"Intercepts","PHI_XY",0.064,0.019,0.001,0.024,0.102,TRUE,"Between",2,1.00015603366033,1.00015603366033
"Intercepts","BETA_YX",0.288,0.02,0,0.249,0.325,TRUE,"Between",2,1.00015603366033,1.00015603366033
"Intercepts","PSI_X",-1.627,0.076,0,-1.781,-1.478,TRUE,"Between",2,1.00015603366033,1.00015603366033
"Intercepts","PSI_Y",-1.395,0.082,0,-1.554,-1.234,TRUE,"Between",2,1.00015603366033,1.00015603366033
