"paramHeader","param","est","posterior_sd","pval","lower_2.5ci","upper_2.5ci","sig","BetweenWithin","mplus_time","rhatMean","rhatLast"
"Intercepts","X",3.047,0.108,0,2.833,3.261,TRUE,"Between",2,1.0002335571124,1.0002335571124
"Intercepts","Y",1.039,0.062,0,0.92,1.161,TRUE,"Between",2,1.0002335571124,1.0002335571124
"Intercepts","PHI_X",0.205,0.017,0,0.172,0.238,TRUE,"Between",2,1.0002335571124,1.0002335571124
"Intercepts","PHI_Y",0.239,0.02,0,0.2,0.275,TRUE,"Between",2,1.0002335571124,1.0002335571124
"Intercepts","PHI_XY",0.065,0.018,0.001,0.029,0.1,TRUE,"Between",2,1.0002335571124,1.0002335571124
"Intercepts","BETA_YX",0.291,0.02,0,0.252,0.33,TRUE,"Between",2,1.0002335571124,1.0002335571124
"Intercepts","PSI_X",-1.594,0.07,0,-1.735,-1.458,TRUE,"Between",2,1.0002335571124,1.0002335571124
"Intercepts","PSI_Y",-1.338,0.076,0,-1.485,-1.188,TRUE,"Between",2,1.0002335571124,1.0002335571124
