"paramHeader","param","est","posterior_sd","pval","lower_2.5ci","upper_2.5ci","sig","BetweenWithin","mplus_time","rhatMean","rhatLast"
"Intercepts","X",2.858,0.102,0,2.656,3.06,TRUE,"Between",2,1.00013870118371,1.00013870118371
"Intercepts","Y",0.936,0.067,0,0.806,1.069,TRUE,"Between",2,1.00013870118371,1.00013870118371
"Intercepts","PHI_X",0.2,0.021,0,0.159,0.241,TRUE,"Between",2,1.00013870118371,1.00013870118371
"Intercepts","PHI_Y",0.238,0.018,0,0.202,0.274,TRUE,"Between",2,1.00013870118371,1.00013870118371
"Intercepts","PHI_XY",0.036,0.02,0.03,-0.002,0.077,FALSE,"Between",2,1.00013870118371,1.00013870118371
"Intercepts","BETA_YX",0.246,0.022,0,0.203,0.288,TRUE,"Between",2,1.00013870118371,1.00013870118371
"Intercepts","PSI_X",-1.626,0.079,0,-1.785,-1.472,TRUE,"Between",2,1.00013870118371,1.00013870118371
"Intercepts","PSI_Y",-1.312,0.084,0,-1.475,-1.148,TRUE,"Between",2,1.00013870118371,1.00013870118371
