"paramHeader","param","est","posterior_sd","pval","lower_2.5ci","upper_2.5ci","sig","BetweenWithin","mplus_time","rhatMean","rhatLast"
"Intercepts","X",3.068,0.107,0,2.857,3.282,TRUE,"Between",2,1.0001371772508,1.0001371772508
"Intercepts","Y",1.047,0.059,0,0.935,1.164,TRUE,"Between",2,1.0001371772508,1.0001371772508
"Intercepts","PHI_X",0.199,0.019,0,0.162,0.236,TRUE,"Between",2,1.0001371772508,1.0001371772508
"Intercepts","PHI_Y",0.287,0.02,0,0.247,0.324,TRUE,"Between",2,1.0001371772508,1.0001371772508
"Intercepts","PHI_XY",0.06,0.02,0.001,0.022,0.1,TRUE,"Between",2,1.0001371772508,1.0001371772508
"Intercepts","BETA_YX",0.318,0.022,0,0.274,0.361,TRUE,"Between",2,1.0001371772508,1.0001371772508
"Intercepts","PSI_X",-1.568,0.086,0,-1.74,-1.4,TRUE,"Between",2,1.0001371772508,1.0001371772508
"Intercepts","PSI_Y",-1.297,0.089,0,-1.468,-1.122,TRUE,"Between",2,1.0001371772508,1.0001371772508
