"paramHeader","param","est","posterior_sd","pval","lower_2.5ci","upper_2.5ci","sig","BetweenWithin","mplus_time","rhatMean","rhatLast"
"Intercepts","X",2.789,0.111,0,2.569,3.009,TRUE,"Between",2,1.00011594937468,1.00011594937468
"Intercepts","Y",1.012,0.07,0,0.878,1.149,TRUE,"Between",2,1.00011594937468,1.00011594937468
"Intercepts","PHI_X",0.214,0.018,0,0.178,0.249,TRUE,"Between",2,1.00011594937468,1.00011594937468
"Intercepts","PHI_Y",0.242,0.02,0,0.203,0.28,TRUE,"Between",2,1.00011594937468,1.00011594937468
"Intercepts","PHI_XY",0.052,0.02,0.005,0.014,0.094,TRUE,"Between",2,1.00011594937468,1.00011594937468
"Intercepts","BETA_YX",0.3,0.022,0,0.257,0.342,TRUE,"Between",2,1.00011594937468,1.00011594937468
"Intercepts","PSI_X",-1.613,0.088,0,-1.792,-1.442,TRUE,"Between",2,1.00011594937468,1.00011594937468
"Intercepts","PSI_Y",-1.393,0.075,0,-1.538,-1.245,TRUE,"Between",2,1.00011594937468,1.00011594937468
