"paramHeader","param","est","posterior_sd","pval","lower_2.5ci","upper_2.5ci","sig","BetweenWithin","mplus_time","rhatMean","rhatLast"
"Intercepts","X",2.677,0.114,0,2.452,2.903,TRUE,"Between",2,1.00017750513605,1.00017750513605
"Intercepts","Y",0.814,0.058,0,0.704,0.931,TRUE,"Between",2,1.00017750513605,1.00017750513605
"Intercepts","PHI_X",0.183,0.018,0,0.148,0.218,TRUE,"Between",2,1.00017750513605,1.00017750513605
"Intercepts","PHI_Y",0.244,0.022,0,0.198,0.286,TRUE,"Between",2,1.00017750513605,1.00017750513605
"Intercepts","PHI_XY",0.034,0.02,0.043,-0.005,0.074,FALSE,"Between",2,1.00017750513605,1.00017750513605
"Intercepts","BETA_YX",0.283,0.023,0,0.238,0.328,TRUE,"Between",2,1.00017750513605,1.00017750513605
"Intercepts","PSI_X",-1.717,0.081,0,-1.88,-1.559,TRUE,"Between",2,1.00017750513605,1.00017750513605
"Intercepts","PSI_Y",-1.581,0.078,0,-1.735,-1.428,TRUE,"Between",2,1.00017750513605,1.00017750513605
