"paramHeader","param","est","posterior_sd","pval","lower_2.5ci","upper_2.5ci","sig","BetweenWithin","mplus_time","rhatMean","rhatLast"
"Intercepts","X",3.045,0.111,0,2.825,3.266,TRUE,"Between",2,1.00017783086079,1.00017783086079
"Intercepts","Y",0.97,0.065,0,0.841,1.097,TRUE,"Between",2,1.00017783086079,1.00017783086079
"Intercepts","PHI_X",0.209,0.019,0,0.172,0.246,TRUE,"Between",2,1.00017783086079,1.00017783086079
"Intercepts","PHI_Y",0.247,0.019,0,0.208,0.283,TRUE,"Between",2,1.00017783086079,1.00017783086079
"Intercepts","PHI_XY",0.072,0.02,0,0.034,0.113,TRUE,"Between",2,1.00017783086079,1.00017783086079
"Intercepts","BETA_YX",0.268,0.02,0,0.228,0.308,TRUE,"Between",2,1.00017783086079,1.00017783086079
"Intercepts","PSI_X",-1.523,0.081,0,-1.685,-1.365,TRUE,"Between",2,1.00017783086079,1.00017783086079
"Intercepts","PSI_Y",-1.354,0.081,0,-1.512,-1.195,TRUE,"Between",2,1.00017783086079,1.00017783086079
