"paramHeader","param","est","posterior_sd","pval","lower_2.5ci","upper_2.5ci","sig","BetweenWithin","mplus_time","rhatMean","rhatLast"
"Intercepts","X",2.898,0.11,0,2.678,3.117,TRUE,"Between",2,1.00020454644414,1.00020454644414
"Intercepts","Y",0.945,0.047,0,0.854,1.037,TRUE,"Between",2,1.00020454644414,1.00020454644414
"Intercepts","PHI_X",0.195,0.017,0,0.161,0.229,TRUE,"Between",2,1.00020454644414,1.00020454644414
"Intercepts","PHI_Y",0.248,0.021,0,0.206,0.289,TRUE,"Between",2,1.00020454644414,1.00020454644414
"Intercepts","PHI_XY",0.046,0.021,0.014,0.006,0.088,TRUE,"Between",2,1.00020454644414,1.00020454644414
"Intercepts","BETA_YX",0.286,0.023,0,0.239,0.33,TRUE,"Between",2,1.00020454644414,1.00020454644414
"Intercepts","PSI_X",-1.627,0.082,0,-1.791,-1.467,TRUE,"Between",2,1.00020454644414,1.00020454644414
"Intercepts","PSI_Y",-1.64,0.085,0,-1.806,-1.474,TRUE,"Between",2,1.00020454644414,1.00020454644414
