"paramHeader","param","est","posterior_sd","pval","lower_2.5ci","upper_2.5ci","sig","BetweenWithin","mplus_time","rhatMean","rhatLast"
"Intercepts","X",2.89,0.1,0,2.691,3.09,TRUE,"Between",2,1.00015823937529,1.00015823937529
"Intercepts","Y",0.783,0.058,0,0.675,0.897,TRUE,"Between",2,1.00015823937529,1.00015823937529
"Intercepts","PHI_X",0.198,0.019,0,0.161,0.235,TRUE,"Between",2,1.00015823937529,1.00015823937529
"Intercepts","PHI_Y",0.248,0.019,0,0.21,0.284,TRUE,"Between",2,1.00015823937529,1.00015823937529
"Intercepts","PHI_XY",0.053,0.022,0.009,0.01,0.094,TRUE,"Between",2,1.00015823937529,1.00015823937529
"Intercepts","BETA_YX",0.302,0.02,0,0.262,0.341,TRUE,"Between",2,1.00015823937529,1.00015823937529
"Intercepts","PSI_X",-1.847,0.084,0,-2.014,-1.681,TRUE,"Between",2,1.00015823937529,1.00015823937529
"Intercepts","PSI_Y",-1.483,0.079,0,-1.638,-1.327,TRUE,"Between",2,1.00015823937529,1.00015823937529
