"paramHeader","param","est","posterior_sd","pval","lower_2.5ci","upper_2.5ci","sig","BetweenWithin","mplus_time","rhatMean","rhatLast"
"Intercepts","X",3.028,0.108,0,2.813,3.241,TRUE,"Between",2,1.00020696895292,1.00020696895292
"Intercepts","Y",1.135,0.062,0,1.018,1.258,TRUE,"Between",2,1.00020696895292,1.00020696895292
"Intercepts","PHI_X",0.201,0.018,0,0.165,0.237,TRUE,"Between",2,1.00020696895292,1.00020696895292
"Intercepts","PHI_Y",0.266,0.019,0,0.226,0.303,TRUE,"Between",2,1.00020696895292,1.00020696895292
"Intercepts","PHI_XY",0.068,0.02,0.001,0.027,0.108,TRUE,"Between",2,1.00020696895292,1.00020696895292
"Intercepts","BETA_YX",0.33,0.021,0,0.287,0.37,TRUE,"Between",2,1.00020696895292,1.00020696895292
"Intercepts","PSI_X",-1.618,0.088,0,-1.796,-1.444,TRUE,"Between",2,1.00020696895292,1.00020696895292
"Intercepts","PSI_Y",-1.343,0.091,0,-1.521,-1.165,TRUE,"Between",2,1.00020696895292,1.00020696895292
