"paramHeader","param","est","posterior_sd","pval","lower_2.5ci","upper_2.5ci","sig","BetweenWithin","mplus_time","rhatMean","rhatLast"
"Intercepts","X",2.906,0.098,0,2.713,3.103,TRUE,"Between",2,1.00021108480242,1.00021108480242
"Intercepts","Y",0.953,0.06,0,0.834,1.07,TRUE,"Between",2,1.00021108480242,1.00021108480242
"Intercepts","PHI_X",0.198,0.018,0,0.163,0.232,TRUE,"Between",2,1.00021108480242,1.00021108480242
"Intercepts","PHI_Y",0.227,0.019,0,0.189,0.263,TRUE,"Between",2,1.00021108480242,1.00021108480242
"Intercepts","PHI_XY",0.049,0.018,0.005,0.013,0.085,TRUE,"Between",2,1.00021108480242,1.00021108480242
"Intercepts","BETA_YX",0.324,0.021,0,0.283,0.364,TRUE,"Between",2,1.00021108480242,1.00021108480242
"Intercepts","PSI_X",-1.6,0.083,0,-1.767,-1.438,TRUE,"Between",2,1.00021108480242,1.00021108480242
"Intercepts","PSI_Y",-1.455,0.081,0,-1.613,-1.297,TRUE,"Between",2,1.00021108480242,1.00021108480242
