"paramHeader","param","est","posterior_sd","pval","lower_2.5ci","upper_2.5ci","sig","BetweenWithin","mplus_time","rhatMean","rhatLast"
"Intercepts","X",2.78,0.095,0,2.59,2.971,TRUE,"Between",2,1.00019654880298,1.00019654880298
"Intercepts","Y",0.925,0.059,0,0.811,1.044,TRUE,"Between",2,1.00019654880298,1.00019654880298
"Intercepts","PHI_X",0.175,0.017,0,0.142,0.209,TRUE,"Between",2,1.00019654880298,1.00019654880298
"Intercepts","PHI_Y",0.268,0.018,0,0.232,0.302,TRUE,"Between",2,1.00019654880298,1.00019654880298
"Intercepts","PHI_XY",0.038,0.021,0.039,-0.004,0.08,FALSE,"Between",2,1.00019654880298,1.00019654880298
"Intercepts","BETA_YX",0.287,0.021,0,0.245,0.329,TRUE,"Between",2,1.00019654880298,1.00019654880298
"Intercepts","PSI_X",-1.647,0.077,0,-1.802,-1.498,TRUE,"Between",2,1.00019654880298,1.00019654880298
"Intercepts","PSI_Y",-1.434,0.078,0,-1.588,-1.281,TRUE,"Between",2,1.00019654880298,1.00019654880298
