"paramHeader","param","est","posterior_sd","pval","lower_2.5ci","upper_2.5ci","sig","BetweenWithin","mplus_time","rhatMean","rhatLast"
"Intercepts","X",2.934,0.113,0,2.711,3.157,TRUE,"Between",2,1.00012881491855,1.00012881491855
"Intercepts","Y",0.972,0.064,0,0.849,1.097,TRUE,"Between",2,1.00012881491855,1.00012881491855
"Intercepts","PHI_X",0.194,0.023,0,0.149,0.238,TRUE,"Between",2,1.00012881491855,1.00012881491855
"Intercepts","PHI_Y",0.247,0.021,0,0.204,0.288,TRUE,"Between",2,1.00012881491855,1.00012881491855
"Intercepts","PHI_XY",0.076,0.021,0,0.036,0.117,TRUE,"Between",2,1.00012881491855,1.00012881491855
"Intercepts","BETA_YX",0.276,0.023,0,0.232,0.32,TRUE,"Between",2,1.00012881491855,1.00012881491855
"Intercepts","PSI_X",-1.618,0.072,0,-1.765,-1.478,TRUE,"Between",2,1.00012881491855,1.00012881491855
"Intercepts","PSI_Y",-1.324,0.079,0,-1.48,-1.17,TRUE,"Between",2,1.00012881491855,1.00012881491855
